,File_ID_or,File_ID,Site_ID,Set,Replicate,Label,Nt_Locs_Gr,Mass_Center_X,Mass_Center_Y,GFP_Center_X,GFP_Center_Y,Tau_Center_X,Tau_Center_Y,R_Raw,R_2nd,R_w,R_Tau,Sigma_Tau,Inner_Radius_Tau,z1_Tau,z2_Tau,N_Locs,Compact,Expanded,Pred
0,4,4,1,Sec18_AA,0,Sec18_AA_Rep0,63.0,18987.77692308,49591.816,18970.12,49571.56,-18.58845446,-12.5665428,63.59164667294026,63.59164667294026,63.93543958841244,49.50731283126524,17.959175001186026,21.96349844757861,0.5010330344519787,0.1883873544782908,65,0.0133434495969483,0.9866565504030516,Expanded
1,4,4,49,Sec18_AA,0,Sec18_AA_Rep0,86.0,26759.59512821,41125.8225641,26794.79,41150.21,10.6621706,0.58031763,68.46035755712474,63.60041794798542,59.50088994665541,45.8681666400799,15.288771337321844,21.916212026412392,0.2474601810531586,0.1693225043095775,78,0.0053204888756146,0.9946795111243852,Expanded
2,4,4,50,Sec18_AA,0,Sec18_AA_Rep0,74.0,15634.80552632,56343.32394737,15654.55,56370.49,3.7652848,-3.48762929,76.12598051789942,76.12598051789942,65.57987415371417,51.12828557742255,17.309422776352754,22.759457216098884,0.1684625105238316,0.2915362242746305,76,0.0055781337733462,0.9944218662266536,Expanded
3,4,4,51,Sec18_AA,0,Sec18_AA_Rep0,76.0,20706.32592593,37180.67049383,20711.6,37171.2,-3.16179888,11.70775452,77.75095524054346,77.75095524054346,76.75125589088897,56.84505110785343,23.993020797581227,21.923975721904803,0.1945916966529482,0.307643787463174,81,0.0379635044032347,0.9620364955967652,Expanded
4,4,4,52,Sec18_AA,0,Sec18_AA_Rep0,48.0,24670.37708333,56320.92416667,24679.66,56331.78,-1.6453379,5.38786262,57.17094944373976,57.17094944373976,56.22209881319293,41.22313852080774,13.042417855083183,21.719027287672485,0.1355340983782728,0.302294928652889,48,0.0147671566251605,0.9852328433748392,Expanded
5,4,4,53,Sec18_AA,0,Sec18_AA_Rep0,120.0,26892.799375,41661.43723214,26870.73,41674.25,-12.53611341,3.33642279,74.66252782767633,73.41486618334658,62.487595278567575,53.410026935225446,18.764455835272223,25.19443799014097,0.2703219037202454,0.3252520868068482,112,0.0057312501435503,0.9942687498564494,Expanded
6,4,4,54,Sec18_AA,0,Sec18_AA_Rep0,43.0,21152.85113636,49629.36454545,21173.24,49655.52,-10.26735634,5.4125554,72.22200646850432,72.22200646850432,67.32098023058099,51.09891509466642,16.296148301073295,26.14391466608128,0.2448339969507285,0.2182343455570166,44,0.0046703103993047,0.9953296896006952,Expanded
7,4,4,55,Sec18_AA,0,Sec18_AA_Rep0,42.0,20686.7923913,49838.24304348,20680.54,49801.51,-13.85645419,-8.37253714,65.55031364321617,65.55031364321617,61.83017022545761,49.5415770159717,16.560756292777903,22.95234012124411,0.3266523885342968,0.3315382321489878,46,0.0057643273947605,0.9942356726052396,Expanded
8,4,4,56,Sec18_AA,0,Sec18_AA_Rep0,73.0,34504.19694444,50655.61833333,34486.34,50684.68,-4.45886265,12.33703789,74.45999178030343,74.45999178030343,65.90849575625789,53.817212954832335,18.40920775034229,24.69245698662052,0.303056031387273,0.2034895755625469,72,0.0051349085324454,0.9948650914675546,Expanded
9,4,4,57,Sec18_AA,0,Sec18_AA_Rep0,104.0,24620.60097087,49229.87932039,24601.54,49248.24,-16.64495883,3.28071936,69.9218834087154,69.9218834087154,64.77315791595757,52.19338744274131,16.552096725568767,26.856133391966747,0.3391042914423279,0.1402389985028403,103,0.0047091944102216,0.9952908055897782,Expanded
10,4,4,58,Sec18_AA,0,Sec18_AA_Rep0,38.0,33073.57871795,55858.09461538,33071.8,55857.33,1.47250985,-8.47732709,65.78612540222453,65.78612540222453,65.93347372007483,47.77134996898729,13.957089580444691,24.068333463804617,0.209539489851152,0.1452976691842709,39,0.0056376888670894,0.9943623111329106,Expanded
11,4,4,59,Sec18_AA,0,Sec18_AA_Rep0,41.0,32658.6395,56204.4765,32642.96,56229.59,2.95715894,21.60080825,76.28435298206077,72.68253546003965,70.01668333331769,56.30826589754187,16.12150872998224,28.165462656589632,0.4130073308344505,0.16134425551028,40,0.0051663562601703,0.9948336437398294,Expanded
12,4,4,61,Sec18_AA,0,Sec18_AA_Rep0,78.0,24131.47407895,41898.39026316,24135.86,41918.42,-0.90746523,2.89009281,78.05692185053492,78.05692185053492,71.43699256221684,55.83717337044177,24.56306218124616,15.565859582197284,0.1218773910752731,0.2087951592181601,76,0.0570124660434003,0.9429875339565998,Expanded
13,4,4,62,Sec18_AA,0,Sec18_AA_Rep0,55.0,20302.33803922,60725.98745098,20300.63,60732.64,-8.74855812,-6.68645973,62.80349381105944,60.57896812704258,57.81990808792665,43.36710964851351,17.613809276226796,18.55297833387913,0.2944296855353391,0.0552113034617266,50,0.0141020601948042,0.985897939805196,Expanded
14,4,4,48,Sec18_AA,0,Sec18_AA_Rep0,65.0,22002.47015625,62478.32703125,22026.48,62502.25,5.90103977,8.65918066,69.31379703836849,63.4190700966818,74.58745004481857,45.04408610868523,20.14600771599318,11.04121288119253,0.2159052434668205,0.0872534801838912,63,0.1231481872284026,0.8768518127715972,Expanded
15,4,4,63,Sec18_AA,0,Sec18_AA_Rep0,49.0,31368.89909091,61985.54977273,31351.49,61994.98,4.92965761,6.78941925,69.11846520872655,65.93468036009622,56.04799480541835,47.83774468467159,17.30671985231731,20.268789878409,0.1183009854748703,0.2502153043377044,44,0.009539668125116,0.9904603318748838,Expanded
16,4,4,66,Sec18_AA,0,Sec18_AA_Rep0,47.0,37267.10302326,46638.81465116,37284.73,46658.59,4.30846445,-3.58913552,73.6984765212991,65.35435190548918,56.12108049117525,43.43750242179236,15.640800118704693,23.233679910112475,0.1249661398676129,0.2941386266697273,43,0.0080615271139597,0.9919384728860402,Expanded
17,4,4,67,Sec18_AA,0,Sec18_AA_Rep0,64.0,14791.80609375,50680.62984375,14778.7,50679.54,-2.51413333,-5.26930156,59.76634731954006,59.76634731954006,56.0959468310323,40.64966480823174,15.063423736456226,15.797392709516512,0.0221503960649022,0.0146540957279482,64,0.0724415330970548,0.9275584669029452,Expanded
18,4,4,68,Sec18_AA,0,Sec18_AA_Rep0,50.0,40199.30970588,55266.50676471,40247.32,55253.73,13.31667445,-5.00297667,69.99404925338918,56.237320610360754,50.51797219954505,40.20914891283794,11.439068852672497,20.09297499864676,0.4184118238425687,0.1271155100400448,33,0.0797905733488311,0.9202094266511688,Expanded
19,4,4,69,Sec18_AA,0,Sec18_AA_Rep0,89.0,17985.70613636,38720.86590909,17979.25,38737.94,21.45298556,-2.29523594,79.43769898156322,79.43769898156322,73.93834627695041,59.22394256862597,23.31796834637533,22.15410486693516,0.3414243867637406,0.0915522066584642,88,0.0282919468177042,0.9717080531822956,Expanded
20,4,4,70,Sec18_AA,0,Sec18_AA_Rep0,66.0,18584.40357143,38621.52017857,18565.38,38626.99,1.52700351,6.73361685,68.9553264760836,66.18498619352853,62.42555963362889,46.73189476298274,12.933042119005153,24.400268742740945,0.1945992755741505,0.2763132378687,56,0.0063541356934454,0.9936458643065548,Expanded
21,4,4,71,Sec18_AA,0,Sec18_AA_Rep0,40.0,29237.07230769,54603.82384615,29230.39,54622.41,-11.30810145,7.89114229,69.57146095754734,65.41747395317411,57.16993850102652,48.71892906838521,16.543234481891652,24.99680782565611,0.2527201000854158,0.0308586942192146,39,0.0076282147303742,0.9923717852696252,Expanded
22,4,4,72,Sec18_AA,0,Sec18_AA_Rep0,35.0,24296.06028571,59632.434,24329.26,59674.7,-3.1966941,4.1163339,39.2813677928862,39.2813677928862,44.57932008692572,28.538064888339683,11.430523127231268,10.613810978194676,0.1921855713169399,0.2264848782502855,35,0.9864930595070917,0.0135069404929084,Compact
23,4,4,73,Sec18_AA,0,Sec18_AA_Rep0,88.0,30438.37907895,52534.66868421,30431.11,52521.11,-4.55241548,0.0076622,61.3988588754434,59.95970175522467,58.61331827101271,43.069627678585206,13.45613097411475,21.28945109531643,0.1299613590396493,0.1132773533145614,76,0.009636538722968,0.9903634612770322,Expanded
24,4,4,74,Sec18_AA,0,Sec18_AA_Rep0,58.0,37854.29862069,45249.61534483,37829.96,45247.02,3.13855484,-11.56932233,69.62380411654293,69.62380411654293,64.12979492446955,51.15565283535533,20.73390469493317,26.209130929017046,0.2700423512286555,0.0681395793033819,58,0.0125147056096878,0.9874852943903116,Expanded
25,4,4,75,Sec18_AA,0,Sec18_AA_Rep0,93.0,39160.60011628,40885.51569767,39188.95,40883.04,3.39776889,-12.3318137,79.46698966074088,79.46698966074088,79.02029065217395,58.18555220893773,19.157345087099635,29.81654829625511,0.1798753812677988,0.284648680112151,86,0.0062137147425038,0.9937862852574962,Expanded
26,4,4,76,Sec18_AA,0,Sec18_AA_Rep0,70.0,16587.78367647,57721.66617647,16577.88,57733.91,-10.86982068,-13.12735833,79.44762722463983,76.82317179674811,78.22384760944452,55.86870587286593,27.446383038537714,12.623963013181877,0.3079602488375356,0.1744166822165227,68,0.1041296618702377,0.8958703381297621,Expanded
27,4,4,77,Sec18_AA,0,Sec18_AA_Rep0,63.0,19972.33327869,48304.81934426,19993.01,48332.26,8.49192252,-16.51815075,74.30578717608792,74.30578717608792,64.1863760765848,56.231462388752576,17.656128641654107,27.741602190159814,0.3487494018673229,0.2406140110899199,61,0.0053502509257099,0.9946497490742904,Expanded
28,4,4,78,Sec18_AA,0,Sec18_AA_Rep0,48.0,29316.71326087,57447.26521739,29334.79,57493.03,-12.49425723,5.50144268,66.30806840625111,62.59870538997457,61.8122755765404,46.75101053920415,17.123960829068878,25.14126411080649,0.3403434920921947,0.3776319633101923,46,0.0061944925875745,0.9938055074124252,Expanded
29,4,4,64,Sec18_AA,0,Sec18_AA_Rep0,57.0,38077.47777778,48474.8537037,38071.48,48477.1,-5.47537591,2.49925004,74.46732970175408,71.95252946335933,65.00562929324254,50.35896777609244,17.978056361067466,22.033298434652306,0.1518368245365235,0.1844599799585544,54,0.0054735351253033,0.9945264648746972,Expanded
30,4,4,47,Sec18_AA,0,Sec18_AA_Rep0,33.0,32706.00651163,56143.54139535,32675.14,56155.9,-7.34346691,-0.4186706,65.94444701593584,62.25910756469035,55.6420673822664,43.15472593836172,16.608846154160254,15.375580057834618,0.1376951153126236,0.1934312550590497,43,0.0426632889849592,0.9573367110150406,Expanded
31,4,4,60,Sec18_AA,0,Sec18_AA_Rep0,92.0,16541.43046512,48215.60918605,16566.96,48243.96,-3.40641029,-12.05009485,68.5000145584365,66.40792349543176,63.33887643871872,48.38958129795011,17.883168915534426,23.245113880108235,0.2791810933309129,0.2843403282791771,86,0.005150550786919,0.9948494492130808,Expanded
32,4,4,44,Sec18_AA,0,Sec18_AA_Rep0,79.0,18446.05140625,39160.06640625,18466.06,39186.78,-8.57216823,-6.36523148,75.90224134617357,72.61827543952374,82.52733565333524,52.95767697043024,19.979493366307224,27.73617269767396,0.1930136491050838,0.2157767410138566,64,0.0068611471679052,0.9931388528320948,Expanded
33,4,4,2,Sec18_AA,0,Sec18_AA_Rep0,56.0,18024.86368421,49491.55210526,18027.94,49495.0,-8.65516522,-1.70970209,79.2658073316437,79.2658073316437,71.55838365860784,55.76273494519716,18.2413780261468,26.940397951545947,0.1798258957633088,0.191636035581858,57,0.0047606706425957,0.9952393293574048,Expanded
34,4,4,45,Sec18_AA,0,Sec18_AA_Rep0,55.0,35617.41290909,42484.40236364,35616.22,42474.22,-3.68514269,-4.5712438,78.23825166598523,75.47020949287997,73.20771308971568,51.04374015135058,17.685394773194336,24.696695754255384,0.131977497830951,0.2430803023260302,55,0.0049711982864521,0.9950288017135478,Expanded
35,4,4,7,Sec18_AA,0,Sec18_AA_Rep0,59.0,18863.61241379,37819.87517241,18864.5,37820.06,9.60788816,16.65009641,68.68598658064431,68.68598658064431,61.62187898050802,52.69307410188799,14.610907498704298,26.54235708463144,0.359359621960266,0.1749768568945553,58,0.0051556481118117,0.9948443518881884,Expanded
36,4,4,8,Sec18_AA,0,Sec18_AA_Rep0,36.0,22766.61114286,42071.22685714,22785.88,42068.44,-5.50571996,6.94771969,69.63712438158136,65.48431195087909,65.51884518020778,45.27751756330479,18.368990840074154,13.837452990830288,0.195233402161885,0.0743599351208451,35,0.0749259092425388,0.9250740907574614,Expanded
37,4,4,9,Sec18_AA,0,Sec18_AA_Rep0,44.0,27086.64111111,62833.07377778,27062.38,62813.94,9.86013646,-10.3055934,67.20083399401766,61.04241645143264,56.7991400630286,45.875244520008216,11.806368153927467,24.20164889886772,0.3192163713733948,0.2927985866501303,45,0.0209426663384262,0.9790573336615735,Expanded
38,4,4,11,Sec18_AA,0,Sec18_AA_Rep0,62.0,31864.79946429,55351.40125,31885.0,55323.12,-0.08079713,7.95349621,58.03629822074925,55.97742254136927,49.21882104793072,39.48959659809522,16.029649172588194,14.218320675285652,0.165093089594049,0.0659059449882496,56,0.1533104653904904,0.8466895346095096,Expanded
39,4,4,12,Sec18_AA,0,Sec18_AA_Rep0,65.0,40361.43229508,51841.49967213,40346.84,51841.53,1.76888442,3.78247388,63.77409793919813,61.34204503443179,61.11349041232775,44.01426698241573,15.47899015897812,21.60233497080364,0.1462542115572518,0.3080358437881516,61,0.0076578628313361,0.9923421371686636,Expanded
40,4,4,14,Sec18_AA,0,Sec18_AA_Rep0,51.0,39582.7225,51881.05208333,39569.5,51868.88,3.68592123,1.3658153,66.61821231158775,63.84087508727978,57.30567240658526,44.121654534341154,18.412618695148407,12.360992948194223,0.062016744958484,0.2025517577014229,48,0.0883185965976479,0.9116814034023524,Expanded
41,4,4,15,Sec18_AA,0,Sec18_AA_Rep0,47.0,40552.59088235,53201.995,40538.25,53118.88,0.97579728,-34.60555042,78.47339751635675,69.45850773665931,70.75947862127957,56.24843961143465,10.693544788011858,29.265100221726097,0.73326224554618,0.2119569123035064,33,0.2562954948223168,0.743704505177683,Expanded
42,4,4,17,Sec18_AA,0,Sec18_AA_Rep0,56.0,18132.03150943,42587.48792453,18102.5,42581.56,9.31705753,10.92675527,69.80119588312317,69.80119588312317,61.05635835665923,50.78186943929795,14.039495772704772,25.69030696261111,0.3356590787672379,0.0477725199539558,53,0.0067637760288344,0.9932362239711656,Expanded
43,4,4,20,Sec18_AA,0,Sec18_AA_Rep0,57.0,18933.75142857,62000.06,18929.0,62000.56,-16.89063194,10.89299668,71.76048767392811,71.76048767392811,66.22869650681032,55.057072457621445,19.82026533557271,26.54948919408041,0.3638388691812177,0.4236646770979128,70,0.0107081408717834,0.9892918591282164,Expanded
44,4,4,21,Sec18_AA,0,Sec18_AA_Rep0,39.0,18601.05540541,62657.65027027,18605.56,62661.5,7.94171924,-5.64197363,64.06138388354775,64.06138388354775,61.32611224669147,45.35015301047103,13.386735024445487,23.511798924327035,0.2867929486479016,0.0449138555434561,37,0.0086323872738395,0.9913676127261604,Expanded
45,4,4,22,Sec18_AA,0,Sec18_AA_Rep0,60.0,18256.21540984,61686.89983607,18254.0,61678.69,-5.91454807,-6.23219113,64.74346926008266,64.74346926008266,61.11046309602282,47.0367208847324,18.815770407355654,19.931814287370084,0.2091430105937816,0.2309589592519713,61,0.008863489222832,0.991136510777168,Expanded
46,4,4,23,Sec18_AA,0,Sec18_AA_Rep0,104.0,25420.36346535,47608.38386139,25407.12,47596.44,0.14284233,-3.68494831,79.9289119769132,79.9289119769132,66.301517931734,55.59182832176262,18.69087340639391,26.858881823991418,0.1196023919572936,0.0570170200179001,101,0.0054992445981782,0.994500755401822,Expanded
47,4,4,4,Sec18_AA,0,Sec18_AA_Rep0,46.0,36666.14815789,38042.86052632,36672.88,38012.31,-12.69982413,-22.24756856,72.614704643963,67.48598212857839,54.37789578866846,54.58838493888525,18.388411381068025,28.207434210399764,0.4809885494064462,0.2715866637117066,38,0.0082239867878092,0.9917760132121908,Expanded
48,4,4,26,Sec18_AA,0,Sec18_AA_Rep0,41.0,26939.18717949,54553.93179487,26963.25,54565.12,8.94474405,-29.56587302,78.50823111535937,78.50823111535937,88.01720807421748,64.02197872242164,26.63716731240283,19.31388662375616,0.5732906289270426,0.2719542754435839,39,0.1131495251474818,0.8868504748525183,Expanded
49,4,4,24,Sec18_AA,0,Sec18_AA_Rep0,53.0,27610.06163265,54434.23367347,27613.25,54422.93,-0.91989757,-10.68207602,65.44957179635763,65.44957179635763,63.262378974439066,47.96339085001284,12.31157180170631,24.725984045067424,0.2150960561457676,0.259062716629561,49,0.0076543080875834,0.9923456919124164,Expanded
50,4,4,43,Sec18_AA,0,Sec18_AA_Rep0,35.0,17180.05805556,60033.12972222,17184.23,60067.56,4.74148024,1.15004635,67.83913015193846,67.83913015193846,65.4885007718906,48.70152688480746,17.834705046555857,20.59025150910842,0.1168367058656336,0.3148834675753412,36,0.0087816190821471,0.9912183809178527,Expanded
51,4,4,41,Sec18_AA,0,Sec18_AA_Rep0,64.0,16948.045,58977.36482759,16936.97,58980.88,13.3694934,6.11205317,69.55455116334689,66.96478953030716,63.21106123035153,48.25589259501656,17.353730661745043,21.833964081474942,0.2723232423218633,0.0939044831282469,57,0.0058915738717477,0.994108426128252,Expanded
52,4,4,40,Sec18_AA,0,Sec18_AA_Rep0,43.0,15179.96195122,42521.11707317,15184.52,42542.79,-6.39994953,3.51098357,52.60228797343766,52.60228797343766,50.99430950258052,38.27559810932694,18.026518828953584,8.507857247731298,0.1237346632095264,0.1435010986858214,41,0.393163486059578,0.606836513940422,Expanded
53,4,4,39,Sec18_AA,0,Sec18_AA_Rep0,72.0,37201.91239437,53426.72,37173.77,53463.31,-16.9425787,12.0194647,61.86587764572682,61.86587764572682,53.34404677660997,48.018507379281886,14.84831341519722,23.72787804180907,0.4935446143714027,0.1726502876207079,71,0.0093531718416546,0.9906468281583451,Expanded
54,4,4,37,Sec18_AA,0,Sec18_AA_Rep0,59.0,27804.0325,37963.69357143,27797.88,37979.19,-3.29875246,6.52246374,65.34964822651621,59.8344565593273,56.85649099070245,43.35940110431712,16.86240335832349,20.230168686789906,0.1794539776367867,0.0743080262946008,56,0.0104431733160657,0.989556826683934,Expanded
55,4,4,42,Sec18_AA,0,Sec18_AA_Rep0,43.0,16032.02036364,59628.93036364,16072.01,59634.17,8.45636013,0.73558564,69.45090625856649,69.45090625856649,60.03244708285925,50.32875877612752,20.037988831563293,21.798241728917688,0.2075241062031458,0.1165828640810442,55,0.008471714596888,0.9915282854031122,Expanded
56,4,4,35,Sec18_AA,0,Sec18_AA_Rep0,62.0,27410.42416667,39359.55316667,27426.0,39377.62,-5.08719372,-3.5816341,58.39855509671844,58.39855509671844,52.51891363573501,42.17467453399076,14.386113056459548,22.183136513862703,0.1497363524502962,0.1909493680207403,60,0.0102185070793222,0.9897814929206774,Expanded
57,4,4,34,Sec18_AA,0,Sec18_AA_Rep0,34.0,26523.40972222,39764.72916667,26510.38,39765.12,7.03484145,19.31208647,71.82536558612586,66.50780277062589,52.767500297738366,46.58321373787689,21.91114923983044,13.485292476035692,0.5001550874681437,0.1423098102576779,34,0.1604663754469861,0.8395336245530136,Expanded
58,4,4,33,Sec18_AA,0,Sec18_AA_Rep0,78.0,27627.87561644,38220.48561644,27627.56,38215.12,13.77871886,-7.17847991,65.14222489683998,65.14222489683998,62.774206481592806,49.05547386905656,16.538939995362473,24.92680828655855,0.3496883050572045,0.4431169364534918,73,0.0083307811989843,0.9916692188010156,Expanded
59,4,4,32,Sec18_AA,0,Sec18_AA_Rep0,66.0,16381.03580645,44690.98354839,16383.0,44663.12,-8.4523982,-3.54534442,66.326999406521,66.326999406521,62.84809103787647,48.254931834130495,16.38259109894999,20.987846226547475,0.1984929670236372,0.0915644544245262,62,0.0081623780493562,0.9918376219506438,Expanded
60,4,4,30,Sec18_AA,0,Sec18_AA_Rep0,69.0,34195.15637681,49362.33913043,34148.25,49351.44,-15.27276099,7.251467,79.67143512316852,79.67143512316852,77.91878890655398,58.31531869546655,16.865024988288564,30.07050958190911,0.3442789965000575,0.0553541897492429,69,0.005949189465882,0.9940508105341178,Expanded
61,4,4,36,Sec18_AA,0,Sec18_AA_Rep0,52.0,27703.7452,39107.041,27716.62,39097.94,-5.41106949,-0.61557378,65.56605156330244,65.56605156330244,56.953540224907535,47.14847359184117,16.04094480308483,22.408022836838832,0.1032716531485999,0.3278029188662724,50,0.0058942726795349,0.994105727320465,Expanded
62,8,8,51,Sec18_AA,1,Sec18_AA_Rep1,56.0,37628.37425,57242.901,37637.94,57242.31,-6.30611079,-8.67035577,71.71118742244768,71.71118742244768,69.13243324228456,52.33224375029048,20.572581016618305,20.30778781764637,0.182996246816978,0.1985550876644515,40,0.0159724399640171,0.9840275600359836,Expanded
63,8,8,50,Sec18_AA,1,Sec18_AA_Rep1,124.0,35175.40776596,45772.68244681,35158.12,45765.12,-9.55688347,6.05674017,68.81530778614537,66.75678436679011,69.63963166474097,49.007411873937215,13.788729448994838,24.75028947797773,0.2576845268736717,0.307571594806866,94,0.0055139745544238,0.9944860254455756,Expanded
64,8,8,49,Sec18_AA,1,Sec18_AA_Rep1,156.0,26440.82923077,46462.894,26431.62,46468.38,-3.93821396,7.73925577,70.80487102389932,70.80487102389932,68.13650172212941,50.83591912248635,17.45651964476622,25.55654870634229,0.1689148300308869,0.2607755656909691,130,0.0049079687370318,0.995092031262968,Expanded
65,8,8,48,Sec18_AA,1,Sec18_AA_Rep1,117.0,26539.74030612,46750.22438776,26543.81,46762.6,5.27509887,2.62720136,73.3174789305843,71.6946017359859,65.78961831451394,51.54839450949554,17.13518201100091,26.595749259878893,0.1320494374185463,0.1011389477510188,98,0.0056764606095744,0.9943235393904252,Expanded
66,8,8,45,Sec18_AA,1,Sec18_AA_Rep1,90.0,26091.71956522,46721.22289855,26103.5,46734.0,4.85508287,8.10157313,67.59898902877974,67.59898902877974,68.90803744386494,49.20007911684209,18.657187069671544,23.24144918421006,0.2070608313925405,0.2248473997695219,69,0.0051880957702065,0.9948119042297934,Expanded
67,8,8,46,Sec18_AA,1,Sec18_AA_Rep1,113.0,25893.84290698,46367.40802326,25882.25,46364.32,-7.95917808,2.19653939,73.97374186650147,73.97374186650147,73.90351344449192,53.479607765695256,21.157700480835054,20.27441218821522,0.196329099814993,0.135244967661544,86,0.0182754027415686,0.9817245972584316,Expanded
68,8,8,44,Sec18_AA,1,Sec18_AA_Rep1,56.0,42633.31581395,39169.95139535,42603.5,39168.5,-7.69064847,-4.78412929,51.26783763704444,51.26783763704444,46.09711491328907,36.69233063852879,15.570263461382789,11.78019076622178,0.2655974816098754,0.1249489475267255,43,0.470446707229539,0.5295532927704609,Expanded
69,8,8,43,Sec18_AA,1,Sec18_AA_Rep1,70.0,42295.82846154,37675.51923077,42306.62,37699.75,-16.74292875,-0.10724757,55.24480946770935,48.91020396967314,40.17330751779483,37.85487597176003,14.942638614642275,15.520466884944552,0.5330874715530115,0.0983988624080359,51,0.6226370521591316,0.3773629478408685,Compact
70,8,8,42,Sec18_AA,1,Sec18_AA_Rep1,56.0,39243.11282051,45587.36820513,39207.75,45605.0,-0.29616172,0.43483753,59.75127160231222,59.75127160231222,53.443085988224816,42.68272231559072,16.071326307779305,16.056743077565592,0.0353596354324301,0.2501340489704003,39,0.0317184321928313,0.9682815678071688,Expanded
71,8,8,53,Sec18_AA,1,Sec18_AA_Rep1,87.0,35689.05486111,45763.90569444,35671.78,45757.04,-5.09130408,-3.64851331,66.02713662033001,62.60106213258717,57.61419902695354,44.10062137757036,13.6913927101306,21.775749016836706,0.176575620769237,0.1445303245363719,71,0.0070621700057743,0.9929378299942254,Expanded
72,8,8,47,Sec18_AA,1,Sec18_AA_Rep1,68.0,25594.57615385,46347.8,25609.44,46339.47,16.00662496,4.34568571,79.07199880865186,72.71183759359117,69.11467752785185,54.5211132061022,18.027685717568545,28.354218512548123,0.3118000534101051,0.0988441995581624,52,0.0056024743502795,0.9943975256497204,Expanded
73,8,8,54,Sec18_AA,1,Sec18_AA_Rep1,65.0,19002.12340426,56102.10042553,18992.94,56093.16,-3.60505398,-2.41641903,77.67695985980126,71.22943111116426,60.63707342104787,48.83656467783565,17.221306222269387,23.577222993828705,0.1206191533635978,0.2851926931985181,46,0.0051068820218679,0.9948931179781318,Expanded
74,8,8,63,Sec18_AA,1,Sec18_AA_Rep1,70.0,21730.50296296,48657.61907407,21742.62,48681.88,2.61736268,7.82182041,63.79406793890056,60.63669417111527,54.99124407693192,42.87449099135046,15.201836658946856,21.67434697556636,0.2647517425449586,0.1769636919939159,53,0.0084885362586686,0.9915114637413314,Expanded
75,8,8,56,Sec18_AA,1,Sec18_AA_Rep1,81.0,15159.67833333,48105.56439394,15167.88,48123.38,1.01542131,8.36798201,71.3684401491334,71.3684401491334,72.45339399605575,51.6696753519725,14.640854339824488,25.56866332334498,0.187150719401101,0.03959881465761,66,0.0067810382373966,0.993218961762603,Expanded
76,8,8,57,Sec18_AA,1,Sec18_AA_Rep1,167.0,23252.75857143,50502.34526316,23241.0,50457.88,1.18505013,-10.8367217,60.8390057950276,60.8390057950276,57.862476049588736,44.40196279124224,16.851231715992263,19.144916106028727,0.2782428698923553,0.2271539957877077,133,0.0099665456705226,0.9900334543294776,Expanded
77,8,8,58,Sec18_AA,1,Sec18_AA_Rep1,91.0,28141.11142857,41338.54558442,28123.88,41308.25,-7.48413166,-5.26398328,61.00922126953066,59.48546120587842,55.53458554193404,43.46365311398849,14.578981878548625,18.09814365473909,0.2029800828265441,0.1628788327979873,77,0.0140022174190814,0.9859977825809184,Expanded
78,8,8,59,Sec18_AA,1,Sec18_AA_Rep1,63.0,26007.28195652,57694.48978261,25980.5,57689.25,-10.11428736,-6.87219842,71.18496590948787,71.18496590948787,62.00853669060543,52.2961063761803,17.50729256130749,24.441044373641247,0.2567749356674006,0.2519466724752754,46,0.005047309280987,0.9949526907190124,Expanded
79,8,8,61,Sec18_AA,1,Sec18_AA_Rep1,64.0,26396.42106383,45078.22297872,26412.0,45097.0,13.41108792,-7.97153642,71.32756668050092,71.32756668050092,73.70109951082888,53.28346895850757,18.86344467228148,25.64310534149304,0.2716582573761428,0.1145023667302911,47,0.0053679422824219,0.994632057717578,Expanded
80,8,8,64,Sec18_AA,1,Sec18_AA_Rep1,82.0,21997.46108108,48220.83216216,21992.62,48228.75,17.80076922,-2.15017199,65.15434552229274,65.15434552229274,63.22708961428366,49.87336189618035,15.898581209447205,24.684312096952223,0.3848237851633455,0.1001518098617397,74,0.0057266281710429,0.9942733718289568,Expanded
81,8,8,65,Sec18_AA,1,Sec18_AA_Rep1,72.0,22286.28301587,48167.57301587,22292.94,48171.41,-7.241454,-15.50209102,62.75556240163577,62.75556240163577,59.21786898876505,47.97989288224936,13.275681663653383,23.883522368195827,0.3568492017012207,0.1115294503394141,63,0.0066198650900727,0.9933801349099272,Expanded
82,8,8,66,Sec18_AA,1,Sec18_AA_Rep1,75.0,22543.72919355,48089.76403226,22513.56,48097.03,-17.93025783,-2.63202713,66.593160329935,66.593160329935,58.228059768614095,50.90184411642751,14.770112877328168,25.53929545039563,0.3658242160219135,0.4691900109934264,62,0.0104482189406413,0.9895517810593588,Expanded
83,8,8,67,Sec18_AA,1,Sec18_AA_Rep1,56.0,42061.56269231,45269.82557692,42046.62,45268.88,2.00931567,-8.40039064,55.22328626155096,55.22328626155096,53.96512560128995,40.37979777268833,16.11244402576004,13.528486032355335,0.2200614805115223,0.1958113486821308,52,0.1560803629527928,0.8439196370472071,Expanded
84,8,8,68,Sec18_AA,1,Sec18_AA_Rep1,52.0,37518.97947368,57787.09552632,37494.25,57791.0,-9.85156511,2.52716437,67.03732286073979,67.03732286073979,61.21497971138693,48.95200090940625,16.09246855607669,22.837261435051705,0.2447374664558605,0.0847371297424684,38,0.0048753384148921,0.995124661585108,Expanded
85,8,8,69,Sec18_AA,1,Sec18_AA_Rep1,96.0,31437.96831325,53144.95433735,31447.12,53142.88,0.31785909,-5.32106021,75.01688913912051,73.30526672483388,77.41373101448988,51.53889453518868,17.96231930287414,21.58378081852064,0.1118319572583315,0.070493585240882,83,0.0067868711667147,0.9932131288332856,Expanded
86,8,8,41,Sec18_AA,1,Sec18_AA_Rep1,102.0,39483.13314607,46785.26359551,39442.12,46792.5,-1.16946591,8.1996309,57.40091725712128,57.40091725712128,59.40883978417256,41.82888144452957,13.391176261414032,21.96324464030243,0.2094057738991174,0.1870260109334834,89,0.0118290380130985,0.9881709619869016,Expanded
87,8,8,55,Sec18_AA,1,Sec18_AA_Rep1,55.0,15662.874,48789.14311111,15621.0,48795.25,-5.42622853,-19.55012773,72.81131663799273,72.81131663799273,80.34331747962571,55.82555132111553,17.84162145822864,28.018186660701684,0.4100633804124521,0.3726750082825826,45,0.0063557383100841,0.9936442616899162,Expanded
88,8,8,40,Sec18_AA,1,Sec18_AA_Rep1,133.0,18619.05111111,41684.24022222,18631.12,41707.41,-13.77806576,16.67287274,68.09165658210046,66.5460516005031,54.1595645277746,51.60580174615335,20.132246763460383,20.095938378702805,0.4653388829591899,0.1217866797512886,89,0.0194544961776708,0.9805455038223292,Expanded
89,8,8,60,Sec18_AA,1,Sec18_AA_Rep1,68.0,26077.69645161,45765.88725806,26099.5,45753.25,-2.92029376,5.95206665,63.86215487813591,61.384433078691046,57.25130510359872,43.33199565493359,17.502242748266653,24.18368905050742,0.1938660426893116,0.2302864323049897,62,0.0078329120238873,0.9921670879761132,Expanded
90,8,8,38,Sec18_AA,1,Sec18_AA_Rep1,67.0,15027.10982456,39398.85561404,14988.0,39395.25,-14.17034475,-1.55809304,63.329255217839695,63.329255217839695,51.69536240750783,47.42834639544782,16.921822150461004,22.31965422812109,0.3084765868600583,0.3092483844355811,57,0.0058399876874748,0.9941600123125254,Expanded
91,8,8,39,Sec18_AA,1,Sec18_AA_Rep1,120.0,16926.47021505,41058.55301075,16923.16,41052.56,9.27350006,1.43132696,57.96316737667327,57.96316737667327,51.32063593719533,41.90640882697068,16.740870899205518,15.04818461068344,0.2378914611306845,0.1162642918372344,93,0.056314088583184,0.943685911416816,Expanded
92,8,8,3,Sec18_AA,1,Sec18_AA_Rep1,85.0,19159.61288462,58891.87826923,19163.75,58900.38,5.86481889,5.47232683,73.84895282044491,67.90484370831217,60.87062638083816,47.023618911729365,15.34448855463988,20.76961501119852,0.123818799880504,0.2695286956407972,51,0.0076355523353287,0.992364447664671,Expanded
93,8,8,5,Sec18_AA,1,Sec18_AA_Rep1,65.0,25086.99396226,51966.2590566,25085.12,51958.62,-2.38666378,-6.24384135,64.02471181352745,64.02471181352745,60.96468201041411,46.21787296533211,14.21019551538803,23.77209502707698,0.1562779456125111,0.2684455779012576,53,0.0058135578601655,0.9941864421398344,Expanded
94,8,8,9,Sec18_AA,1,Sec18_AA_Rep1,60.0,31275.89291667,39744.03166667,31284.22,39759.62,-1.29830898,17.97579858,58.73281692546329,56.0189138897026,51.7228724825194,43.88503067225439,11.013062325296072,22.331438251284755,0.4154982333724525,0.1251404108796678,48,0.0490779139479636,0.950922086052036,Expanded
95,8,8,10,Sec18_AA,1,Sec18_AA_Rep1,49.0,20192.1647619,44691.46214286,20190.5,44694.34,5.44318073,0.07513937,68.52861672242435,68.52861672242435,65.91880211554266,49.25078306686488,17.18760118367633,21.96880563110269,0.1217365220768098,0.3304189686458734,42,0.0060158726268863,0.9939841273731136,Expanded
96,8,8,11,Sec18_AA,1,Sec18_AA_Rep1,43.0,19153.61942857,44326.226,19151.75,44327.0,12.0747661,0.96521679,63.1274934968908,63.1274934968908,55.56929801348794,46.68978393160904,16.905852636447484,20.657140378683685,0.2751773925749531,0.2109314489307555,35,0.0079797315926098,0.99202026840739,Expanded
97,8,8,12,Sec18_AA,1,Sec18_AA_Rep1,103.0,22769.18792683,58661.48268293,22773.28,58666.81,1.47642278,3.90834225,67.84889435041406,66.17145577195463,62.30040230481261,47.44961499140192,16.1760654896432,22.153769607874533,0.0858082291920711,0.3146219574775905,82,0.0057537552852872,0.9942462447147123,Expanded
98,8,8,14,Sec18_AA,1,Sec18_AA_Rep1,134.0,24398.07254545,50173.03163636,24392.47,50177.53,9.10574558,0.56593624,72.72053215972599,70.18001715185065,60.25058671423599,48.59089224059318,17.574421277946303,24.772010032370325,0.1716524165955864,0.0456536683559551,109,0.0053864104161371,0.994613589583863,Expanded
99,8,8,15,Sec18_AA,1,Sec18_AA_Rep1,126.0,27935.90382353,52699.29068627,27947.41,52712.06,0.36278068,3.63938896,56.73898447898371,53.98074861622439,52.97719983827484,37.62831998372203,16.550809812996857,11.842138742477344,0.1265246378313121,0.1367900225388904,102,0.3470451100678018,0.6529548899321982,Expanded
100,8,8,16,Sec18_AA,1,Sec18_AA_Rep1,104.0,26718.35730337,38405.52786517,26718.75,38395.81,-0.46491437,-12.56386487,68.18755363943885,68.18755363943885,65.03971741360517,50.301912412461306,16.43388340781865,24.65542326692287,0.2651943542344457,0.0720328919963615,89,0.004971661850476,0.995028338149524,Expanded
101,8,8,17,Sec18_AA,1,Sec18_AA_Rep1,37.0,19894.14032258,53967.05645161,19919.75,53996.62,-7.86166556,-3.40789487,67.49590608536663,56.34214032505192,54.53464038406461,30.961463086844507,13.194716374319407,12.302060207694277,0.4433592061121539,0.3474194279126291,28,0.5756268180709944,0.4243731819290056,Compact
102,8,8,18,Sec18_AA,1,Sec18_AA_Rep1,59.0,20500.41061224,42005.60510204,20517.5,41998.12,-17.70539315,1.57044992,55.72986341491279,55.72986341491279,55.32987740758399,40.4797231668048,15.620558906344986,20.623697155478265,0.4139473239469562,0.1784553874045155,49,0.0555191924850048,0.9444808075149952,Expanded
103,8,8,22,Sec18_AA,1,Sec18_AA_Rep1,98.0,15434.54266667,43256.18666667,15443.72,43264.31,-7.86885443,-3.62851158,67.49697759306198,63.43012936718422,61.51762604636018,46.12841351564942,17.484680223433454,20.7880255347992,0.2138707162207648,0.2786589885765018,75,0.0077661982551248,0.9922338017448752,Expanded
104,8,8,7,Sec18_AA,1,Sec18_AA_Rep1,85.0,31932.7361194,51428.16268657,31937.85,51434.38,-6.25875831,5.97187159,68.24315578548195,68.24315578548195,58.59167879098169,48.19915825792288,19.59330278056189,15.809683816844997,0.1357851109498459,0.4282552903420634,67,0.0468800453012018,0.9531199546987984,Expanded
105,8,8,24,Sec18_AA,1,Sec18_AA_Rep1,61.0,41142.48755556,57904.26577778,41151.62,57896.38,6.10426132,2.76436931,51.266312805902494,49.013098128883655,46.27522481727679,33.97306562201099,15.272738619430385,8.230469589695415,0.1180089703092201,0.2434711054904145,45,0.7688245652705661,0.2311754347294339,Compact
106,8,8,23,Sec18_AA,1,Sec18_AA_Rep1,54.0,39569.23020833,58316.81875,39557.88,58302.62,4.5556172,-14.58375399,53.42341774230776,53.42341774230776,45.31010423773721,41.10466381488343,13.37697547187326,21.242763096679656,0.384605353817952,0.0331058338525297,48,0.0623337239125146,0.9376662760874852,Expanded
107,8,8,36,Sec18_AA,1,Sec18_AA_Rep1,66.0,14577.30355932,38959.17661017,14566.12,38973.38,5.38885988,-16.10378116,73.42045998431163,73.42045998431163,68.42717085704194,54.37611909720969,16.37077017037355,25.821469850856563,0.3731834062774559,0.0884920927238071,59,0.0051196920203218,0.9948803079796782,Expanded
108,8,8,33,Sec18_AA,1,Sec18_AA_Rep1,47.0,25031.17052632,39759.04394737,25003.38,39773.0,-1.05369992,-0.3521714,55.2464429188882,52.38979673432815,49.21055894123787,34.11618499383605,18.66053223249619,3.953301648657991,0.1287114046739461,0.0264124790991704,38,0.5838358203838296,0.4161641796161703,Compact
109,8,8,32,Sec18_AA,1,Sec18_AA_Rep1,88.0,25543.99368421,41154.92631579,25534.62,41148.0,-11.04084539,-3.99625761,61.41274016677838,61.41274016677838,62.59481464376551,44.84351605102013,16.809218005415904,19.89100983438957,0.3339775096711393,0.3802521990309572,76,0.0115481421069005,0.9884518578930996,Expanded
110,8,8,30,Sec18_AA,1,Sec18_AA_Rep1,68.0,23386.24754717,50609.44433962,23381.25,50596.5,-6.70930911,1.18672947,57.727489301868815,54.88060487638995,54.31565020451819,39.78815186477526,12.988615782279464,20.57865149596296,0.1663242899943667,0.1282578027400474,53,0.0659004651389982,0.9340995348610016,Expanded
111,8,8,34,Sec18_AA,1,Sec18_AA_Rep1,110.0,42616.100625,39123.2425,42621.12,39116.0,4.27961654,9.86810546,71.21315671229841,69.30014869128628,70.61437156184036,49.50369351723148,19.121074037532743,25.39908089137133,0.1770571369715763,0.3183913041194031,80,0.0059438800217512,0.9940561199782488,Expanded
112,8,8,28,Sec18_AA,1,Sec18_AA_Rep1,78.0,23848.5734375,39146.27859375,23842.75,39168.88,-18.64769333,7.52436633,72.13205338839548,72.13205338839548,70.46459227887236,55.30787731309013,17.110323241656825,27.569643225847607,0.3836139687816582,0.3585326833693015,64,0.0061826531956157,0.9938173468043844,Expanded
113,8,8,27,Sec18_AA,1,Sec18_AA_Rep1,44.0,23075.22243243,40288.7372973,23092.75,40293.88,0.36086396,0.32594567,61.24948502498168,58.10452140503169,54.756901854721015,39.815392514569616,12.293771712697405,20.33165017919756,0.0238050606827751,0.4049076233249492,37,0.0714204196594011,0.9285795803405988,Expanded
114,8,8,26,Sec18_AA,1,Sec18_AA_Rep1,62.0,19024.87530612,48602.53020408,19040.44,48594.25,0.1322851,-0.81251642,57.82639074932955,52.11500824843692,47.654473294171446,37.23410729323264,16.280602649634183,10.039872823345007,0.0557698698485446,0.3633497405996553,49,0.4458170799034305,0.5541829200965694,Expanded
115,8,8,25,Sec18_AA,1,Sec18_AA_Rep1,115.0,15952.32715789,41885.46115789,15939.81,41895.62,1.01008365,7.67420152,53.33517461110775,50.76382924280665,45.43643290648334,36.43506033588252,13.031288301422636,16.325500814777673,0.2394572334653515,0.273401019438049,94,0.3476389705794319,0.6523610294205681,Expanded
116,8,8,29,Sec18_AA,1,Sec18_AA_Rep1,50.0,28843.03857143,54533.99,28837.03,54542.78,-8.81138083,12.15409738,57.6360081479078,47.144652413608654,50.1196703713508,32.06620865554532,10.207621176282602,17.642635656682124,0.4280295215339711,0.3332627232835385,34,0.6998564223546478,0.3001435776453521,Compact
117,8,8,37,Sec18_AA,1,Sec18_AA_Rep1,71.0,14613.675,38350.97354839,14597.38,38348.38,-3.17888048,2.8178279,59.858226323271175,57.89651120637558,52.21749075609285,39.31641688641159,12.62831322691888,16.918574555767854,0.1276687959964092,0.2141111831745031,62,0.1011567859867869,0.8988432140132129,Expanded
118,10,10,87,Sec18_AA,2,Sec18_AA_Rep2,69.0,25875.36897059,44816.64367647,25881.78,44797.95,-1.87823704,-15.95677014,75.35599907432454,75.35599907432454,69.91673157334526,56.172535414250895,18.9707413840997,26.24035993141141,0.2977350954860289,0.1631470270617346,68,0.0050856626242181,0.994914337375782,Expanded
119,10,10,86,Sec18_AA,2,Sec18_AA_Rep2,57.0,41525.36910714,57305.50678571,41521.38,57305.05,3.19013645,-3.21922199,68.11760178166276,65.43741950663696,65.39739696307021,46.96022513045137,16.65396739389708,20.656682407967462,0.1105560080670313,0.1612957144628144,56,0.0075210663689363,0.9924789336310637,Expanded
120,10,10,77,Sec18_AA,2,Sec18_AA_Rep2,158.0,31145.18695035,44785.60304965,31161.78,44801.84,-1.42871662,4.85948224,73.04252093587878,72.10938174920004,62.94728321308647,51.2195832522301,17.895169678474513,25.80511480953524,0.1333239910768753,0.1585800455895404,141,0.004510953065113,0.995489046934887,Expanded
121,10,10,85,Sec18_AA,2,Sec18_AA_Rep2,85.0,38365.84151899,41141.15898734,38368.2,41137.75,-5.71251698,-1.08089115,70.09429716885118,66.45754182915621,60.63267355455146,47.82437668729923,17.099530273268243,22.833436850645416,0.1000263980059247,0.2999594727247768,79,0.005254638143137,0.9947453618568628,Expanded
122,10,10,84,Sec18_AA,2,Sec18_AA_Rep2,81.0,38191.1704,40695.2356,38188.12,40675.25,-8.97648725,-5.26604575,61.79263054140187,55.85463635910168,53.07075428022252,39.73507580852441,17.906741362045338,11.040954084046206,0.2953663141167019,0.014204623615496,75,0.2563569988167289,0.743643001183271,Expanded
123,10,10,83,Sec18_AA,2,Sec18_AA_Rep2,37.0,24329.36131579,60078.62263158,24317.75,60076.72,-7.30094386,4.87362456,63.932175133456674,54.91491181418333,53.64788712120709,36.83018027059562,15.44884117070921,12.283225262506136,0.306287106640961,0.3376682141786052,37,0.4012599315547128,0.5987400684452873,Expanded
124,10,10,82,Sec18_AA,2,Sec18_AA_Rep2,45.0,24154.78586957,59510.39391304,24122.44,59516.56,4.18914918,-9.93635803,61.010417691370506,58.48640157174108,51.22952017324163,41.91162349053092,15.943718629622673,23.382427278794168,0.3148390192853527,0.0513324005278727,45,0.0123973598446259,0.9876026401553744,Expanded
125,10,10,80,Sec18_AA,2,Sec18_AA_Rep2,36.0,35026.55314286,53682.77028571,35024.66,53689.38,27.67694744,13.34964687,62.11956993657444,56.415047053778,47.57931209757316,45.5274035370912,13.659531637491371,23.159899406728144,0.649317771025886,0.1426127860497368,35,0.1769303348706777,0.8230696651293227,Expanded
126,10,10,79,Sec18_AA,2,Sec18_AA_Rep2,301.0,37162.40690236,57465.34488215,37162.91,57467.92,5.77591099,8.19085306,68.1088558077255,65.0374294589181,58.010012584703546,46.84238065512332,17.666262221299792,20.474071434838365,0.2326485381717866,0.1786800092884272,296,0.0091606742163911,0.9908393257836092,Expanded
127,10,10,78,Sec18_AA,2,Sec18_AA_Rep2,201.0,36910.94805,57103.5498,36923.84,57092.92,-1.90639908,-4.25014903,70.71765329557567,70.03983782511683,63.30012803760942,49.88696514934992,21.866445159524044,15.849840995381191,0.0779735366395168,0.1240215403632473,200,0.0387010488159659,0.9612989511840344,Expanded
128,10,10,71,Sec18_AA,2,Sec18_AA_Rep2,159.0,23418.26910828,55578.64286624,23420.55,55577.08,-4.58452206,-1.29334875,68.75880842049322,65.82806462076191,61.7264155400337,46.37674977315257,15.40768094892092,23.890882655841324,0.1430259809174217,0.152502199200765,157,0.0043553376996854,0.9956446623003146,Expanded
129,10,10,75,Sec18_AA,2,Sec18_AA_Rep2,202.0,38184.15267677,53020.26540404,38181.7,53002.16,-12.29604042,0.41077452,78.07374776097637,78.07374776097637,72.28273459723181,57.10792828434522,19.211427623464584,27.05031188185357,0.2084140187177964,0.0765258486523694,198,0.0055612944641763,0.9944387055358236,Expanded
130,10,10,74,Sec18_AA,2,Sec18_AA_Rep2,117.0,22415.45396552,54420.39224138,22390.16,54450.98,-4.08808481,-2.72076997,64.76070606231019,63.64220574392773,68.66808405401119,44.952894013849416,16.18058922099847,20.18363603356736,0.0986943144540689,0.27108226123399,115,0.0094809790411007,0.9905190209588992,Expanded
131,10,10,73,Sec18_AA,2,Sec18_AA_Rep2,113.0,21396.10530973,55137.00681416,21415.94,55114.66,10.91135565,18.18172458,69.98405615985065,68.87814734307534,64.55284938981299,53.57371162444055,18.37731612692478,27.04407484643681,0.4299948774067075,0.2525904357944401,113,0.007245164600474,0.992754835399526,Expanded
132,10,10,72,Sec18_AA,2,Sec18_AA_Rep2,178.0,23101.76224719,56315.30044944,23114.77,56310.36,-2.043999,-1.11202313,67.39233828299295,66.6967906119259,64.26967237696364,47.31468158874665,18.64167624705606,20.76700221220099,0.0787681824166023,0.3716752525431687,178,0.0092521481313316,0.9907478518686686,Expanded
133,10,10,70,Sec18_AA,2,Sec18_AA_Rep2,85.0,38548.31948052,62549.81415584,38543.59,62554.5,3.64228646,3.64356467,56.66437023482448,52.18166329783783,46.19560542406555,36.660798633756734,14.338994414478666,14.435616836048675,0.1873483599211202,0.228984508251063,76,0.3267707664511174,0.6732292335488826,Expanded
134,10,10,68,Sec18_AA,2,Sec18_AA_Rep2,136.0,28212.89834646,59581.24976378,28221.02,59592.16,-8.23358835,-3.03664537,62.9099069985635,58.827121205301246,55.030361613226745,41.40477126375942,15.879262439207617,17.64025119702613,0.2348957631329942,0.1621298344458581,127,0.0198420507770961,0.9801579492229036,Expanded
135,10,10,66,Sec18_AA,2,Sec18_AA_Rep2,69.0,20257.11228571,63291.18971429,20275.36,63304.64,1.91932294,-11.30240822,68.19652412256815,68.19652412256815,61.1976543590011,49.22878117862322,16.94167415692154,23.36136631293348,0.2476312794728109,0.3578477508471634,70,0.0058043964390874,0.9941956035609124,Expanded
136,10,10,64,Sec18_AA,2,Sec18_AA_Rep2,207.0,40686.97015789,42451.31884211,40677.16,42474.34,0.36579586,-2.03812355,75.29759107237838,71.44576719838216,62.06713634116048,50.690090355096665,21.721351986331484,17.78565365607611,0.018632304261635,0.1317113934467045,190,0.021896661113593,0.9781033388864072,Expanded
137,10,10,88,Sec18_AA,2,Sec18_AA_Rep2,85.0,28579.07175,60181.606125,28552.25,60192.72,-1.76271939,-10.45713539,67.53257581431988,67.53257581431988,69.50690786406737,49.38947753217547,19.62782642705895,18.610929664259807,0.2515182560107719,0.1066369562520651,80,0.0106281571039365,0.9893718428960634,Expanded
138,10,10,63,Sec18_AA,2,Sec18_AA_Rep2,159.0,35477.6389172,50249.36477707,35497.73,50264.66,8.47123825,10.25560837,64.93038999854305,63.29817036673754,53.78343303568452,45.38018939073073,18.411542622664346,18.841404671063632,0.2827390304913599,0.1955365439123441,156,0.010085678412558,0.989914321587442,Expanded
139,10,10,76,Sec18_AA,2,Sec18_AA_Rep2,248.0,30115.27581897,45006.30952586,30095.38,45006.92,3.29215823,-9.31334243,74.82180514202024,73.59761417389595,75.30906727853811,50.03290465012531,20.13015602791358,22.862792412910142,0.1497991029601433,0.4111969242037693,229,0.0099245470102526,0.9900754529897476,Expanded
140,10,10,89,Sec18_AA,2,Sec18_AA_Rep2,57.0,28886.05907407,60552.52777778,28867.88,60569.28,4.75463165,-7.1325109,71.34419032001419,71.34419032001419,66.82246982745089,51.67605527930538,18.016849826166684,22.24921931154051,0.1264247537239463,0.0178011348994008,54,0.0105600586479524,0.9894399413520476,Expanded
141,10,10,108,Sec18_AA,2,Sec18_AA_Rep2,108.0,21914.15429907,52120.46831776,21910.55,52101.62,12.92645939,-13.21101058,77.00253153708636,73.72889417004104,62.550319026195226,52.61412347708374,20.627437470715705,19.77909575510246,0.3376151993629485,0.0380433100966881,106,0.0208293855731891,0.9791706144268107,Expanded
142,10,10,92,Sec18_AA,2,Sec18_AA_Rep2,181.0,31042.7600565,57576.47333333,31023.39,57575.14,-9.45713631,-4.83691308,62.24765469131148,58.87580783982688,55.11884618416238,42.8771913951456,15.612569716727636,16.747608478735376,0.2706020915908098,0.248236722925241,177,0.0259444678462729,0.9740555321537272,Expanded
143,10,10,121,Sec18_AA,2,Sec18_AA_Rep2,80.0,33656.70679487,41865.87628205,33656.81,41866.84,2.29472999,7.38077693,69.63106357070401,67.87056573872705,69.730489618317,48.31017687293652,19.115038587241624,16.30340232787016,0.2293378169359032,0.2797583189644514,78,0.0244723712845448,0.9755276287154552,Expanded
144,10,10,119,Sec18_AA,2,Sec18_AA_Rep2,90.0,36246.61644444,55056.51977778,36265.5,55062.98,21.23272319,-4.34359419,65.67353897706663,62.23654111865381,59.8439793717014,48.219085770402,13.16967288174134,25.107680830524483,0.4829385082195995,0.2918645181508307,90,0.010339105505442,0.9896608944945576,Expanded
145,10,10,117,Sec18_AA,2,Sec18_AA_Rep2,84.0,36498.9037037,62541.88790123,36496.11,62560.27,2.58893938,-8.65077612,63.43782543438266,59.2835625384122,51.47259983743304,43.29747786286121,19.43089294434761,11.715443393921692,0.2565462786381088,0.096586207783105,81,0.1185236671052532,0.8814763328947468,Expanded
146,10,10,116,Sec18_AA,2,Sec18_AA_Rep2,127.0,27238.97316667,57446.356,27261.53,57434.08,15.72516333,-34.71325688,68.18863700280525,63.629299107556456,65.49311223465915,58.2661110613088,17.374999523494825,28.77350561197592,0.6921211540923345,0.2828825895498915,119,0.2457281590634554,0.7542718409365446,Expanded
147,10,10,115,Sec18_AA,2,Sec18_AA_Rep2,154.0,24311.37211921,58961.26662252,24315.64,58970.83,-14.63245313,-17.59568899,77.3933306650847,77.3933306650847,72.71423268965145,58.14990943601045,22.47582738308754,21.26357960802138,0.4367154539943759,0.4802219614334074,151,0.0444464948578881,0.9555535051421116,Expanded
148,10,10,114,Sec18_AA,2,Sec18_AA_Rep2,176.0,25159.68592179,58713.1201676,25190.64,58711.06,-4.09114013,-4.36052664,63.05676261886853,63.05676261886853,63.03784452150557,45.0183316634275,16.4029397054596,18.97697951482301,0.1443998599414089,0.2678503401377402,179,0.0100757353643064,0.9899242646356938,Expanded
149,10,10,113,Sec18_AA,2,Sec18_AA_Rep2,53.0,37661.65423077,50293.81115385,37667.69,50298.7,2.92543012,4.1136981,62.187444989384105,62.187444989384105,58.92436768625262,44.70550116300633,19.637033299243644,12.376463949580335,0.2083620148580213,0.079883282085047,52,0.0915947059287662,0.9084052940712336,Expanded
150,10,10,112,Sec18_AA,2,Sec18_AA_Rep2,84.0,36926.49093023,48735.81046512,36914.17,48733.08,-5.58706533,-12.62339321,62.987830015739846,61.00555883875524,60.99965451626531,44.74511162492461,19.300861931721865,15.361732210699737,0.3523510809758174,0.1809787927931052,85,0.051953809306839,0.9480461906931608,Expanded
151,10,10,111,Sec18_AA,2,Sec18_AA_Rep2,78.0,31969.5656962,46849.37291139,31973.43,46850.74,-8.50057874,1.2933899,64.26206372598564,64.26206372598564,65.03542548194122,46.69987173398509,17.072874325077954,17.556746622148534,0.1759293785636432,0.0610724707089617,79,0.0131970390172764,0.9868029609827234,Expanded
152,10,10,110,Sec18_AA,2,Sec18_AA_Rep2,55.0,30034.73444444,47060.20314815,30022.99,47052.8,-13.92419107,1.19271324,69.07815292116635,61.64350681139816,52.40821990531985,44.959033781928575,16.286219083152783,22.228482602588382,0.3256572383852443,0.2524673638797771,54,0.0066177725063848,0.9933822274936154,Expanded
153,10,10,109,Sec18_AA,2,Sec18_AA_Rep2,55.0,24274.1790566,49157.91471698,24268.53,49170.91,8.57829854,2.71839357,65.00172670499595,62.81033870615259,68.8333258677101,45.75808901577012,15.366742127875169,23.23442765071936,0.1991822659003792,0.0197477616904517,53,0.0098256790190449,0.9901743209809551,Expanded
154,10,10,62,Sec18_AA,2,Sec18_AA_Rep2,292.0,22738.50483871,64115.7118638,22758.2,64138.62,14.05837682,-3.49621915,73.2712211903162,69.13839030864276,58.93800541433604,48.78203648556607,16.15617104081988,23.29767619132972,0.3766445459595143,0.3022639849523224,275,0.005355908018059,0.9946440919819414,Expanded
155,10,10,106,Sec18_AA,2,Sec18_AA_Rep2,62.0,33975.4457377,49441.85918033,33985.7,49445.72,12.81802502,14.39006226,63.09830471401367,60.3408545926982,55.445045239460825,46.070951699723146,14.762836350303315,21.517397470863266,0.4186628015913676,0.1165631108789329,60,0.0074022907838493,0.9925977092161504,Expanded
156,10,10,105,Sec18_AA,2,Sec18_AA_Rep2,66.0,19969.65627119,46499.53694915,19953.39,46512.91,-9.81234891,-8.46747218,70.2632345933629,70.2632345933629,60.765965817018525,51.83452614174417,18.82248313041422,22.377670982703176,0.2422326092487716,0.2281561944358611,59,0.0059453962542641,0.9940546037457358,Expanded
157,10,10,104,Sec18_AA,2,Sec18_AA_Rep2,46.0,39935.20622222,60703.59866667,39937.46,60710.26,4.01127204,1.55025354,59.420095509063685,56.38742203885223,51.63985008094644,39.22273904921023,15.596250726548616,12.100586589884935,0.1895218007945284,0.3164061676458727,45,0.1999025956183965,0.8000974043816034,Expanded
158,10,10,103,Sec18_AA,2,Sec18_AA_Rep2,80.0,35600.71407407,48429.2354321,35604.97,48455.69,-7.25215895,2.43689634,65.93540439433927,65.93540439433927,63.229230515338784,46.97969196048928,17.711399184829773,24.925461571305025,0.1802008547949984,0.1290040453838619,81,0.0044892248164792,0.9955107751835206,Expanded
159,10,10,102,Sec18_AA,2,Sec18_AA_Rep2,41.0,32048.858,48757.63125,32035.45,48758.81,-25.83427527,18.70493678,63.9408260899566,59.32474794887482,51.26849651077829,51.79413455160283,13.633902220541586,27.16044279450862,0.6609107054518565,0.1414575644693047,39,0.1576747776798826,0.8423252223201173,Expanded
160,10,10,100,Sec18_AA,2,Sec18_AA_Rep2,73.0,31265.84057971,49316.4742029,31277.25,49330.69,-1.44647995,-1.72826941,61.32014775357252,59.6302339355792,51.29709583289877,42.65260757887675,17.240218877607894,16.801432418690098,0.059300760800173,0.1312684116462727,69,0.0235891345572198,0.9764108654427804,Expanded
161,10,10,99,Sec18_AA,2,Sec18_AA_Rep2,62.0,20104.70433333,54549.1455,20082.46,54564.38,-3.9590264,9.25832897,72.95913399292029,68.0786634287052,65.90396673292713,49.65919506733228,16.8332770526506,22.65963050868331,0.2189932038684233,0.3054339080956963,60,0.0052803250995286,0.9947196749004712,Expanded
162,10,10,97,Sec18_AA,2,Sec18_AA_Rep2,142.0,26898.09742857,54899.75507143,26904.56,54881.3,-0.19006924,-6.34956874,57.51870564389277,56.18579677845671,53.41786946244445,39.29073018679063,17.36726308790194,11.735095376525098,0.1699704156022982,0.1450750923824509,140,0.2137911834625734,0.7862088165374262,Expanded
163,10,10,95,Sec18_AA,2,Sec18_AA_Rep2,123.0,43357.6187218,59293.35406015,43357.04,59299.38,0.20498727,3.23429182,73.45705270698488,72.43524373399552,66.32411837248745,51.30919191535817,19.29816112091341,19.60385618050634,0.0655331539565778,0.1629292808858745,133,0.0102298952484506,0.9897701047515496,Expanded
164,10,10,94,Sec18_AA,2,Sec18_AA_Rep2,148.0,33709.42671756,48263.94473282,33694.2,48260.0,-11.13204283,6.75798314,74.2240186696568,70.86450819570048,72.97359766835665,50.160906210267065,17.09719728756356,22.43829715065524,0.3039506195139546,0.1479050840513344,130,0.0048844307373483,0.9951155692626518,Expanded
165,10,10,93,Sec18_AA,2,Sec18_AA_Rep2,62.0,24986.02634615,51276.85230769,24968.9,51297.49,-5.31429276,1.77114785,53.54045904254994,47.63562416376915,52.69096864266564,33.59161344762429,14.052148473822024,9.603512833943714,0.2061966378362884,0.0564505069218476,52,0.8433275912891763,0.1566724087108233,Compact
166,10,10,90,Sec18_AA,2,Sec18_AA_Rep2,118.0,29045.28037383,60759.57,29039.75,60752.49,-17.22802614,-7.04389909,76.32954401041451,74.96075844145795,64.18144168667973,53.67655761508251,20.47223028108177,20.89567757489749,0.3363659603156645,0.1285357036876873,107,0.0162655001157558,0.983734499884244,Expanded
167,10,10,61,Sec18_AA,2,Sec18_AA_Rep2,313.0,22021.0512069,63674.06886207,22017.19,63676.52,11.67670961,-1.72239422,74.4018686035832,73.01984626047678,69.01241998058686,51.18956541059304,21.592944039709515,16.471807225627717,0.253636097839194,0.0395862340698059,287,0.0376015368341235,0.9623984631658768,Expanded
168,10,10,47,Sec18_AA,2,Sec18_AA_Rep2,62.0,38898.04301887,58505.66528302,38919.86,58503.14,3.37670943,-14.10613612,59.36737787476923,54.71302544683896,52.259184567416256,41.68559574562667,15.638000545831922,17.48219310335354,0.3699352068094237,0.0379188370720211,53,0.0549046746492027,0.9450953253507972,Expanded
169,10,10,59,Sec18_AA,2,Sec18_AA_Rep2,77.0,27717.92453333,49670.88853333,27707.25,49682.53,-0.77345292,-0.42035522,62.29944163289343,62.29944163289343,51.84668887552134,43.56372823762552,21.581074269107656,9.541558610683056,0.0680685601314413,0.2111608040482614,75,0.1446139723274259,0.855386027672574,Expanded
170,10,10,28,Sec18_AA,2,Sec18_AA_Rep2,125.0,38481.61130081,63665.80138211,38495.02,63667.77,5.6229395,8.93273831,69.80216606043128,69.80216606043128,68.0856224508666,50.49419244992929,20.34549077534597,19.37396215233097,0.2258317416645661,0.0774284034704154,123,0.0169890678720747,0.9830109321279252,Expanded
171,10,10,26,Sec18_AA,2,Sec18_AA_Rep2,61.0,37751.13,49778.95631579,37760.34,49790.09,12.03206299,-0.49953218,73.73918359505507,70.86515289823983,70.17665855284342,52.0307465853168,14.664743157634428,26.29929953274417,0.2275762370156485,0.3281607477152656,57,0.0055395701791917,0.9944604298208084,Expanded
172,10,10,25,Sec18_AA,2,Sec18_AA_Rep2,74.0,33751.41310811,64040.79851351,33753.82,64048.53,-6.56805329,-0.06433447,77.74145851460526,77.74145851460526,71.55190048475906,55.91673638406813,19.950359014879524,28.743596999576216,0.1343862759349108,0.1830387915603006,74,0.0063813525096255,0.9936186474903748,Expanded
173,10,10,24,Sec18_AA,2,Sec18_AA_Rep2,82.0,29626.02870968,58252.4516129,29609.7,58254.81,1.14801633,-14.49186299,63.90568419858215,61.92363043474227,57.99678912730596,43.813282386974414,16.12559893153692,16.7898286078266,0.3176610041751928,0.2104579403399956,61,0.0248583245769191,0.9751416754230808,Expanded
174,10,10,23,Sec18_AA,2,Sec18_AA_Rep2,98.0,28968.42216495,58293.4871134,28958.14,58287.23,3.09486632,-5.41072737,56.361475986597256,55.08369466686125,50.06757916116975,38.45071870293804,19.286356814998125,7.714918327050056,0.2005968711321268,0.0753477609047494,97,0.3328904137092338,0.667109586290766,Expanded
175,10,10,21,Sec18_AA,2,Sec18_AA_Rep2,49.0,23779.49581395,47028.86511628,23770.73,47036.68,7.69610388,13.64466452,60.7404202581646,58.12973269175165,52.38523846780505,44.378148449315816,15.77974373396484,22.536543020438604,0.3619989998211147,0.1755319492148134,43,0.0061946520182896,0.9938053479817106,Expanded
176,10,10,20,Sec18_AA,2,Sec18_AA_Rep2,33.0,22610.42709677,47478.25129032,22611.75,47462.46,7.07761437,-8.83544054,64.93682578220331,64.93682578220331,74.93989701851481,47.74496611244759,14.056443572375498,24.640852154019072,0.2754839845399754,0.0196574221007023,31,0.011359902170815,0.9886400978291848,Expanded
177,10,10,19,Sec18_AA,2,Sec18_AA_Rep2,81.0,22595.62337209,47158.03093023,22588.7,47169.88,-11.28994079,9.22141277,76.77873655780009,76.77873655780009,71.80403315792228,55.33421866452871,17.032990679476587,27.12418038033002,0.3239859373702263,0.4163477844069926,86,0.0069904530358873,0.9930095469641128,Expanded
178,10,10,18,Sec18_AA,2,Sec18_AA_Rep2,88.0,23312.24463768,48043.76188406,23327.38,48042.14,2.54696857,2.7253163,68.86900368124078,57.050359657339015,53.646290616872086,39.58212770268314,13.075540420978808,18.270399174179207,0.0894601579620159,0.1949504295638094,68,0.0805283105080088,0.919471689491991,Expanded
179,10,10,17,Sec18_AA,2,Sec18_AA_Rep2,53.0,37500.3038,58209.1336,37492.67,58226.78,-9.55379656,0.38633826,64.64243431418342,59.30444258144494,48.78908415258357,43.42603675877485,12.904528617681216,22.311601385123115,0.220998985299878,0.0779689760391613,50,0.0094630482108306,0.9905369517891692,Expanded
180,10,10,31,Sec18_AA,2,Sec18_AA_Rep2,47.0,22332.87355556,64089.47733333,22327.25,64076.8,-4.35790299,-4.43357049,53.91852515099957,49.20333088855184,43.53829981939367,34.79440912791264,15.401368858818934,9.927543879942291,0.2548375410541474,0.0607485649238835,45,0.7024694955271962,0.2975305044728039,Compact
181,10,10,16,Sec18_AA,2,Sec18_AA_Rep2,80.0,37744.61373333,47836.2052,37765.7,47827.89,-3.05556015,-2.27356127,76.27548016497913,74.30292413772693,64.23282244806727,49.63464703420606,20.917034140245164,16.067389832585327,0.1327384590793226,0.0480785398697303,74,0.0361488626216441,0.963851137378356,Expanded
182,10,10,12,Sec18_AA,2,Sec18_AA_Rep2,52.0,25736.2278,51437.1748,25759.75,51450.81,0.45315803,1.55278786,73.8860340525916,64.98337232735156,52.85155296310221,44.61776368369348,15.108141717983482,21.075405114223184,0.064157364619403,0.2091836928674444,49,0.0079906340863217,0.9920093659136784,Expanded
183,10,10,11,Sec18_AA,2,Sec18_AA_Rep2,80.0,34598.36126582,61235.96037975,34598.21,61219.12,9.2407342,-11.54348709,62.73574599854936,62.73574599854936,65.87471162547075,46.434804209396354,14.923707066028731,24.096715909447195,0.3661341961154337,0.2078458888331594,79,0.0052593861336139,0.994740613866386,Expanded
184,10,10,10,Sec18_AA,2,Sec18_AA_Rep2,82.0,27165.80746835,44075.73898734,27168.61,44086.62,0.33922398,11.48129842,68.9471095379234,67.23716677597974,58.9081976114748,49.38101426587847,18.9724843241994,23.56135188137758,0.1992852410837207,0.1569483782822749,79,0.0050735281133437,0.9949264718866564,Expanded
185,10,10,9,Sec18_AA,2,Sec18_AA_Rep2,115.0,27440.0192233,44781.91456311,27442.83,44770.22,2.25661785,-9.00965488,72.50834053112617,69.20778631419627,61.614026373848006,48.666954223925806,18.038694408097992,21.40261929236977,0.1705083042882961,0.1655986303328432,103,0.0058044410020634,0.9941955589979364,Expanded
186,10,10,8,Sec18_AA,2,Sec18_AA_Rep2,35.0,21658.05151515,40329.06393939,21656.75,40313.84,1.42250208,5.51028245,51.27222696482045,51.27222696482045,51.086700165556174,35.20235983852928,13.255245905198958,12.2778125653357,0.1621114411224962,0.3155772235694337,33,0.5542691213468741,0.4457308786531258,Compact
187,10,10,7,Sec18_AA,2,Sec18_AA_Rep2,108.0,20939.27640777,39935.24805825,20957.14,39952.12,3.32870205,-5.98196667,77.51345662952806,77.51345662952806,73.10389983294996,54.8894339142713,16.9294931277692,27.87429492618409,0.1234944988153693,0.3460437637667134,103,0.0056191739316193,0.9943808260683804,Expanded
188,10,10,4,Sec18_AA,2,Sec18_AA_Rep2,50.0,25426.5105,60012.46225,25429.48,60016.31,-0.61479736,7.47020829,67.63720074254658,67.63720074254658,70.55362548030436,46.41824162208958,16.77108931865501,18.07248618473228,0.1433289721867729,0.1184114059831464,40,0.0107730735151112,0.9892269264848886,Expanded
189,10,10,3,Sec18_AA,2,Sec18_AA_Rep2,110.0,24949.34293578,60265.83009174,24964.64,60289.75,2.03955697,-19.4776652,70.69957265594223,70.69957265594223,68.22428079153885,54.16418008872387,19.9466604753464,24.02090278947424,0.3835054202920873,0.0558127035823284,109,0.0075466681926548,0.9924533318073452,Expanded
190,10,10,2,Sec18_AA,2,Sec18_AA_Rep2,67.0,20146.41388889,46714.95944444,20124.64,46715.14,3.63602839,-9.02120884,68.74401427392677,68.74401427392677,58.39000501859474,48.418233736766446,18.116729257742545,19.5793069652393,0.20214500861531,0.2925706544465647,54,0.0095076079057058,0.9904923920942944,Expanded
191,10,10,122,Sec18_AA,2,Sec18_AA_Rep2,116.0,43023.93377193,63647.86859649,43042.95,63644.62,-14.70621192,-5.98603317,62.07842535942176,60.68882014220795,59.87970625841108,46.16551414345661,15.897696272333128,23.594806959023703,0.3337183951076157,0.2168206193157534,114,0.0049683345131752,0.995031665486825,Expanded
192,10,10,14,Sec18_AA,2,Sec18_AA_Rep2,94.0,30534.48058824,58941.42705882,30530.73,58962.92,-2.81577702,-13.6621448,70.32207576178483,67.50865780163721,65.19699899026544,50.19757478477539,14.71393350044182,25.0377301011166,0.2806277994692592,0.3434824425752344,85,0.0056212157934934,0.9943787842065064,Expanded
193,10,10,60,Sec18_AA,2,Sec18_AA_Rep2,58.0,27912.98692308,49227.67307692,27899.05,49198.16,-14.60829998,-13.86770084,76.76835539363957,73.59148527332351,72.10951226982347,53.79551595830711,19.48795235853196,25.16192321222833,0.4098019849459429,0.2208208996647298,50,0.0059913524785377,0.9940086475214622,Expanded
194,10,10,32,Sec18_AA,2,Sec18_AA_Rep2,45.0,40568.68179487,46673.58538462,40573.98,46670.91,-4.01213952,-6.81190137,59.65106606373468,55.57400948179805,54.57976380166591,35.16226157507516,12.880976547452496,17.210605082830565,0.3756700950615024,0.1273797920660762,38,0.3517630059182098,0.6482369940817901,Expanded
195,10,10,34,Sec18_AA,2,Sec18_AA_Rep2,136.0,17238.37109375,49803.61820312,17219.45,49782.19,9.67249651,-25.47397328,69.77971670649423,67.3104788711101,63.555936442636096,55.03763198546149,17.338933366022815,27.97381678905521,0.543854818686054,0.0763895418917759,127,0.0272931551039445,0.9727068448960552,Expanded
196,10,10,58,Sec18_AA,2,Sec18_AA_Rep2,68.0,21482.91555556,60945.83555556,21482.83,60926.16,-14.49702892,-8.5767216,62.23928136247982,54.87949396340137,43.89729795289989,39.154674414085534,15.00180105492825,14.656300934500878,0.5176933989121418,0.1031849717288589,60,0.2889323253011278,0.7110676746988723,Expanded
197,10,10,57,Sec18_AA,2,Sec18_AA_Rep2,36.0,34129.78970588,44250.04235294,34127.75,44252.83,8.60653376,4.87318297,57.985858711930575,53.77236015706907,50.55358625510669,39.6618009724231,13.28831701058612,16.840843496597852,0.2618357913053625,0.1129771963014097,34,0.1152222898180684,0.8847777101819314,Expanded
198,10,10,56,Sec18_AA,2,Sec18_AA_Rep2,57.0,17230.56807692,60220.59269231,17243.44,60248.62,-15.37886701,-1.40665981,74.94163114106117,74.94163114106117,71.912791689798,55.71284354011222,19.63136549552385,28.929383850102788,0.2908549538639517,0.1072175167182636,52,0.0062666448058407,0.9937333551941592,Expanded
199,10,10,55,Sec18_AA,2,Sec18_AA_Rep2,68.0,17105.13707692,60714.54153846,17117.66,60737.3,18.8465826,24.73708121,60.538027287130014,54.93918456759632,59.38134660132234,49.28765380143474,14.056956230749709,24.971474363507905,0.6730902624075438,0.2857063984852512,64,0.2324182375631571,0.7675817624368427,Expanded
200,10,10,54,Sec18_AA,2,Sec18_AA_Rep2,82.0,29971.71519481,46785.80987013,29980.0,46781.36,3.80471049,3.05739189,63.26063129214386,61.43577547459847,59.91664536326556,43.20259167028812,14.001218309235757,20.18533027989806,0.1210865799050785,0.2669340526135029,76,0.0136114672371384,0.986388532762862,Expanded
201,10,10,53,Sec18_AA,2,Sec18_AA_Rep2,104.0,31119.09263158,46806.054,31121.41,46811.44,-10.06430868,-6.93560519,59.89371670036104,51.70976214210325,52.83413573249341,35.87984398545123,14.808883437636924,11.11927873349334,0.3701215449816313,0.2199607230019832,92,0.5029430107947418,0.4970569892052581,Compact
202,10,10,52,Sec18_AA,2,Sec18_AA_Rep2,79.0,18983.34246377,48263.85565217,18982.56,48271.86,1.67096387,-5.9720878,76.9207178886209,76.9207178886209,71.82871272199218,55.2922404249851,17.206252209878457,27.1189019040204,0.1094088587581253,0.1064141435253196,69,0.004623918076468,0.9953760819235316,Expanded
203,10,10,51,Sec18_AA,2,Sec18_AA_Rep2,62.0,19137.00216667,48077.408,19171.23,48080.45,3.43069452,-10.24281036,69.80057249401476,69.80057249401476,62.13747868088552,51.01431464472875,16.38748793001695,25.65835663528289,0.1982968842339422,0.2795986591282322,60,0.0048585295616605,0.9951414704383392,Expanded
204,10,10,50,Sec18_AA,2,Sec18_AA_Rep2,70.0,29041.80815385,44012.59523077,29032.86,43998.83,-4.98342542,-6.95621402,65.29069404487524,65.29069404487524,63.57342539749272,46.2814266645256,16.782474058164034,19.004362136987496,0.2240503382200725,0.2054439135430391,65,0.0093427882826696,0.9906572117173305,Expanded
205,10,10,49,Sec18_AA,2,Sec18_AA_Rep2,86.0,27734.49747126,52408.65747126,27734.73,52421.46,2.52230743,9.5370459,75.84972102062467,74.05237656723433,68.31998727580962,52.05019657404442,18.16256893076727,25.423786894892928,0.2281973123852364,0.3840614454072818,87,0.0059102913152875,0.9940897086847124,Expanded
206,10,10,33,Sec18_AA,2,Sec18_AA_Rep2,102.0,17207.19202128,43607.24414894,17201.5,43613.55,-7.57920235,-6.52269233,55.90816535911425,52.764057747658114,49.13010354096933,35.387952290476505,15.732771347047382,10.114297638960844,0.3186639444582897,0.155906696263417,93,0.5415431877565351,0.4584568122434648,Compact
207,10,10,48,Sec18_AA,2,Sec18_AA_Rep2,50.0,21341.98326531,50553.08081633,21326.81,50526.47,6.77867747,-0.57979881,58.13778273017213,54.495318200702734,50.23682210491163,38.58102947389192,17.58223418632606,8.708644460355005,0.2745431919808742,0.1087819973402544,49,0.3521475807925967,0.647852419207403,Expanded
208,10,10,45,Sec18_AA,2,Sec18_AA_Rep2,46.0,16585.64046512,48804.59697674,16588.8,48796.08,12.1261654,5.09774509,58.271388059706375,54.35945884517647,54.05985653633162,40.9958392295768,15.419672775210593,19.79790863325793,0.3640144445281779,0.3108177906958683,43,0.0560128998856084,0.9439871001143916,Expanded
209,10,10,44,Sec18_AA,2,Sec18_AA_Rep2,59.0,31159.97649123,47607.51578947,31164.25,47611.0,-2.09935486,9.66751723,64.30530412380362,64.30530412380362,55.22353672700872,46.98563486403135,16.931661003923235,23.76656202435334,0.1738962636382311,0.1676266826104764,57,0.004339308339489,0.9956606916605112,Expanded
210,10,10,42,Sec18_AA,2,Sec18_AA_Rep2,126.0,23284.67050847,51581.74686441,23321.52,51589.45,8.25397913,3.54733782,76.03903899452605,74.2427231043651,69.85657089157488,53.13301467684322,16.2153639762735,26.99252963692808,0.1996115107813559,0.0764446716017441,118,0.0048570276824537,0.9951429723175468,Expanded
211,10,10,41,Sec18_AA,2,Sec18_AA_Rep2,53.0,21444.27962264,45514.05,21451.47,45526.78,12.43413972,15.49743107,61.598594098328846,61.598594098328846,48.59432495862763,47.65663032119574,20.23046429803902,21.286166463366246,0.47339676656677,0.2095230288960995,53,0.0174811679434953,0.9825188320565044,Expanded
212,10,10,40,Sec18_AA,2,Sec18_AA_Rep2,116.0,19575.68477064,48319.96027523,19577.34,48320.88,-14.65543775,0.79949078,68.94776074360246,67.76955505223418,58.98137049674115,50.12549281412569,19.748435294737305,22.19722456393025,0.3055483419640897,0.309569699906832,109,0.0077178910388412,0.9922821089611584,Expanded
213,10,10,39,Sec18_AA,2,Sec18_AA_Rep2,81.0,33944.30443038,46564.7243038,33968.81,46563.25,-8.71652523,1.449215,75.70503177143362,73.68188743242068,65.88056346742661,53.36652951667684,21.205660334938084,28.074766590023582,0.1304693525489408,0.1009024808185293,79,0.0132419100487706,0.9867580899512296,Expanded
214,10,10,38,Sec18_AA,2,Sec18_AA_Rep2,53.0,33597.52444444,46547.80311111,33600.06,46554.27,4.45929195,10.84832272,72.28031985715612,65.77974013057833,64.27891486875178,46.76428419559938,16.96005600704218,21.691870399070154,0.3130678862723584,0.2310013282125029,44,0.005569391128105,0.994430608871895,Expanded
215,10,10,37,Sec18_AA,2,Sec18_AA_Rep2,59.0,26199.00016667,63820.102,26191.64,63809.77,-12.2086822,-15.24865047,63.34737377770392,59.81722099673506,57.270986863467954,45.57975198432831,16.593317609851937,17.770634720832774,0.4394198849205649,0.347357513136246,60,0.0208050914821277,0.9791949085178722,Expanded
216,10,10,36,Sec18_AA,2,Sec18_AA_Rep2,81.0,21306.17636364,57413.21285714,21308.66,57407.95,-6.934861,-1.00141616,75.37395912310531,73.64672747584137,68.915961592238,53.06939491204629,17.10930919692902,26.01131672889308,0.1223969071056442,0.1977508314258047,77,0.0044566925520175,0.9955433074479824,Expanded
217,10,10,35,Sec18_AA,2,Sec18_AA_Rep2,102.0,19239.22722772,58750.08326733,19248.06,58757.34,0.50117515,9.14213175,42.42067710416801,39.78062826055731,39.62584058848116,28.26159284679705,11.094451319710412,10.756347327016194,0.3140609142423354,0.0681675699876313,100,0.9878954186317768,0.0121045813682234,Compact
218,10,10,46,Sec18_AA,2,Sec18_AA_Rep2,63.0,32609.25016393,51853.01245902,32613.8,51876.45,-6.86088916,-2.7538916,52.692136755561535,50.64696275809868,44.089048115257285,36.08363473401317,14.816496991148012,11.723091491872829,0.2697246602544725,0.3503383413396415,60,0.5356966628550629,0.4643033371449371,Compact
219,10,10,124,Sec18_AA,2,Sec18_AA_Rep2,98.0,31470.13896907,55575.77896907,31470.8,55575.27,0.92515273,-5.66251935,72.31211470763247,70.86011673043069,69.1484368167376,49.33558982252114,17.289583115815113,23.642643443278004,0.1662022486495554,0.0707557018075168,97,0.0050239327024734,0.9949760672975267,Expanded
220,18,18,2,Sec2_GFP,0,Sec2_GFP_Rep0,59.0,32686.77309091,44178.76836364,32680.02,44178.38,-11.14739868,-6.89339738,39.32768174322079,33.71200936959322,26.770155031813083,25.657689941553524,9.672939345644735,9.03362022323903,0.5334892071865976,0.220350112811949,53,0.966320166245746,0.0336798337542538,Compact
221,18,18,60,Sec2_GFP,0,Sec2_GFP_Rep0,69.0,41277.48029851,41480.50970149,41282.91,41480.08,11.39563917,-9.50474269,76.8452095307821,76.8452095307821,69.78655340539363,53.9388855473325,17.211186164420145,26.626626617153057,0.267448968834378,0.2525542750012449,67,0.0050598785359345,0.9949401214640656,Expanded
222,18,18,61,Sec2_GFP,0,Sec2_GFP_Rep0,49.0,23782.20897959,45370.58040816,23791.91,45389.73,-1.44917187,10.30157711,66.8492946980944,66.8492946980944,62.04240310215948,48.86959155314119,14.975272115063476,24.814108745302885,0.2288555328911972,0.2461331387160272,49,0.0049840728196842,0.9950159271803158,Expanded
223,18,18,62,Sec2_GFP,0,Sec2_GFP_Rep0,71.0,33862.06532258,60494.59419355,33881.57,60527.83,4.39909044,13.40984721,61.03659175152214,58.96632911935141,53.81155118860793,44.42037664288133,18.37980130148117,20.95086745062783,0.3730178211863211,0.2312431503591915,62,0.0112062606464392,0.9887937393535609,Expanded
224,18,18,63,Sec2_GFP,0,Sec2_GFP_Rep0,47.0,26652.52021739,54524.36956522,26639.67,54514.71,7.27575633,-0.03859043,57.65607000562384,57.65607000562384,54.51754567385591,39.03169071838825,17.848902195161223,20.290293685623087,0.2996630022721764,0.1156594055709937,46,0.1348376775610767,0.8651623224389232,Expanded
225,18,18,64,Sec2_GFP,0,Sec2_GFP_Rep0,53.0,35881.21411765,45525.64764706,35892.08,45530.41,-9.93934952,-19.25004772,76.29708534352305,76.29708534352305,71.2036857243494,58.64621116113012,25.130190995001023,23.989584911121764,0.3863782854560572,0.3443607991749886,51,0.0376168975176336,0.962383102482366,Expanded
226,18,18,65,Sec2_GFP,0,Sec2_GFP_Rep0,44.0,17367.88040816,49647.02040816,17374.83,49650.8,0.33771025,3.47664597,70.05343303041562,70.05343303041562,69.69718191924602,50.15993637446336,21.371178951142102,14.467312463443742,0.0896480374628542,0.2426188716792522,49,0.0594932309726833,0.9405067690273166,Expanded
227,18,18,66,Sec2_GFP,0,Sec2_GFP_Rep0,39.0,18054.39151515,49123.34545455,18059.2,49114.08,-3.17847158,6.84208995,62.76092441332801,41.61187884128204,38.8846482358989,26.91269823484808,14.026728624493758,4.4615606645125,0.2379000508919972,0.0421676911338579,32,0.958333978990637,0.041666021009363,Compact
228,18,18,67,Sec2_GFP,0,Sec2_GFP_Rep0,67.0,19660.90241935,57353.03096774,19671.66,57366.94,-1.03936722,-18.2583829,57.08757135116859,46.52920101691627,51.391976870911215,32.65462701281018,12.82660187422573,18.231904215338776,0.5495269696026803,0.2957641252435479,59,0.7687695100791346,0.2312304899208654,Compact
229,18,18,68,Sec2_GFP,0,Sec2_GFP_Rep0,88.0,32015.15602273,59921.37204545,32027.39,59920.61,4.26128619,0.76720275,64.49472333803897,62.70885894298586,58.12929893554916,44.04983712329959,20.719664507570087,11.471943439555169,0.0903302710701324,0.0728613553228055,88,0.1239157100557836,0.876084289944216,Expanded
230,18,18,71,Sec2_GFP,0,Sec2_GFP_Rep0,56.0,29011.81769231,58878.85307692,29020.84,58901.59,0.54867994,1.13327838,45.60690276949712,43.70964097935758,32.37154012179063,29.042478119236453,13.900746213116042,7.471057282372337,0.1371393159314905,0.2707983556894803,51,0.9652801880909924,0.0347198119090076,Compact
231,18,18,74,Sec2_GFP,0,Sec2_GFP_Rep0,125.0,31416.14561983,47611.16644628,31406.39,47589.75,-20.11877706,-6.07131173,72.11197232130195,68.9518085118007,60.23637421834397,52.2639738343886,16.536204552679273,26.294750831039536,0.442680031999044,0.1178799056721931,119,0.0060928367317639,0.993907163268236,Expanded
232,18,18,75,Sec2_GFP,0,Sec2_GFP_Rep0,42.0,32831.36384615,61846.71923077,32822.5,61842.91,-1.49608912,-11.60223102,59.03514469299672,59.03514469299672,44.1232697999621,43.760563747990936,18.44331416423072,16.210349439474697,0.2835525710131872,0.3041393668713176,39,0.0320750612929399,0.9679249387070602,Expanded
233,18,18,80,Sec2_GFP,0,Sec2_GFP_Rep0,46.0,21917.695,49894.909,21908.64,49882.08,6.94809487,3.3843835,64.37865314248232,64.37865314248232,60.49182638098286,46.62968489093209,16.599076980325744,20.538493653576,0.1579616238113593,0.4274168883147425,40,0.0133249449259946,0.9866750550740054,Expanded
234,18,18,81,Sec2_GFP,0,Sec2_GFP_Rep0,49.0,22809.12877551,50558.12673469,22845.16,50557.27,-1.69906603,4.42871867,67.5471890174807,67.5471890174807,63.21221936822334,48.480605621903486,21.45180707562976,17.935234917000074,0.1248817629220038,0.124478018668349,49,0.0216282449882158,0.9783717550117838,Expanded
235,18,18,82,Sec2_GFP,0,Sec2_GFP_Rep0,74.0,38932.83731343,57082.89597015,38925.33,57084.61,5.4882665,-0.18000498,63.53173354095919,51.10872182768282,50.84841291507121,32.03162278941525,13.976782999644067,8.623926488623132,0.238378870687228,0.2334659599213916,65,0.634486088577967,0.3655139114220329,Compact
236,18,18,84,Sec2_GFP,0,Sec2_GFP_Rep0,36.0,18630.87235294,63857.87676471,18636.35,63865.47,11.59547004,2.84284109,55.88337697303656,46.43522839191948,31.96638292293776,23.460754827413137,6.948129920628113,11.65345553462998,0.425325668837085,0.040394178787068,31,0.8677745437667403,0.1322254562332598,Compact
237,18,18,85,Sec2_GFP,0,Sec2_GFP_Rep0,91.0,29279.26697674,44826.63406977,29304.0,44836.42,-6.84940475,19.75450464,71.09919723496745,69.04787082512023,68.84640220090988,53.56872312927498,21.066469554667265,20.00648840274747,0.4114250149252385,0.2103182057226321,86,0.0235130238670986,0.9764869761329016,Expanded
238,18,18,106,Sec2_GFP,0,Sec2_GFP_Rep0,49.0,20134.5927451,46491.66019608,20133.33,46495.72,0.35665723,3.4009765,72.80204114016688,72.80204114016688,68.7230195636169,50.48611724878588,19.45831297916151,25.101509719525144,0.0715845343352549,0.1528047021411261,51,0.0053137702916977,0.9946862297083022,Expanded
239,18,18,105,Sec2_GFP,0,Sec2_GFP_Rep0,57.0,41998.42517857,47078.69267857,42004.32,47068.56,-134.49280648,25.90961494,52.79218209838042,50.92638015189195,40.89487438839744,142.1401906654358,13.904483139871012,250569.82703533705,0.9737561743901144,0.8983128587894981,55,0.5892661645815883,0.4107338354184116,Compact
240,18,18,103,Sec2_GFP,0,Sec2_GFP_Rep0,67.0,39743.10630769,45049.39138462,39752.81,45061.28,3.3600003,-15.00829934,49.854481566509016,47.46101080042794,40.99546691752956,36.47194919297399,12.50916127296782,16.59513859226473,0.4568970213210682,0.2136664425238774,65,0.5904708150688394,0.4095291849311607,Compact
241,18,18,102,Sec2_GFP,0,Sec2_GFP_Rep0,64.0,17425.7437931,45589.80344828,17432.83,45587.34,1.20628856,1.87442035,73.13754587795727,70.79740007556903,70.96431215465479,47.58095345572002,21.857238037874502,14.01974526115837,0.0798160816604987,0.2766970607664246,57,0.0790191803296823,0.9209808196703172,Expanded
242,18,18,101,Sec2_GFP,0,Sec2_GFP_Rep0,96.0,42450.9283871,47284.50645161,42460.5,47287.16,-21.77629867,-17.16700147,57.20782843930784,52.45492019304944,48.94282193946485,45.57012498729192,15.68604615306594,22.87269933702949,0.6546179917959896,0.2273830219303181,93,0.3170376165143476,0.6829623834856525,Expanded
243,18,18,100,Sec2_GFP,0,Sec2_GFP_Rep0,37.0,41270.29216216,47191.71648649,41275.34,47165.28,21.61182018,58.01304945,63.03592438158881,63.03592438158881,65.95371450402311,76.5499494497445,16.883846231028954,36.93776647783241,0.828095821881892,0.4271675832846192,37,0.4025350522255164,0.5974649477744833,Expanded
244,18,18,59,Sec2_GFP,0,Sec2_GFP_Rep0,38.0,24381.94648649,63185.04081081,24395.92,63201.86,-7.36368226,3.15915449,73.19641220144837,73.19641220144837,80.1850968192182,52.89359140620245,20.502258442227458,23.963793482128985,0.1932333212922826,0.278243234409121,37,0.0096180737136085,0.9903819262863912,Expanded
245,18,18,99,Sec2_GFP,0,Sec2_GFP_Rep0,55.0,40929.59843137,48258.47294118,40900.34,48252.78,-4.08945898,2.65017177,79.36988886860586,75.23318720098416,68.55323645922502,53.95849095948651,21.29149586731268,22.376429497556288,0.0521529966526686,0.4228878743169326,51,0.0199431790123931,0.9800568209876068,Expanded
246,18,18,97,Sec2_GFP,0,Sec2_GFP_Rep0,61.0,30090.76316667,41967.58433333,30077.33,41995.11,-5.70421057,-5.4732978,58.560873309811626,58.560873309811626,57.32896599632103,42.56966736822466,16.37503917169983,16.272512637489587,0.2154407465291954,0.304096226807826,60,0.0295126600601206,0.9704873399398792,Expanded
247,18,18,96,Sec2_GFP,0,Sec2_GFP_Rep0,88.0,27696.9005814,50541.22930233,27706.31,50537.94,1.78453526,-1.94852647,58.6828123740424,54.057991329830266,47.74790431771278,37.818571813379975,16.64222726813364,18.48438978375131,0.0878981361188449,0.4743389823436056,85,0.2440693612770897,0.7559306387229102,Expanded
248,18,18,93,Sec2_GFP,0,Sec2_GFP_Rep0,100.0,29287.03956989,54330.42709677,29293.45,54313.81,-30.4766443,19.45896097,72.24131551466375,72.24131551466375,69.14567663638583,62.83182668897412,23.68580653888732,24.684724883351866,0.6389613518137266,0.1285110636747789,93,0.1574875344547864,0.8425124655452133,Expanded
249,18,18,92,Sec2_GFP,0,Sec2_GFP_Rep0,83.0,28028.36811594,64051.15362319,28047.56,64037.16,-22.52979049,-9.04068088,76.4514422577638,71.06213104818795,58.15815775292302,51.71485712732789,21.464648064307525,22.03994604449468,0.5044821137636086,0.2903470372407974,67,0.0284068722927967,0.9715931277072032,Expanded
250,18,18,88,Sec2_GFP,0,Sec2_GFP_Rep0,106.0,29638.67333333,44048.66427083,29639.14,44044.58,-5.10541175,8.66755298,56.31484413454382,53.12706290125087,45.550948285667154,36.653453304025405,14.44144428419917,14.22459543298494,0.3640565532795281,0.3855678565559235,93,0.383950746411007,0.616049253588993,Expanded
251,18,18,86,Sec2_GFP,0,Sec2_GFP_Rep0,31.0,20581.12225806,45851.75677419,20560.33,45848.81,-26.85048249,28.81021904,65.9143749630691,65.9143749630691,56.13828862466808,61.38129411265904,19.41446983670503,29.68635793003088,0.6799943160036374,0.1601315235854026,31,0.1975456796600728,0.8024543203399275,Expanded
252,18,18,98,Sec2_GFP,0,Sec2_GFP_Rep0,57.0,32114.70166667,60873.14259259,32118.8,60903.61,11.19291931,-7.26432157,71.93660167616176,71.93660167616176,73.74913791393207,53.087606694410496,19.147705327804186,26.73364125372936,0.2679494158828187,0.2643985292318757,54,0.0057216822065735,0.9942783177934263,Expanded
253,18,18,58,Sec2_GFP,0,Sec2_GFP_Rep0,32.0,16038.4346875,39646.0565625,16031.16,39666.83,9.89810604,-16.58896534,65.2210779715689,65.2210779715689,71.80131817074971,49.2667012842022,18.66561813159076,17.15825114519168,0.4629952196021389,0.1455922969655183,32,0.0309101709143879,0.969089829085612,Expanded
254,18,18,72,Sec2_GFP,0,Sec2_GFP_Rep0,59.0,24536.85519231,61793.76961538,24532.58,61790.36,-11.61860396,54.49572345,76.67428832146655,73.6528642402411,76.35020141323143,72.4124384144959,20.53972826418532,35.27689539833106,0.7653833381935512,0.3281351515822636,51,0.3592115881022881,0.640788411897712,Expanded
255,18,18,55,Sec2_GFP,0,Sec2_GFP_Rep0,58.0,30401.11385965,53551.27087719,30401.39,53548.55,-20.66002183,-6.36718133,50.88472736239389,45.47185458499798,35.06295901942536,33.99482676663188,12.965048740901617,15.659425509190362,0.6524759049021248,0.3073392747171692,54,0.8562705526172758,0.1437294473827242,Compact
256,18,18,25,Sec2_GFP,0,Sec2_GFP_Rep0,71.0,20883.41185714,54788.65714286,20875.11,54803.55,11.81427649,-9.59991586,71.51360387534689,71.51360387534689,64.82256304076827,51.68649699397704,16.743092543228002,24.24836843005662,0.2617666911823523,0.4155703416636399,70,0.0066515268594104,0.9933484731405896,Expanded
257,18,18,24,Sec2_GFP,0,Sec2_GFP_Rep0,62.0,21813.32949153,54779.84135593,21804.8,54789.88,-4.83365005,-9.11717811,69.4716157467639,69.4716157467639,66.66625451935437,48.171181802737735,16.9666433163647,25.534436011555364,0.2062146003302707,0.0794817633173495,59,0.0047706010103337,0.995229398989666,Expanded
258,18,18,18,Sec2_GFP,0,Sec2_GFP_Rep0,38.0,24420.61942857,47777.69514286,24439.76,47788.08,27.72900291,5.54952497,54.72639323029529,50.40952091341492,64.2342661708959,44.05135813007677,16.470908250416965,18.164535961750666,0.6922469524655462,0.2656704952262337,35,0.5835421580448393,0.4164578419551605,Compact
259,18,18,17,Sec2_GFP,0,Sec2_GFP_Rep0,49.0,21527.15851064,50130.52021277,21521.31,50120.03,-17.19439678,4.39835438,59.11811038652653,53.88781684113841,45.19558790843046,35.91468355442822,13.250511818568874,20.465312990344312,0.4677224453206992,0.231369926468305,46,0.3112831306677197,0.6887168693322804,Expanded
260,18,18,16,Sec2_GFP,0,Sec2_GFP_Rep0,77.0,34407.3809589,53313.51438356,34379.21,53317.79,10.81970518,0.92354169,68.25578034983758,68.25578034983758,69.35749930041807,48.70572601781107,18.765164850109,19.099988578090624,0.2640098325341687,0.1295006564015162,73,0.0094075982913138,0.9905924017086862,Expanded
261,18,18,15,Sec2_GFP,0,Sec2_GFP_Rep0,103.0,30685.14406593,47363.22175824,30700.89,47357.48,16.44911996,1.44761387,69.09655432330844,65.41647829572744,55.2504955912,47.36111555405757,21.361565936187304,12.376769239769782,0.3436539587459463,0.1374902364055557,90,0.1112335885691315,0.8887664114308684,Expanded
262,18,18,26,Sec2_GFP,0,Sec2_GFP_Rep0,50.0,41889.14354167,59092.74625,41890.04,59094.68,-15.2154782,-8.13476632,69.47949637676665,69.47949637676665,63.06053892765456,48.44798899658266,18.01696124983093,24.105887346214,0.3042862777051536,0.2182060550074906,48,0.0051057064705413,0.9948942935294584,Expanded
263,18,18,13,Sec2_GFP,0,Sec2_GFP_Rep0,75.0,23991.62467742,44325.68822581,23973.12,44300.99,16.88758717,-1.2239891,60.33018830190431,58.23401621472981,58.66992069296866,43.2698453334595,18.3956536719932,14.270328203704516,0.5137347053736039,0.0856937482219856,61,0.1797646552962453,0.8202353447037544,Expanded
264,18,18,10,Sec2_GFP,0,Sec2_GFP_Rep0,42.0,15853.57275,63943.2315,15863.14,63957.27,15.06338842,6.2524301,63.68542837468768,63.68542837468768,50.91273174932299,48.32495737728399,17.210586021099605,22.60518232373811,0.3573460226435054,0.4076986018845896,40,0.0070085830618535,0.9929914169381469,Expanded
265,18,18,9,Sec2_GFP,0,Sec2_GFP_Rep0,88.0,15787.28595238,64511.08892857,15786.97,64522.11,-3.63566257,-29.26678871,74.40734825549073,72.76981015484547,76.33912996399468,55.735182726184064,19.95436199213991,26.718192286875688,0.5533961652291339,0.4298353242797497,82,0.0379025432182857,0.9620974567817138,Expanded
266,18,18,56,Sec2_GFP,0,Sec2_GFP_Rep0,41.0,33978.78513514,55324.22189189,33980.49,55323.9,4.33267971,3.76805489,60.43856787704137,55.33792622436936,50.64602480989407,34.0496975946431,18.957959759376266,5.824231271582876,0.3337820257463662,0.0960336904834725,37,0.553933725936786,0.446066274063214,Compact
267,18,18,6,Sec2_GFP,0,Sec2_GFP_Rep0,37.0,20419.10888889,50439.06666667,20429.38,50444.53,10.29040936,1.01022983,53.86263266239013,49.06788628264815,40.27447871665483,32.6380251453561,13.92013448899156,8.658620453515478,0.366019166818893,0.1137605539088803,35,0.7629411126669381,0.237058887333062,Compact
268,18,18,5,Sec2_GFP,0,Sec2_GFP_Rep0,53.0,19588.86294118,51003.78745098,19609.45,50992.97,2.17339154,-5.31314167,61.27422201529691,58.63678302269892,59.08873228540798,39.97708030120907,14.749647166672316,21.26224646240556,0.2529037443221861,0.4777027302914443,51,0.0806958342509092,0.9193041657490908,Expanded
269,18,18,3,Sec2_GFP,0,Sec2_GFP_Rep0,51.0,32798.26116279,50075.90162791,32789.39,50067.16,-131.81448697,148.80259414,74.1440323453942,74.1440323453942,73.63990829148477,207.6419608159479,22.76322378321249,2.5375696795005305,0.9747334113852052,0.9023255858878224,43,0.4488185848821001,0.5511814151178998,Expanded
270,18,18,12,Sec2_GFP,0,Sec2_GFP_Rep0,40.0,16810.64,49858.19789474,16806.09,49868.91,7.53371888,-42.42824328,72.46098596929488,67.73713357218597,65.68759347761713,63.63938239006214,18.1843190272086,31.001707472208054,0.7268604819990657,0.3324416341260182,38,0.2908215199099743,0.7091784800900257,Expanded
271,18,18,28,Sec2_GFP,0,Sec2_GFP_Rep0,48.0,39537.21142857,43547.07666667,39505.5,43503.14,11.00761519,12.61667708,62.14449949593988,59.33738517625773,57.66539786421852,44.125556795971214,13.652508087964446,22.469440636174475,0.3978815497870104,0.3913327977499696,42,0.0081322624323744,0.9918677375676256,Expanded
272,18,18,8,Sec2_GFP,0,Sec2_GFP_Rep0,45.0,38563.42717391,62190.72086957,38569.12,62186.84,11.20290275,0.62385367,66.4294192985473,66.4294192985473,60.02761350713851,46.86823719098164,18.768365530888936,20.69237731701277,0.1694224317959274,0.1269163818377242,46,0.0075847583449544,0.9924152416550456,Expanded
273,18,18,34,Sec2_GFP,0,Sec2_GFP_Rep0,34.0,17542.20870968,55938.82258065,17537.86,55973.89,-2.6880385,-21.47696867,64.02866742296686,59.168371134005056,53.42367360501888,44.82689190617101,19.213572390540044,16.568418760018428,0.4763021073023027,0.1248982446771854,31,0.0537446414806883,0.946255358519312,Expanded
274,18,18,31,Sec2_GFP,0,Sec2_GFP_Rep0,39.0,16297.19103448,43883.37344828,16303.11,43881.55,6.14130925,2.50587127,34.52889612538864,28.70084413711758,27.67283504350671,20.36512699788122,8.614489290891688,5.967549821651748,0.4591492041366776,0.2828035266882965,28,0.9480941863710072,0.0519058136289929,Compact
275,18,18,52,Sec2_GFP,0,Sec2_GFP_Rep0,31.0,20071.35068966,50428.47724138,20050.19,50426.91,-11.76257504,-14.77146382,67.27403793425167,55.24416305956828,66.25698947859514,39.16142577475248,11.490547603911091,20.21488431327537,0.614130228216131,0.3397701524228652,27,0.2629873656640467,0.7370126343359534,Expanded
276,18,18,49,Sec2_GFP,0,Sec2_GFP_Rep0,126.0,17025.84617391,58727.3426087,17020.83,58719.21,-0.89858185,-11.70013935,71.79314418367515,71.79314418367515,70.39071892570486,51.97251941376768,18.554619204874783,21.52085764198132,0.2486583583857616,0.0914621779568265,115,0.0072214699182204,0.9927785300817796,Expanded
277,18,18,48,Sec2_GFP,0,Sec2_GFP_Rep0,46.0,34561.18236842,59078.09605263,34567.82,59077.59,5.11579745,34.79336185,70.42926635449318,66.57844571822704,52.13028405257131,52.415645369970136,13.786446007748498,25.98948525584819,0.64530590399081,0.6546221920060992,36,0.2183667249632327,0.7816332750367675,Expanded
278,18,18,47,Sec2_GFP,0,Sec2_GFP_Rep0,72.0,28276.74616667,48829.52283333,28270.02,48840.27,9.57710642,-1.8415474,65.56316929086393,62.86389296990024,70.7452202952114,44.74417281286375,18.90267997051963,15.455303187022569,0.2433409166206969,0.3152589521347347,59,0.0496873838376964,0.9503126161623036,Expanded
279,18,18,46,Sec2_GFP,0,Sec2_GFP_Rep0,83.0,29561.83194805,48903.48233766,29553.61,48891.05,-4.54016458,15.07144276,74.23246306043649,72.53299212982876,74.89005849442871,53.32686431226892,23.292444913019345,13.35616291115807,0.3260499041167207,0.2538749568916947,77,0.10705363442132,0.8929463655786799,Expanded
280,18,18,44,Sec2_GFP,0,Sec2_GFP_Rep0,42.0,32873.08354839,43842.67387097,32889.68,43855.71,-0.95670137,-3.44296013,45.80201426093908,42.319886154686266,33.40827720924416,26.03604666041404,10.864752419423947,9.343236529577872,0.2081424748720067,0.2490070574946818,29,0.9774648539979066,0.0225351460020937,Compact
281,18,18,51,Sec2_GFP,0,Sec2_GFP_Rep0,85.0,16180.78807692,50417.28935897,16182.66,50423.64,-18.88353507,2.61514979,67.89155917120837,65.71834374559415,66.64009669713795,49.962892608282566,18.15584521747906,25.06691514134916,0.4359013049933445,0.3831850286838503,78,0.0079086856078698,0.9920913143921304,Expanded
282,18,18,41,Sec2_GFP,0,Sec2_GFP_Rep0,93.0,23364.73659341,39979.64637363,23354.92,39966.97,-5.35600894,23.74812044,78.6945035965156,76.94703108844062,79.25780948009628,59.65191957188475,20.649424445804385,28.012790274452623,0.4686872448775644,0.3038097958266172,91,0.0154658081674271,0.9845341918325728,Expanded
283,18,18,40,Sec2_GFP,0,Sec2_GFP_Rep0,35.0,18647.396,57039.752,18654.75,57039.06,-14.09447258,6.90856396,57.01839080156537,57.01839080156537,63.492956966334255,43.6475121404798,13.39792832621191,22.554300927438472,0.3201421320319956,0.1110250465051234,35,0.0104233294866164,0.9895766705133834,Expanded
284,18,18,39,Sec2_GFP,0,Sec2_GFP_Rep0,61.0,33276.81816327,61793.75142857,33270.63,61809.01,-10.8337075,-18.51602041,66.14839775374601,66.14839775374601,65.76473595914896,51.89091037487391,14.647405167027802,25.79978369852912,0.42883791090902,0.2332029712326544,49,0.0066131820213346,0.9933868179786656,Expanded
285,18,18,36,Sec2_GFP,0,Sec2_GFP_Rep0,45.0,32890.34974359,46259.61512821,32899.09,46265.39,-5.44895959,-10.40503345,61.26058890789412,53.15798873621785,48.8415574166086,37.82404276477843,15.79064826260144,12.335785147220989,0.3072775810110156,0.2309140273492846,38,0.3657627359533736,0.6342372640466264,Expanded
286,18,18,42,Sec2_GFP,0,Sec2_GFP_Rep0,33.0,28025.68647059,46250.23852941,28037.84,46249.58,3.86525004,-3.12539403,61.21910138418567,61.21910138418567,61.45278701965832,41.695022494732655,20.93752533137101,10.372415947185855,0.0811593089733549,0.419830296536722,34,0.1708704394933544,0.8291295605066454,Expanded
287,18,18,35,Sec2_GFP,0,Sec2_GFP_Rep0,44.0,32593.32309524,46502.19619048,32598.31,46525.16,-1.53496914,-10.89685211,49.883575525434814,46.92779956604755,46.505200790180815,35.2799988427079,14.077261631501132,12.128682837050215,0.3131546665398048,0.1644885851036119,42,0.8274571266106229,0.1725428733893769,Compact
288,19,19,53,Sec2_GFP,1,Sec2_GFP_Rep1,49.0,38960.43791667,60397.90604167,38949.75,60397.94,29.27447306,-18.14725541,60.314175932521614,52.65129720180673,49.44233513100372,50.99690714323377,15.435384672499476,24.39382601037558,0.7036669813300411,0.1782418897365627,48,0.3630910409990613,0.6369089590009386,Expanded
289,19,19,51,Sec2_GFP,1,Sec2_GFP_Rep1,80.0,18959.64042857,57729.47042857,18953.62,57714.81,-26.60953687,13.63456437,70.93063233385112,70.93063233385112,63.82661661216466,57.23241639351653,25.412132182609163,15.43223803018718,0.5990869878470212,0.2088746319445647,70,0.1954081284756376,0.8045918715243622,Expanded
290,19,19,50,Sec2_GFP,1,Sec2_GFP_Rep1,42.0,40942.15395349,45249.55744186,40921.25,45257.57,5.97900018,-6.43827634,52.63915843745745,52.63915843745745,52.79622564211523,38.61236384667222,13.51223233375716,21.173181233372453,0.2721984411532714,0.3401192316006317,43,0.148580847446751,0.8514191525532488,Expanded
291,19,19,49,Sec2_GFP,1,Sec2_GFP_Rep1,58.0,19051.1478,63562.7816,19068.25,63576.25,-11.919451,-26.53653748,77.91972879756591,74.80131478293691,59.489913903873294,60.83562880687228,21.62736050850784,28.53380388997781,0.5284657483811029,0.4329709838794975,50,0.0435163158782958,0.9564836841217044,Expanded
292,19,19,46,Sec2_GFP,1,Sec2_GFP_Rep1,66.0,25237.21276923,46628.97676923,25231.5,46627.62,26.44904204,-142.31148519,55.77415062868072,52.64631844491639,60.3161240544902,149.9563721878409,15.67829975469084,1027084359.1178756,0.976817024721648,0.9094930897916766,65,0.6108833790566313,0.3891166209433688,Compact
293,19,19,47,Sec2_GFP,1,Sec2_GFP_Rep1,114.0,22678.48378378,49374.54036036,22658.38,49369.25,14.10090377,1.27248769,64.38395124695757,64.38395124695757,64.28596843785554,48.11860566607145,17.566203876690466,21.33501346016588,0.3038018839659604,0.2856484570565877,111,0.0064333206267399,0.9935666793732598,Expanded
294,19,19,45,Sec2_GFP,1,Sec2_GFP_Rep1,72.0,30235.3226087,47956.70898551,30204.12,47954.94,18.59548204,4.44350927,61.13562922061095,59.56254232225808,61.12209502872378,45.2899456475851,15.717803495442585,22.64482542568745,0.4092205000335673,0.1348145123687471,69,0.0057605499444198,0.9942394500555805,Expanded
295,19,19,44,Sec2_GFP,1,Sec2_GFP_Rep1,42.0,29505.37846154,46731.69384615,29492.25,46714.93,8.4272616,12.16177445,62.32864489955478,55.93745868018673,50.41255542838497,42.606991231300086,14.181275096185963,20.910282098014218,0.3989217833491424,0.2018925405032692,39,0.0259338428735179,0.974066157126482,Expanded
296,19,19,56,Sec2_GFP,1,Sec2_GFP_Rep1,46.0,23605.07684211,51035.49552632,23624.44,51017.56,6.15531733,-1.97634377,37.62523744098218,37.62523744098218,36.96592309561708,27.641790954847632,9.188711597249457,14.703774734153242,0.2386256712422373,0.5450760779585255,38,0.8750508869723477,0.1249491130276522,Compact
297,19,19,42,Sec2_GFP,1,Sec2_GFP_Rep1,97.0,17376.84022472,39717.60898876,17399.0,39717.44,6.71176401,4.86316539,63.6130740417253,61.82115322869625,60.48165754964656,44.92910156240435,17.28887735992751,20.092906373334504,0.2008296952290462,0.222691487975228,89,0.008961438398989,0.991038561601011,Expanded
298,19,19,48,Sec2_GFP,1,Sec2_GFP_Rep1,108.0,24231.26284404,49285.23981651,24241.19,49260.81,-0.86831206,-1.06674295,66.04844227218759,64.46783816520573,55.4172132998048,45.35727000081972,20.65670818218089,12.261250055314443,0.0328600494367361,0.1069922207048293,109,0.0936700979260004,0.906329902074,Expanded
299,19,19,59,Sec2_GFP,1,Sec2_GFP_Rep1,51.0,18214.58511111,60030.732,18210.0,60010.94,9.87636674,4.09151486,64.10696351355384,60.87765241624811,49.06423212529021,41.235023144678536,15.805505122397472,19.15162137156681,0.2378259426319456,0.4477997345058179,44,0.0278068869615186,0.9721931130384812,Expanded
300,19,19,71,Sec2_GFP,1,Sec2_GFP_Rep1,45.0,15745.95761905,53074.3452381,15733.38,53051.68,10.13732296,7.33318317,47.24179414220818,40.71660886883598,54.279931740851104,30.584168071731646,14.028823496778388,7.865343278318899,0.4695320214991968,0.2428053947455401,41,0.9652610340341709,0.0347389659658293,Compact
301,19,19,63,Sec2_GFP,1,Sec2_GFP_Rep1,33.0,26422.745,44081.50433333,26417.94,44071.87,2.13304344,4.96738023,45.496311672488034,39.528914002227694,38.60458486854837,28.74780855884223,10.06499310571508,11.196323129737891,0.2094329477742413,0.2132761378145937,30,0.983280756557244,0.016719243442756,Compact
302,19,19,65,Sec2_GFP,1,Sec2_GFP_Rep1,34.0,23213.94060606,43428.43606061,23205.75,43404.81,3.02441792,11.47546519,39.670626080142206,39.670626080142206,53.29744114796238,29.58126134377374,9.627215957498333,13.347356119677116,0.4547494933946683,0.1775793576437957,33,0.958588273346569,0.0414117266534307,Compact
303,19,19,66,Sec2_GFP,1,Sec2_GFP_Rep1,67.0,42090.2187037,61339.88481481,42082.75,61323.12,4.90785226,7.80565931,64.34932879740278,64.34932879740278,61.342307804432025,46.87949252256158,14.011777186946562,23.82723147873731,0.1934532890216108,0.4060878343369832,54,0.006529486644715,0.9934705133552852,Expanded
304,19,19,67,Sec2_GFP,1,Sec2_GFP_Rep1,58.0,35941.58821429,61462.35214286,35950.12,61461.44,-7.36369989,5.13349786,57.22409308833253,47.248222694085975,42.15504421823827,33.56120751235013,14.62354494768591,8.55100405978144,0.2235246966102116,0.1667035907709081,55,0.8758675676611805,0.1241324323388193,Compact
305,19,19,69,Sec2_GFP,1,Sec2_GFP_Rep1,50.0,34238.89395833,43528.91270833,34231.06,43496.56,9.9399244,31.20004513,69.22769591172651,69.22769591172651,60.81174721073001,59.30754292948375,21.857766555050905,25.0781162486708,0.6074875819719469,0.2022071436980724,48,0.0939060095639205,0.9060939904360796,Expanded
306,19,19,73,Sec2_GFP,1,Sec2_GFP_Rep1,53.0,29636.9177551,43663.22938776,29624.38,43647.44,-13.00544113,11.67210356,54.24838000703586,54.24838000703586,45.82651383933424,40.8270097229834,15.111942219321984,19.518318277150467,0.4095086458347249,0.1266040778153322,49,0.0573397266305498,0.94266027336945,Expanded
307,19,19,74,Sec2_GFP,1,Sec2_GFP_Rep1,91.0,30849.64818182,55338.68386364,30847.44,55330.62,4.17723871,-8.22389829,77.05081014846719,77.05081014846719,73.64719831193787,55.80390102416102,23.66556750582724,30.732974138970786,0.1682266111092153,0.5015474624126575,88,0.052111477196091,0.9478885228039092,Expanded
308,19,19,75,Sec2_GFP,1,Sec2_GFP_Rep1,54.0,22864.35176471,52612.80705882,22870.28,52620.22,-4.48076701,-19.452877,59.89787343896082,59.89787343896082,68.16447811360004,47.21206482871776,15.140181820742734,23.998016172473296,0.4375463123450643,0.5946794146023839,51,0.0695317040218374,0.9304682959781624,Expanded
309,19,19,76,Sec2_GFP,1,Sec2_GFP_Rep1,64.0,16577.19333333,49581.78877193,16582.88,49583.19,-12.01533504,9.12856495,61.97153627188599,59.83799455520693,61.69230544476813,45.32690545371948,19.818613005474884,23.30894724263026,0.3223334680734269,0.0574557622429794,57,0.0084658810757121,0.991534118924288,Expanded
310,19,19,79,Sec2_GFP,1,Sec2_GFP_Rep1,41.0,17963.77756098,61591.12268293,17955.06,61586.06,-21.66133383,-7.28852379,56.3142562610217,56.3142562610217,51.62801244067828,45.15434469130793,15.604622021481411,17.94951601709565,0.539331554336495,0.176029986648343,41,0.0906005978062547,0.9093994021937456,Expanded
311,19,19,41,Sec2_GFP,1,Sec2_GFP_Rep1,76.0,30738.89875,43102.865,30735.0,43125.19,26.33774119,-0.43468657,64.17756903759167,59.37573143181086,57.36138242847665,49.39122907492025,14.65390477024916,26.08111601813677,0.5801623561500711,0.2916693776855626,64,0.0490511966573995,0.9509488033426003,Expanded
312,19,19,60,Sec2_GFP,1,Sec2_GFP_Rep1,74.0,41867.42253968,60338.59968254,41841.03,60328.34,3.69180045,9.54711299,62.48827429369595,46.53908112119326,34.94507443001084,31.240148232114706,13.973029376116276,8.794683651024434,0.3141672160568758,0.0826763677821365,62,0.915159336872607,0.0848406631273928,Compact
313,19,19,40,Sec2_GFP,1,Sec2_GFP_Rep1,75.0,29892.93722222,42036.26555556,29889.38,42002.38,-3.48553077,23.76354785,59.611876539973686,57.91838311168274,45.70181016076068,45.94068205951326,16.919799431901268,20.24722102070664,0.5660906967852859,0.0445084046859255,71,0.0776944874727479,0.9223055125272522,Expanded
314,19,19,28,Sec2_GFP,1,Sec2_GFP_Rep1,42.0,34082.016,52440.832,34090.93,52400.94,-3.87287404,15.33274838,53.57061380894179,46.56375133728016,35.20305268069833,33.986496223270805,13.124176291026275,13.525813823773708,0.5031553988539746,0.138545797090661,39,0.8529489622313067,0.1470510377686929,Compact
315,19,19,36,Sec2_GFP,1,Sec2_GFP_Rep1,38.0,18393.09242424,49235.95818182,18341.81,49225.56,-22.83980053,10.44117348,75.96249158241348,70.79730780150584,58.28337500995252,54.12402307336977,19.66609973713124,24.18430625152827,0.5980713576288396,0.2045768828282011,33,0.0773629574985098,0.92263704250149,Expanded
316,19,19,37,Sec2_GFP,1,Sec2_GFP_Rep1,110.0,20317.84176471,41320.80588235,20326.19,41312.88,-20.91683786,-20.73527432,69.1693027995644,64.07790070272544,60.33830698186642,53.97421130157981,19.727810243295,21.833556473858632,0.6091920616042987,0.2016240677852971,101,0.0973423831121826,0.9026576168878172,Expanded
317,19,19,2,Sec2_GFP,1,Sec2_GFP_Rep1,74.0,31512.9657971,52746.42985507,31515.59,52737.66,-3.20795309,-14.32796565,63.35532296665141,59.353010302792526,63.35353994405647,44.86555707534807,15.129461847721853,19.717996106289792,0.3275053461922012,0.1220886991839478,69,0.0091202946436387,0.990879705356361,Expanded
318,19,19,4,Sec2_GFP,1,Sec2_GFP_Rep1,60.0,15573.9845614,47801.80614035,15558.94,47791.88,1.21732605,1.53975852,74.05755920068123,68.54715943994108,64.93568651105585,46.033276696232605,17.2971597565037,20.99390358890938,0.0958747837985375,0.2025039952597838,57,0.0079551088422563,0.9920448911577436,Expanded
319,19,19,5,Sec2_GFP,1,Sec2_GFP_Rep1,35.0,20769.64878788,63945.10818182,20743.62,63939.43,-5.46496071,14.18087026,56.60189965415584,56.60189965415584,56.171727590155136,43.19192032284701,18.168760154802445,16.27368554163238,0.3899513148887001,0.1898898139585339,33,0.0492924624793597,0.9507075375206404,Expanded
320,19,19,6,Sec2_GFP,1,Sec2_GFP_Rep1,61.0,27395.5035,47480.50066667,27392.31,47474.19,-3.84039496,-0.8787239,66.00743232787397,66.00743232787397,69.94358443908706,46.10774774116023,16.036034536758756,24.7397275795424,0.0781166855191102,0.1312280689898455,60,0.0044220482270123,0.9955779517729876,Expanded
321,19,19,8,Sec2_GFP,1,Sec2_GFP_Rep1,37.0,18055.2975,42483.31527778,18055.69,42475.0,3.52281253,-7.60883996,64.75001902781328,60.15467773294311,59.68499208929584,41.62722357474586,20.19234353849184,10.715742104031362,0.2289124606484934,0.1908372726521681,35,0.1444908820055396,0.8555091179944602,Expanded
322,19,19,9,Sec2_GFP,1,Sec2_GFP_Rep1,75.0,27895.48185714,47905.72328571,27888.19,47854.07,4.08399862,-5.631959,45.34979865306397,37.25015403028544,31.69127105507102,26.10395449582605,11.688742780070353,6.318448694168153,0.3640947440036957,0.0841390997724298,68,0.9910050265313806,0.0089949734686197,Compact
323,19,19,12,Sec2_GFP,1,Sec2_GFP_Rep1,36.0,22920.52766667,48356.40966667,22907.38,48364.63,-33.66676272,6.15008978,52.92161435468843,48.5745752238536,61.062009402815285,48.93384314963357,16.253021871961366,22.500203393396497,0.7957743848908526,0.5154037454553921,29,0.7521132103845126,0.2478867896154873,Compact
324,19,19,13,Sec2_GFP,1,Sec2_GFP_Rep1,32.0,22348.54483871,48803.47870968,22347.06,48802.44,20.6451527,4.58306351,62.62487601179117,62.62487601179117,50.65907628703753,45.71077577862973,17.648430911318425,21.12759822034101,0.5230707907164627,0.0637565207672871,31,0.0459556395046056,0.9540443604953944,Expanded
325,19,19,14,Sec2_GFP,1,Sec2_GFP_Rep1,74.0,22644.65056338,47649.81633803,22612.69,47669.31,6.33987914,-18.63006445,58.84380952036996,56.67007120310187,58.6359148040434,43.547449223555205,17.97492203013814,15.96627038198,0.5022081478157261,0.4095483785883313,70,0.1162130843043657,0.8837869156956343,Expanded
326,19,19,16,Sec2_GFP,1,Sec2_GFP_Rep1,72.0,32306.07242424,50372.92787879,32306.94,50367.06,7.10635761,8.45247133,73.58224763770963,71.36741800876513,60.59422758304843,50.82230823820196,19.611610508322045,22.121300312782896,0.2077122805594409,0.126335373812293,65,0.0060735981067749,0.993926401893225,Expanded
327,19,19,17,Sec2_GFP,1,Sec2_GFP_Rep1,44.0,33049.96512821,44824.41435897,33061.94,44784.81,-1.01182746,1.55174384,46.0614349975937,38.35539773377743,35.721813627272574,27.459271088335026,11.032301292148462,14.087961901536106,0.08941907450936,0.1444463160275761,39,0.9738909865883936,0.0261090134116064,Compact
328,19,19,1,Sec2_GFP,1,Sec2_GFP_Rep1,49.0,18903.82654545,63971.60890909,18891.94,63984.75,-4.25231081,-0.98566394,69.35094127135169,69.35094127135169,58.37595707542392,48.332729973943295,22.87766901838604,12.307479064373922,0.0831639970768887,0.0502467960469392,55,0.1044297791757354,0.8955702208242644,Expanded
329,19,19,22,Sec2_GFP,1,Sec2_GFP_Rep1,58.0,32843.71290909,47878.44,32833.5,47890.56,-4.30377955,-3.22054948,63.03394708237964,58.37400650035734,56.57297980795981,38.460452072362415,14.186639711609336,17.909874662906343,0.2027671809326704,0.2302091398945617,54,0.1122569505911762,0.8877430494088234,Expanded
330,19,19,23,Sec2_GFP,1,Sec2_GFP_Rep1,32.0,37522.9903125,56456.9190625,37513.88,56447.82,-4.57632252,2.70599319,53.425675655159374,49.492373067331904,43.1249890993634,33.14285842357058,14.327751879709972,10.397814333553905,0.1376241195446491,0.1859697746712686,31,0.718061463493241,0.2819385365067589,Compact
331,19,19,24,Sec2_GFP,1,Sec2_GFP_Rep1,66.0,35315.91037037,52715.27074074,35310.94,52667.38,7.2316465,0.50126387,49.61191436342584,49.61191436342584,47.97456252562961,36.17091006827374,16.659542757238373,8.974985699016068,0.2074881226223772,0.1044723691006993,54,0.6107890444904929,0.3892109555095069,Compact
332,19,19,25,Sec2_GFP,1,Sec2_GFP_Rep1,62.0,38137.10032258,60579.82435484,38138.62,60578.62,-0.98891311,9.01817922,49.45036884956563,47.842218409088176,41.7407254017343,34.24821549802203,14.11455592369493,10.561520853696925,0.2464787537998586,0.0553754859148811,62,0.8178878939389455,0.1821121060610547,Compact
333,19,19,26,Sec2_GFP,1,Sec2_GFP_Rep1,36.0,38655.406875,59809.0790625,38630.5,59804.25,-0.77312174,-12.9173133,62.86196762758618,62.86196762758618,56.32798967735941,44.964985592407366,20.12772419854404,17.976730205108506,0.3688675069523776,0.3554666239426253,32,0.0206405242446064,0.9793594757553938,Expanded
334,19,19,35,Sec2_GFP,1,Sec2_GFP_Rep1,33.0,33570.36413793,59537.68206897,33573.5,59552.44,-8.64802109,-1.7837349,48.77608857549206,34.52606152851271,41.06791768601956,26.1946216953726,10.37633501173124,11.401093846949578,0.3551813554135838,0.1165339693675109,29,0.9878356366366348,0.0121643633633649,Compact
335,19,19,30,Sec2_GFP,1,Sec2_GFP_Rep1,42.0,35728.38315789,46903.05868421,35740.25,46878.31,-14.18769967,13.29478427,70.71953055201477,58.80820068044372,47.72806388414758,44.01306986806551,16.93539562017127,14.830643309989687,0.5547822377497178,0.1957563110319948,37,0.1665080920226739,0.8334919079773261,Expanded
336,19,19,31,Sec2_GFP,1,Sec2_GFP_Rep1,47.0,28779.34333333,48377.47177778,28785.81,48382.19,-8.21077562,-8.39526326,49.43009406542285,49.43009406542285,47.4678919202784,37.20882103535945,16.1621459705326,20.84867522597156,0.2823351861236277,0.1121507563066183,45,0.4561674645190892,0.5438325354809106,Expanded
337,19,19,33,Sec2_GFP,1,Sec2_GFP_Rep1,37.0,22153.7,59457.36972973,22115.62,59438.44,13.94091356,10.35567874,54.12818866493844,39.73039265753119,25.69175369600461,32.20506247506196,11.671829578345967,15.459554683126306,0.6788671891121496,0.3119779217938769,35,0.9331359028773686,0.0668640971226315,Compact
338,19,19,34,Sec2_GFP,1,Sec2_GFP_Rep1,66.0,25435.94984848,56490.70772727,25454.06,56479.75,5.62709447,2.27649865,66.78760312409375,61.83608292124559,65.4203822114075,41.75237361659144,17.255537253520107,12.076495531973087,0.0946366514886268,0.3548743088550152,65,0.1286071540547149,0.8713928459452851,Expanded
339,19,19,21,Sec2_GFP,1,Sec2_GFP_Rep1,36.0,23341.49842105,43852.48842105,23313.94,43819.25,-4.81415626,0.79060692,68.7560512331424,68.7560512331424,63.27785039671216,49.35318804869478,18.03998798433559,17.88425957191798,0.0993169508795457,0.3015258270156538,38,0.0136977807537254,0.9863022192462744,Expanded
340,20,20,60,Sec2_GFP,2,Sec2_GFP_Rep2,56.0,41377.41933333,44462.908,41387.16,44452.78,9.60716321,30.11173576,49.00005022492705,44.75909743901837,48.5135584093211,44.58498784437945,15.82191748064184,20.346822411661982,0.78157252478415,0.3850604511820302,45,0.851954985165805,0.1480450148341952,Compact
341,20,20,59,Sec2_GFP,2,Sec2_GFP_Rep2,79.0,25644.17176471,62851.13058824,25635.54,62864.86,-136.54317818,846.04545414,77.3781092856999,77.3781092856999,60.539665796008286,857.4124320541086,28.41008689520509,2.5375696795005305,0.9986454499029284,0.9945933301944644,68,0.4516727587179648,0.5483272412820351,Expanded
342,20,20,57,Sec2_GFP,2,Sec2_GFP_Rep2,35.0,16778.20774194,58289.63322581,16768.64,58314.28,4.04861809,1.39723083,66.00671712669825,53.17047249631895,47.26818737090886,35.51965454544417,14.48628687874016,10.953681141116643,0.169401786115535,0.3015128804580849,30,0.4915074205489763,0.5084925794510238,Expanded
343,20,20,49,Sec2_GFP,2,Sec2_GFP_Rep2,110.0,19187.41220183,54447.34302752,19195.7,54464.3,0.48275418,1.34634239,78.15177166234831,78.15177166234831,73.18772660552158,55.84101413672834,17.449543816484088,27.225821835441007,0.021250249398836,0.5104107617145895,109,0.0228614063644565,0.9771385936355436,Expanded
344,20,20,54,Sec2_GFP,2,Sec2_GFP_Rep2,50.0,28353.90108696,48347.865,28387.83,48336.51,8.4224232,3.49923321,66.62096776577641,61.07169922659306,51.06739164987654,44.56586998100146,19.271975669704567,15.63560035818133,0.2283973861249158,0.3152601707100962,46,0.0438895641994128,0.9561104358005872,Expanded
345,20,20,52,Sec2_GFP,2,Sec2_GFP_Rep2,36.0,32580.14451613,41443.26645161,32591.89,41470.36,23.93537012,4.8388089,72.98073435971688,66.76422665830839,68.39666485099958,52.14041086773331,16.591894666614284,26.23687759628616,0.5080076901149194,0.1954419277231571,30,0.0122134301393236,0.9877865698606764,Expanded
346,20,20,50,Sec2_GFP,2,Sec2_GFP_Rep2,44.0,23419.28952381,59220.10761905,23429.27,59233.56,-4.08744837,-10.2938799,71.9224507585151,71.9224507585151,64.84086638747337,52.55354155397343,22.322788791710483,13.65568042882332,0.2383007691998582,0.1658374859801487,42,0.0795096536988506,0.9204903463011496,Expanded
347,20,20,64,Sec2_GFP,2,Sec2_GFP_Rep2,39.0,26516.80228571,55931.81542857,26494.08,55944.73,42.80301589,16.13617032,71.83308642168188,59.2849674302007,68.54764372880055,58.78607510664445,18.510975861852057,28.700844750349845,0.7971028529063948,0.5791068783035502,33,0.4474539924369163,0.5525460075630836,Expanded
348,20,20,48,Sec2_GFP,2,Sec2_GFP_Rep2,61.0,32063.01641509,39423.33811321,32062.34,39422.23,3.21728857,24.80943076,65.33009376906658,56.29596291085062,37.46822990381539,43.88630455863419,13.02271874784338,23.68139793970606,0.5833779654503257,0.0697656823528981,53,0.096183150417641,0.903816849582359,Expanded
349,20,20,55,Sec2_GFP,2,Sec2_GFP_Rep2,43.0,15518.64538462,53226.20641026,15508.0,53244.3,10.71214388,-10.14854065,54.760141766800736,47.911627720603065,48.084879242876,35.9121396668169,12.11487300898854,17.82046845772318,0.4258149677368188,0.3471957445775114,39,0.5382442007476181,0.4617557992523817,Compact
350,20,20,65,Sec2_GFP,2,Sec2_GFP_Rep2,43.0,15669.80542857,52519.95657143,15673.53,52484.02,-21.89116074,15.9517057,61.29058036599029,61.29058036599029,66.7007107093381,51.480864857891454,20.86916377611584,16.040363846248894,0.589102783883052,0.1959700575299594,35,0.1606227706936824,0.8393772293063172,Expanded
351,20,20,71,Sec2_GFP,2,Sec2_GFP_Rep2,41.0,38686.21,59917.11058824,38683.97,59927.25,14.59273988,-30.20619183,62.04583802318997,57.77788994399648,72.90481659930926,52.66801270605737,16.19351767712028,26.78595351876523,0.7697358889142213,0.4653957557537429,33,0.369605060863584,0.6303949391364161,Expanded
352,20,20,67,Sec2_GFP,2,Sec2_GFP_Rep2,45.0,28949.0227907,45801.74232558,28944.52,45809.0,-4.92933053,11.83830963,64.69695495828128,61.2743537564834,59.93543938825934,42.22658784999008,18.93071873927672,12.20987445995268,0.3657761338082526,0.1948308605841789,42,0.1228628924542308,0.8771371075457689,Expanded
353,20,20,68,Sec2_GFP,2,Sec2_GFP_Rep2,76.0,28660.30875,46772.51319444,28661.7,46764.47,16.02187833,21.05186479,59.063411068467786,53.73055997540002,56.03018946268163,44.52386979564913,11.242077493580004,23.24387185015934,0.7022981279758895,0.4729783529208075,69,0.3556825767941917,0.6443174232058084,Expanded
354,20,20,70,Sec2_GFP,2,Sec2_GFP_Rep2,72.0,39347.0583871,59796.99564516,39355.26,59831.74,-5.91958295,30.03447781,63.188558571977694,56.617924057967,57.310236426925655,49.37107719608495,19.652759334469344,17.288398842490544,0.6446925641813784,0.1749303995521969,62,0.2231118142364067,0.7768881857635932,Expanded
355,20,20,72,Sec2_GFP,2,Sec2_GFP_Rep2,31.0,23125.51433333,42191.069,23113.12,42199.8,-19.47768304,-0.85385609,55.40520614733718,48.26556585567916,37.20580597335722,37.4848502366114,15.889860922196265,19.64857931291373,0.5769635261226601,0.2258361102834047,29,0.652770300200245,0.3472296997997548,Compact
356,20,20,74,Sec2_GFP,2,Sec2_GFP_Rep2,83.0,39659.678,47565.625875,39671.03,47552.59,-69.30158807,-42.03078469,64.64917999264145,60.21629111344637,55.31321120554006,87.05464524585895,18.8769633658001,43.21035199513567,0.9252882688742164,0.7310626809193913,77,0.5033650634784239,0.4966349365215758,Compact
357,20,20,75,Sec2_GFP,2,Sec2_GFP_Rep2,38.0,41671.12888889,45371.07138889,41688.72,45381.38,-1.86538303,-1.61918544,45.20765873805247,39.34714963726358,42.62375236825683,23.59408834679537,10.004235748171247,9.8986237032914,0.1865759794425482,0.043578225001531,36,0.982923572276582,0.0170764277234179,Compact
358,20,20,76,Sec2_GFP,2,Sec2_GFP_Rep2,58.0,19354.13325581,50103.75418605,19385.64,50143.13,-12.5815803,-3.63885184,64.92145119237814,53.44848696136918,51.23080381144905,40.36159313952843,15.53103125221671,13.016827180989722,0.3826305399033373,0.1861216801228702,43,0.2323485881160178,0.7676514118839822,Expanded
359,20,20,77,Sec2_GFP,2,Sec2_GFP_Rep2,55.0,36708.3688,48277.349,36708.77,48287.02,-42.56877682,-68.62489686,52.56700091242981,46.31345261603266,43.80076356590303,85.86451090271703,16.456426253559577,42.42381878845401,0.9635830871565296,0.8673200183112522,49,0.8448275371310062,0.155172462868994,Compact
360,20,20,78,Sec2_GFP,2,Sec2_GFP_Rep2,40.0,27208.17052632,46865.96394737,27207.48,46857.23,-9.61323904,8.47225914,60.95818724974565,50.44410705107239,44.18671397535024,33.41666670522606,15.097217694348087,7.086825055573082,0.3243062719470969,0.3112589629719876,37,0.6857607268428759,0.3142392731571241,Compact
361,20,20,47,Sec2_GFP,2,Sec2_GFP_Rep2,49.0,22254.85311111,50663.41266667,22254.48,50692.44,-1.75922803,-14.69383541,53.08616708843493,48.14663603412456,46.72128960528866,36.99998420586637,13.885222068253857,18.024776413056177,0.4841737712735532,0.2546836141812294,45,0.5509864673723426,0.4490135326276575,Compact
362,20,20,79,Sec2_GFP,2,Sec2_GFP_Rep2,63.0,16586.56612903,47424.54580645,16567.27,47412.78,-26.60205577,-19.07712143,68.69783148031566,68.69783148031566,77.34746167924271,58.22195894514606,16.400133907743477,28.294148333815887,0.5822466761912272,0.0587072348951889,62,0.0517026423042199,0.9482973576957798,Expanded
363,20,20,66,Sec2_GFP,2,Sec2_GFP_Rep2,94.0,32889.33220779,56134.66220779,32886.11,56126.19,2.37618252,-7.58444058,65.61143782562786,52.44386629341576,42.6678895324046,34.770577996819966,14.478537458446832,11.794240652574356,0.2957159444586897,0.1326266945525686,74,0.5349118417101826,0.4650881582898172,Compact
364,20,20,46,Sec2_GFP,2,Sec2_GFP_Rep2,77.0,23221.96849315,50208.0490411,23225.19,50213.92,-36.10955165,26.50541501,78.27209404847778,78.27209404847778,71.46136876284938,69.81931730770178,18.605144532254403,34.35333365868761,0.6634379944786976,0.0378776216357374,73,0.1960329955016715,0.8039670044983288,Expanded
365,20,20,25,Sec2_GFP,2,Sec2_GFP_Rep2,73.0,28305.2852,42150.0784,28305.52,42160.38,-2.48638909,2.30347692,65.12722642016978,65.12722642016978,73.56299281362821,44.42210299085939,18.74219907212532,13.566639771628251,0.1145235873634843,0.3289317695527575,75,0.0821798074125481,0.917820192587452,Expanded
366,20,20,42,Sec2_GFP,2,Sec2_GFP_Rep2,117.0,23106.52582524,59644.02951456,23127.38,59660.55,-11.39298045,6.42727964,68.08117143658576,64.74735125023854,63.111044147855736,46.67224553929,15.724808466708144,22.683352032774543,0.3129693155251957,0.1248076194922476,103,0.0046912956394398,0.99530870436056,Expanded
367,20,20,81,Sec2_GFP,2,Sec2_GFP_Rep2,77.0,27417.45693548,39685.05370968,27412.56,39706.03,-32.77112152,-10.87823327,76.62134255404425,71.47991563555001,77.55351944634664,56.52267665603894,18.78982640600452,25.901520747408632,0.6491779972214197,0.2278490554446814,61,0.1480289495484092,0.8519710504515907,Expanded
368,20,20,3,Sec2_GFP,2,Sec2_GFP_Rep2,32.0,33458.39133333,53887.40266667,33486.66,53877.16,-20.51469325,-15.54074131,64.59583077676041,56.10473961123445,51.12257485804757,46.51681476462059,15.033968000069708,20.37406722357132,0.6256258667892056,0.0274642946749349,30,0.1697415599908867,0.8302584400091132,Expanded
369,20,20,4,Sec2_GFP,2,Sec2_GFP_Rep2,34.0,32251.46294118,53215.075,32256.19,53220.91,-9.66521558,10.93824551,69.19107074792032,59.1638771115316,57.77315688186306,42.3163947361745,18.125576834469907,13.120323038605532,0.4104841782903402,0.296616802779238,33,0.1330154238613907,0.8669845761386091,Expanded
370,20,20,5,Sec2_GFP,2,Sec2_GFP_Rep2,46.0,32668.77866667,53898.55777778,32673.77,53901.38,-8.87282199,3.21962949,57.450494095397445,55.16138722928166,57.26725404421348,40.51581254693564,15.247880789372942,16.472815765798256,0.2219862078861054,0.2691044630028639,45,0.0719880075166024,0.9280119924833974,Expanded
371,20,20,8,Sec2_GFP,2,Sec2_GFP_Rep2,72.0,25142.0084375,62654.73359375,25130.19,62662.06,-3.83599386,35.48370159,69.49303664543011,67.31001964576946,71.13378584322722,58.69006411843888,23.903988986456906,19.11680303117845,0.6900480360719867,0.3327337600593144,64,0.3288652249276506,0.6711347750723492,Expanded
372,20,20,9,Sec2_GFP,2,Sec2_GFP_Rep2,50.0,29129.81234043,62989.3793617,29141.14,62989.22,-0.65313105,-10.85985153,58.44225223390356,49.18126723681058,42.02374141769046,34.10455693707865,15.26533125508436,9.067083632539015,0.3883885567422437,0.1159791993694112,46,0.7450226472284248,0.254977352771575,Compact
373,20,20,12,Sec2_GFP,2,Sec2_GFP_Rep2,49.0,30536.97122449,61144.34122449,30534.69,61143.83,1.81501416,-0.67273992,69.83254692564543,69.83254692564543,55.0658402837295,49.9179349324339,18.80273796658686,24.190121413153125,0.0567341502819578,0.2672358466580331,49,0.0055721731357297,0.9944278268642704,Expanded
374,20,20,13,Sec2_GFP,2,Sec2_GFP_Rep2,81.0,30405.43153846,61740.45205128,30409.49,61734.65,11.22129376,3.75569809,76.57721295754084,76.57721295754084,68.60133827382163,54.533282898837854,23.493307018819035,16.07288198967306,0.2064347109718464,0.1836356324281306,78,0.042857147832985,0.957142852167015,Expanded
375,20,20,15,Sec2_GFP,2,Sec2_GFP_Rep2,39.0,14835.98763158,41517.25921053,14823.75,41530.81,11.32884361,0.02054555,62.51718235332679,59.316449586716274,56.38337613672871,43.85733891354778,16.207174222224506,24.437284454773003,0.2448520316862904,0.2855954295063703,38,0.0066793691238387,0.9933206308761612,Expanded
376,20,20,16,Sec2_GFP,2,Sec2_GFP_Rep2,73.0,33451.02545455,52118.172,33501.51,52149.21,-11.82536951,11.92207115,54.56790849826502,52.1531976569602,37.83170656462944,40.86205832630509,14.96641680590014,19.71093607743122,0.4436127222828372,0.0643444611064058,55,0.118120758708523,0.881879241291477,Expanded
377,20,20,17,Sec2_GFP,2,Sec2_GFP_Rep2,34.0,37077.40121212,52539.69030303,37067.39,52536.64,-10.88430517,4.49587065,66.51550884067024,50.80476124640209,42.384943122969446,35.2885971937299,15.657945069460984,8.929642826569484,0.4257616670044763,0.2496127678390883,32,0.634551960521186,0.3654480394788139,Compact
378,20,20,43,Sec2_GFP,2,Sec2_GFP_Rep2,105.0,25218.95300971,56992.72912621,25216.5,57017.23,3.48454683,13.38535416,74.55800220361212,74.55800220361212,72.11288723046778,55.022550326358136,19.301403219670224,27.102207394672234,0.2870706738453783,0.0481065745238581,103,0.0058515992533805,0.9941484007466196,Expanded
379,20,20,20,Sec2_GFP,2,Sec2_GFP_Rep2,47.0,30161.20681818,41434.58204545,30161.2,41439.4,7.37518211,-18.74573859,56.65407783221666,51.16228761013388,48.34203311129821,40.13451390769084,17.719157361002065,14.280094451524258,0.4976837123603796,0.1226468034223765,43,0.4423194393076483,0.5576805606923518,Expanded
380,20,20,23,Sec2_GFP,2,Sec2_GFP_Rep2,34.0,40505.7883871,54055.97096774,40502.59,54057.33,30.48752015,-3.05205713,59.347266434619534,55.73015939415405,64.9261330088218,50.23367022424172,18.05320267701968,24.95079287922132,0.6597362016636497,0.2366110804796709,31,0.2342516841424137,0.7657483158575863,Expanded
381,20,20,26,Sec2_GFP,2,Sec2_GFP_Rep2,59.0,28555.98827586,42580.03810345,28549.27,42579.51,11.16725123,10.70235397,78.51270893541849,73.32140663675641,60.74273008844741,51.1050787594868,19.273532058507367,18.858240480347533,0.2899127557764366,0.2755533091559974,57,0.0120710033209095,0.9879289966790904,Expanded
382,20,20,29,Sec2_GFP,2,Sec2_GFP_Rep2,42.0,35550.93829268,46752.40731707,35580.22,46770.72,13.15284113,11.67799592,68.0899725820341,64.07696668076345,71.37465699069828,46.69148247883315,18.53557831713071,18.82736589373065,0.4372267551364811,0.2559731496841101,40,0.0146989865782443,0.9853010134217556,Expanded
383,20,20,31,Sec2_GFP,2,Sec2_GFP_Rep2,42.0,18747.76538462,51195.20192308,18764.7,51204.39,3.59003652,-16.33921167,70.88329591714049,70.88329591714049,69.68485292538638,50.91128537197851,20.190797481934943,16.838194551327955,0.3754283848841643,0.0379797962828605,52,0.0342766565328183,0.9657233434671816,Expanded
384,20,20,33,Sec2_GFP,2,Sec2_GFP_Rep2,81.0,33845.94,49449.97538462,33826.97,49465.59,-8.51152811,3.70591014,52.10714412860094,47.46681471266552,37.775582127190496,32.86008768330596,14.37828277351714,8.409984935733696,0.3276898805369821,0.160115147814076,76,0.8735587915388662,0.1264412084611338,Compact
385,20,20,34,Sec2_GFP,2,Sec2_GFP_Rep2,34.0,38270.56848485,43327.51,38267.51,43346.8,10.40295048,7.47583669,53.96495846171967,48.46719759937472,51.1685213135241,30.83410568286688,12.904569618497694,13.664138961329996,0.2644922473837335,0.172283118930211,31,0.8054227638661077,0.1945772361338924,Compact
386,20,20,35,Sec2_GFP,2,Sec2_GFP_Rep2,83.0,27048.73594937,52414.70088608,27060.72,52417.89,-0.41579849,-12.51841259,59.57477815511701,54.75314152178597,59.1370951044871,40.05976683463528,16.86201083715575,11.860655505799514,0.3075540829342726,0.2093325711634283,79,0.2386233638994959,0.761376636100504,Expanded
387,20,20,36,Sec2_GFP,2,Sec2_GFP_Rep2,78.0,30600.78285714,43144.22742857,30591.52,43166.33,7.02081745,0.117649,55.27935315005015,53.347587010473134,50.65123229773696,38.74698308842663,15.466929934792384,18.198065789313155,0.1564877229540398,0.2017691774672837,70,0.1406188622612596,0.8593811377387405,Expanded
388,20,20,38,Sec2_GFP,2,Sec2_GFP_Rep2,41.0,17580.37536585,41464.33707317,17567.34,41470.36,83.69372093,0.48196832,77.27271382575054,77.27271382575054,81.44608805671648,99.2164771844715,20.387400722981933,51.75700453393991,0.8665867134361863,0.5543277396772358,41,0.465810500683019,0.534189499316981,Expanded
389,20,20,39,Sec2_GFP,2,Sec2_GFP_Rep2,71.0,38245.99521127,47577.81112676,38253.06,47585.89,10.81650486,-1.70515003,61.65394608301434,61.65394608301434,60.60669655537743,44.41738629513774,13.569436377848742,21.658219579843813,0.2597566436935006,0.0834604123333305,71,0.008700984687668,0.9912990153123318,Expanded
390,20,20,41,Sec2_GFP,2,Sec2_GFP_Rep2,59.0,23530.63421053,49411.21929825,23525.97,49414.86,0.08768155,6.60526005,70.04039538492462,67.77046168078839,62.45668310274669,47.49323388208923,18.29327066660084,23.364472540942703,0.2083076657400706,0.0780537194266698,57,0.0052684166244413,0.9947315833755586,Expanded
391,20,20,21,Sec2_GFP,2,Sec2_GFP_Rep2,44.0,21150.05642857,53637.71119048,21162.22,53619.53,-8.29599724,-14.94145032,56.36544070222089,56.36544070222089,56.525647533901385,42.97639639437684,16.8559060900904,17.503344148036508,0.4759233559318304,0.2209334293225024,42,0.0428364039752453,0.9571635960247546,Expanded
392,20,20,82,Sec2_GFP,2,Sec2_GFP_Rep2,71.0,29045.32257143,45702.35014286,29041.98,45704.52,1.58277491,-8.28113605,72.39859852331708,70.41649805123802,68.03981088045563,50.99922310167936,18.62817870393859,25.369388820167977,0.1826576557183994,0.0893221755156119,70,0.0049626927308745,0.995037307269125,Expanded
393,15,15,1,Sec9_GFP,0,Sec9_GFP_Rep0,49.0,14986.29416667,63033.19104167,14980.05,63015.34,13.44249916,-27.23639565,65.65790415075264,61.57577477733286,65.79194975406087,53.45090834763989,15.293269904401503,27.727509327226343,0.5869136555816753,0.1828316185406018,48,0.0559808736857127,0.9440191263142872,Expanded
394,15,15,45,Sec9_GFP,0,Sec9_GFP_Rep0,56.0,27287.20711538,39723.31115385,27270.08,39723.66,-0.59641964,-1.12939943,50.48156410736031,47.22130484713424,47.92266107965772,33.75367629264224,13.259670778292037,11.53753795439784,0.0429312537844743,0.0919453882006643,52,0.8142607368715704,0.1857392631284292,Compact
395,15,15,46,Sec9_GFP,0,Sec9_GFP_Rep0,57.0,30956.88472727,55596.77218182,30950.94,55636.05,-13.88216299,29.20363484,60.548934167182615,53.74648641536231,47.17633753955055,49.119145797651214,14.961604953922295,25.22528344564476,0.697429912344596,0.3403638569573726,54,0.3383660929598278,0.6616339070401723,Expanded
396,15,15,47,Sec9_GFP,0,Sec9_GFP_Rep0,39.0,30260.99815789,46891.32184211,30257.62,46897.92,-8.34347449,30.95405532,71.88758543553045,71.88758543553045,55.41148259545984,59.616583107111495,21.95319856597101,28.162183966379,0.5741218047125831,0.3156516166008445,38,0.05707267539679,0.94292732460321,Expanded
397,15,15,48,Sec9_GFP,0,Sec9_GFP_Rep0,72.0,33756.50876923,50579.97138462,33747.08,50588.83,-3.05085071,7.02511665,53.650582613052265,40.7648744648485,35.43451639325298,27.339264741642488,13.434718173625432,6.492326054898445,0.2745497017950105,0.1383131679935935,63,0.9867066256050911,0.0132933743949085,Compact
398,15,15,49,Sec9_GFP,0,Sec9_GFP_Rep0,54.0,22373.88954545,46950.52454545,22367.62,46950.66,-0.91618686,21.72235212,72.27877558114943,68.68636747637201,60.07535567739149,53.66329759828329,16.575522980450938,27.469807529839866,0.4293744633090865,0.2825385594814586,44,0.0071128938634955,0.9928871061365044,Expanded
399,15,15,50,Sec9_GFP,0,Sec9_GFP_Rep0,52.0,15625.84145833,47535.79541667,15613.09,47564.88,0.06011117,-7.62089535,64.33438935018482,60.97269458870862,59.21609358545718,42.645426276250745,11.4284481571657,22.20568574355593,0.1544997723313977,0.5015087185051954,48,0.0447673755066384,0.9552326244933612,Expanded
400,15,15,51,Sec9_GFP,0,Sec9_GFP_Rep0,85.0,42867.861375,42456.8225,42886.31,42468.23,-3.04224163,7.79571122,58.43866054500543,58.43866054500543,57.914645421293095,41.68638477232149,13.797457799573792,21.58501272480728,0.1843125835148287,0.1129776848906488,80,0.012367791707408,0.9876322082925922,Expanded
401,15,15,52,Sec9_GFP,0,Sec9_GFP_Rep0,86.0,25841.74465116,59149.5727907,25845.08,59144.61,9.89587557,-5.06650684,65.10510817617339,63.00693476789553,58.24545857645492,46.3577790232433,14.94987533893455,23.351826620555663,0.2335327365618391,0.3111394575868349,86,0.0054509420640312,0.9945490579359688,Expanded
402,15,15,53,Sec9_GFP,0,Sec9_GFP_Rep0,52.0,39538.65333333,51337.13916667,39531.27,51341.11,41.21601212,11.14585864,64.92464650465996,62.328508329076335,57.79307589955654,53.71652236271102,17.627326736362132,26.00915981223812,0.7737496508612466,0.4188774105744791,47,0.3527823328940499,0.6472176671059502,Expanded
403,15,15,54,Sec9_GFP,0,Sec9_GFP_Rep0,96.0,19119.55381443,62982.24690722,19114.73,62999.91,11.44672355,-0.4873218,70.69912834156244,67.79301075698804,72.76369593821836,49.7605061933484,18.96475676649135,20.11676785952261,0.2067413933307698,0.220065585485248,97,0.0091200545359771,0.9908799454640228,Expanded
404,15,15,55,Sec9_GFP,0,Sec9_GFP_Rep0,55.0,42189.38471698,46706.67056604,42193.16,46696.8,17.69535972,-7.40923308,63.65687695754958,63.65687695754958,47.92075624738983,46.65632741093718,14.66190017269829,23.72345251638971,0.4302340254344113,0.3327360862135756,53,0.0075940563154362,0.9924059436845638,Expanded
405,15,15,56,Sec9_GFP,0,Sec9_GFP_Rep0,52.0,17486.19163265,51336.42979592,17475.27,51341.44,23.54457414,-103.65813572,73.21839899023979,73.21839899023979,65.45717569787855,118.64121364913716,19.97252260020048,16261629107.309809,0.9127873851826326,0.6952936943394269,49,0.4875933273090321,0.5124066726909678,Expanded
406,15,15,57,Sec9_GFP,0,Sec9_GFP_Rep0,48.0,28933.92717949,44541.74333333,28946.86,44529.59,2.28084644,5.52685846,73.42911970551961,68.77439994622401,84.08291855260495,46.82910157029568,20.309681877398425,15.0483060060033,0.0639112634325617,0.1578518136699236,38,0.0442048945048143,0.9557951054951856,Expanded
407,15,15,59,Sec9_GFP,0,Sec9_GFP_Rep0,55.0,38878.10745098,51081.69156863,38840.09,51079.2,-9.34198161,14.27801787,55.49378602565999,55.49378602565999,66.37449359958184,43.15482178100165,11.4296748950753,22.355114442766872,0.4304372804165888,0.3752755973729525,51,0.0469253592203872,0.9530746407796128,Expanded
408,15,15,60,Sec9_GFP,0,Sec9_GFP_Rep0,46.0,37410.38512821,58748.72307692,37408.5,58758.17,-8.08811515,4.19557477,38.79322109850566,30.993658961914832,28.883767844678964,23.94005040632787,10.274555894609328,8.872722721562395,0.3932934032978272,0.0960529924094289,39,0.9868559451481989,0.013144054851801,Compact
409,15,15,62,Sec9_GFP,0,Sec9_GFP_Rep0,56.0,17738.40377358,50989.36698113,17728.11,50999.27,-10.30828266,5.44168261,78.07160250246666,75.21195605352216,79.41119936215539,53.773304891434265,15.730809247941622,27.907634038601376,0.2809535761263763,0.2259333451864763,53,0.004851786018341,0.9951482139816592,Expanded
410,15,15,63,Sec9_GFP,0,Sec9_GFP_Rep0,81.0,32341.34588235,57075.76435294,32347.61,57073.73,-5.30977045,5.43250496,70.48171375182815,70.48171375182815,72.6772857628422,50.084919290423606,19.860016929511065,17.804213170587914,0.2166997199223428,0.110926486996006,85,0.0129894436369771,0.9870105563630228,Expanded
411,15,15,79,Sec9_GFP,0,Sec9_GFP_Rep0,98.0,29949.55239583,48619.24229167,29950.75,48621.56,9.18325769,2.05549792,64.511664881665,63.3333433929647,60.07307534859002,46.20652772529085,15.958673690188787,21.72394184886424,0.2213260876459171,0.3042550336545168,96,0.0057413542034778,0.994258645796522,Expanded
412,15,15,78,Sec9_GFP,0,Sec9_GFP_Rep0,120.0,18220.50271028,58808.08317757,18207.78,58826.2,-2.08911389,-13.97312644,78.99973191771792,77.64889117513799,66.39763696163067,55.64333905172733,26.82511930020287,15.275109738015887,0.2824449999935554,0.0723312946864298,107,0.0705593825489947,0.9294406174510054,Expanded
413,15,15,76,Sec9_GFP,0,Sec9_GFP_Rep0,62.0,18058.02704918,48623.91786885,18050.16,48619.92,4.78796911,-2.39625381,61.29639517386349,61.29639517386349,51.97297022696107,44.10929581275008,15.860895090231311,18.64813170923374,0.1456687870329019,0.1995215363870178,61,0.0104680480364837,0.9895319519635164,Expanded
414,15,15,75,Sec9_GFP,0,Sec9_GFP_Rep0,45.0,41618.37522727,57811.32159091,41622.56,57824.2,6.11646769,-42.21180533,63.4342806595157,56.541054252896274,61.41007403284088,50.03171520204823,17.324503192480332,26.614578011330064,0.7763681126430705,0.458182127589494,42,0.3935324819714868,0.6064675180285133,Expanded
415,15,15,74,Sec9_GFP,0,Sec9_GFP_Rep0,204.0,32566.33486034,55508.96296089,32575.38,55505.0,-11.76148786,6.45442724,69.98722538863494,66.05451695237926,70.50019602484275,45.81636496864724,19.50340294054084,13.82791083413253,0.3401979483101706,0.0698511052400832,179,0.0963235920980913,0.9036764079019086,Expanded
416,15,15,73,Sec9_GFP,0,Sec9_GFP_Rep0,72.0,22747.49253731,58625.17253731,22746.19,58622.88,-2.80895779,17.34915446,65.42229998758569,60.77890089682363,55.86806512622313,43.762844481947134,17.607067443716677,16.101968057171046,0.463929329514053,0.3062887820051852,66,0.0647007516229194,0.9352992483770804,Expanded
417,15,15,43,Sec9_GFP,0,Sec9_GFP_Rep0,38.0,41538.10631579,63858.85684211,41532.95,63853.33,-25.20603559,-17.93713844,62.579938066441535,59.46966970214282,50.99347640609205,52.549920576752825,17.871908401370558,25.59462985865081,0.625407880485809,0.0698172089916724,38,0.0977786533700398,0.9022213466299605,Expanded
418,15,15,72,Sec9_GFP,0,Sec9_GFP_Rep0,166.0,27151.68806452,61071.00032258,27159.98,61055.42,12.02933674,-8.96967797,53.1075285537599,46.71876090175813,36.88901697059429,32.04958809471749,12.031410209159445,13.416611267083418,0.5197278737730991,0.1164650202107351,145,0.856436466427758,0.1435635335722422,Compact
419,15,15,70,Sec9_GFP,0,Sec9_GFP_Rep0,65.0,41297.72557377,59369.11459016,41282.91,59353.97,-4.73932265,3.70336504,60.09087384584031,57.85970934837094,51.10017642702557,40.65034621510035,16.892016706114166,11.60197726347997,0.1861076045848623,0.1056617571553732,61,0.1551430632028296,0.8448569367971708,Expanded
420,15,15,69,Sec9_GFP,0,Sec9_GFP_Rep0,170.0,41545.83379747,55325.48911392,41546.3,55325.22,9.56144006,0.14090696,70.75160519082576,69.94502664140755,65.50746488884157,49.81990884850237,16.235420780741734,24.912462174245512,0.1821487757245825,0.175932526970768,158,0.0042653196524791,0.9957346803475206,Expanded
421,15,15,67,Sec9_GFP,0,Sec9_GFP_Rep0,37.0,23207.32393939,40768.91424242,23217.61,40759.42,26.24075384,46.62715656,56.00403448895408,43.77254942351382,34.40784450436978,58.5594666774654,11.418069077848124,30.21505854248979,0.9128682656878516,0.6913418951733684,32,0.7501584322968291,0.2498415677031708,Compact
422,15,15,66,Sec9_GFP,0,Sec9_GFP_Rep0,60.0,21654.05616667,59447.137,21658.36,59463.67,-0.83089859,14.29238858,70.2875339570177,70.2875339570177,54.21785737381875,52.20673409604487,15.452232758536104,26.758126224537165,0.2884071383329193,0.4036675360992668,60,0.0065142317139394,0.9934857682860604,Expanded
423,15,15,65,Sec9_GFP,0,Sec9_GFP_Rep0,78.0,30619.92,57365.77688312,30637.45,57354.98,11.00550909,-1.52885311,64.88743891228093,64.88743891228093,56.52308006866079,47.04910060198013,13.19638819790826,23.44382130595066,0.2774662687609155,0.2278578557980977,77,0.0060661180385571,0.9939338819614428,Expanded
424,15,15,64,Sec9_GFP,0,Sec9_GFP_Rep0,72.0,30472.35211268,56939.93873239,30460.89,56964.36,-4.20007234,1.48192821,74.07266888512004,71.92876390022992,68.59393064551764,50.4848928626046,18.992286992722462,19.80114584127093,0.0976046994425493,0.2097393850574994,71,0.0094724842258808,0.9905275157741192,Expanded
425,15,15,71,Sec9_GFP,0,Sec9_GFP_Rep0,101.0,41796.2074,58689.2906,41802.44,58711.39,-3.98439429,-9.90968114,58.63185581447604,56.43119751453791,49.78342702738746,39.78098944125173,14.682188919902783,17.518673777844153,0.2877987125877388,0.1400042303870206,100,0.0703211299930659,0.929678870006934,Expanded
426,15,15,42,Sec9_GFP,0,Sec9_GFP_Rep0,154.0,26555.53582734,45639.34733813,26557.06,45654.26,0.03888968,14.23590926,79.47769269560358,79.47769269560358,74.57773860651226,58.00892557908034,21.42498908982791,24.475174541955973,0.2641616754698158,0.3156205414493244,139,0.0119826088127389,0.9880173911872612,Expanded
427,15,15,61,Sec9_GFP,0,Sec9_GFP_Rep0,93.0,17183.67547619,50806.68416667,17178.11,50817.62,-2.38110842,14.08213814,67.1883781844388,63.88032277778867,65.4807958915251,44.42064564646207,16.37026732862305,15.3353271149513,0.2979320079764776,0.097833807624903,82,0.0540523795725618,0.945947620427438,Expanded
428,15,15,39,Sec9_GFP,0,Sec9_GFP_Rep0,101.0,36037.94,46666.88484211,36032.22,46672.48,7.86561763,-17.66427443,49.78313947415165,43.76797951427076,38.77135728321412,35.18168010072869,14.124271298567232,14.509632097085603,0.6182376976113175,0.3310333584852553,92,0.8756392231405641,0.1243607768594358,Compact
429,15,15,16,Sec9_GFP,0,Sec9_GFP_Rep0,44.0,18158.19075,56088.182,18168.77,56106.79,0.6644514,0.90685067,58.48095713972736,55.727984228370914,54.85259518428819,39.82157539248423,12.518387563811332,20.019923727987067,0.0302634565471393,0.3278667604913448,40,0.080861351677903,0.9191386483220972,Expanded
430,15,15,15,Sec9_GFP,0,Sec9_GFP_Rep0,34.0,18629.91684211,57152.67157895,18647.09,57146.05,-6.77430755,-4.30005887,77.91215810526909,77.91215810526909,72.83152146742937,54.12365725725137,23.19588492457701,21.81013278349283,0.1219493417782859,0.1024492769957065,38,0.0283114142280012,0.9716885857719986,Expanded
431,15,15,14,Sec9_GFP,0,Sec9_GFP_Rep0,52.0,18158.58222222,57960.06925926,18154.91,57966.36,-7.73095229,7.36635886,66.47082599061824,60.73242902047526,59.84466493099229,43.48202013237725,16.403588891155845,22.13169366343768,0.2890777799356958,0.0799627357139702,53,0.0074599742849284,0.9925400257150716,Expanded
432,15,15,13,Sec9_GFP,0,Sec9_GFP_Rep0,42.0,39602.82230769,46904.87384615,39596.66,46919.5,-0.44469128,-4.30330094,70.04149461974677,70.04149461974677,69.37983615645047,50.2163412567536,18.705685904489407,20.40458647914837,0.1051805229378218,0.1296540061776363,39,0.0102682882409523,0.9897317117590478,Expanded
433,15,15,12,Sec9_GFP,0,Sec9_GFP_Rep0,65.0,38906.00983333,40979.58683333,38915.33,40981.02,4.14261012,-8.61003416,70.43450942559693,70.43450942559693,67.72951995425858,51.20963405560377,16.335417690998202,26.324370506052645,0.1639763959770284,0.2914603193198682,60,0.00486713065191,0.99513286934809,Expanded
434,15,15,10,Sec9_GFP,0,Sec9_GFP_Rep0,103.0,34955.94861702,39356.56585106,34958.44,39366.05,7.78158996,-19.25338907,70.2723534997236,67.470188008606,80.00651145193702,50.71667264729626,19.864451992087663,18.049139318919327,0.491047311705783,0.2969132255772106,93,0.0271114657322767,0.9728885342677236,Expanded
435,15,15,17,Sec9_GFP,0,Sec9_GFP_Rep0,66.0,17177.99237288,56487.86135593,17184.2,56503.47,-14.67889354,-1.6421228,76.20415856068637,73.4068754596623,69.22258846147687,54.47418257135118,21.549026500800085,20.27057911210212,0.3247534221042518,0.0758479448478018,59,0.0199659141758413,0.9800340858241586,Expanded
436,15,15,9,Sec9_GFP,0,Sec9_GFP_Rep0,108.0,34298.9172,57792.2203,34281.8,57799.73,16.66618907,2.76575356,61.56975800258804,61.56975800258804,57.75045231969512,46.45028914117768,13.19203187746952,23.959028027997608,0.4097220156531882,0.2971013785543085,100,0.0066092187347829,0.993390781265217,Expanded
437,15,15,6,Sec9_GFP,0,Sec9_GFP_Rep0,51.0,23331.42754717,55404.53754717,23321.24,55418.94,-1.5568154,3.65500357,59.475035159370336,59.475035159370336,52.26038861157775,42.6675206780713,16.31203495450385,15.82141933262884,0.0897592584489243,0.465284994598362,53,0.0543653813555951,0.9456346186444048,Expanded
438,15,15,5,Sec9_GFP,0,Sec9_GFP_Rep0,96.0,34321.84139785,47471.17494624,34320.19,47467.48,-1.76460461,-3.86522332,69.55585827239877,68.24215756433533,66.06694676672133,46.997890897876495,15.6169282661268,24.072121898563424,0.091704798000589,0.1300946790923232,92,0.0044476059386255,0.9955523940613746,Expanded
439,15,15,4,Sec9_GFP,0,Sec9_GFP_Rep0,71.0,18079.03028986,59809.41347826,18079.3,59811.56,8.77791282,8.0072065,53.54283117280955,50.33153620908178,48.05520560174816,37.3115800166091,13.739393553248876,18.480860407241067,0.3371467654278578,0.2462210792529549,69,0.3269146699279052,0.673085330072095,Expanded
440,15,15,3,Sec9_GFP,0,Sec9_GFP_Rep0,65.0,18935.56614035,60675.79315789,18940.62,60700.23,10.39332167,16.21839878,59.65598442425081,48.2688185175579,45.66149328998272,37.82247293153144,14.66240512175662,16.276515784077745,0.6237840144315657,0.2448420723429791,55,0.669771222389956,0.3302287776100441,Compact
441,15,15,2,Sec9_GFP,0,Sec9_GFP_Rep0,114.0,19175.44893204,60996.42990291,19173.05,60987.34,-9.7669919,-4.04568374,57.91737549075023,51.47791638044653,47.89833840146963,36.20077138007337,14.431673287127987,13.493600859919756,0.3342728910016619,0.2836371527618806,100,0.4510091656050754,0.5489908343949247,Expanded
442,15,15,41,Sec9_GFP,0,Sec9_GFP_Rep0,54.0,22026.19041667,43168.16770833,22025.95,43163.64,7.55273934,-9.37587577,62.27014511049108,59.72592049757743,59.48731828698361,44.3276839067159,14.430089115690196,19.499064826641337,0.2699080769796357,0.3137150337429064,48,0.0138866900271374,0.9861133099728628,Expanded
443,15,15,7,Sec9_GFP,0,Sec9_GFP_Rep0,67.0,29672.31254902,60129.2854902,29665.45,60119.59,-6.37855932,-26.10434164,61.301406479612666,58.6934935508672,71.28872324991501,46.57526940788525,19.26496495091161,19.126598987682623,0.6054496025004222,0.2488340963517877,50,0.139772397040001,0.8602276029599993,Expanded
444,15,15,19,Sec9_GFP,0,Sec9_GFP_Rep0,86.0,19986.63771084,52495.35,19999.45,52496.3,4.54229053,9.33776989,67.45724116201565,63.42858244158089,60.230967800693975,46.480875572398354,18.232879660124244,25.340032390158424,0.239844502783644,0.3492829348905287,83,0.0061346456922476,0.993865354307752,Expanded
445,15,15,11,Sec9_GFP,0,Sec9_GFP_Rep0,38.0,38332.46472222,60939.58777778,38340.0,60946.0,-3.87925424,-1.72234533,54.93877533170356,54.93877533170356,53.88973703042171,39.470853398707625,16.487757526047606,12.857843441042805,0.0884202655589473,0.0717329010387936,36,0.2053009889264329,0.7946990110735669,Expanded
446,15,15,20,Sec9_GFP,0,Sec9_GFP_Rep0,59.0,18745.37140351,54113.51315789,18727.97,54123.25,-43.86683555,3.97018831,67.3040186847688,67.3040186847688,56.07137596659795,65.20122611491819,23.066506421350148,32.28662341637681,0.6878736014797561,0.2319684156611859,57,0.2694165786534682,0.7305834213465319,Expanded
447,15,15,38,Sec9_GFP,0,Sec9_GFP_Rep0,62.0,16581.98328571,59375.51057143,16568.97,59385.59,-15.84487732,11.71373608,79.60010233296299,75.00738808544108,64.42426019038528,56.10737031730327,24.47378300767279,19.70238830792088,0.442223284499758,0.196853666574607,69,0.0426576711839847,0.9573423288160152,Expanded
448,15,15,37,Sec9_GFP,0,Sec9_GFP_Rep0,49.0,24755.82680851,52967.98510638,24756.95,52984.73,-7.07555289,6.94244907,66.12396152521575,63.35339640925745,55.7220212354857,44.90552055907334,19.01031361712194,15.4073017529111,0.2023526343581195,0.0414482228268282,47,0.0464917937451108,0.9535082062548894,Expanded
449,15,15,35,Sec9_GFP,0,Sec9_GFP_Rep0,74.0,30405.3430137,54199.81082192,30413.78,54187.06,-2.71487246,-8.03035528,55.50633723616375,53.95286455810434,57.25362670089997,39.45904351206578,16.634185765368493,13.347265443776443,0.2531310273871576,0.3136160559473749,73,0.2457711623629431,0.7542288376370568,Expanded
450,15,15,34,Sec9_GFP,0,Sec9_GFP_Rep0,64.0,35278.34080645,59850.93516129,35270.75,59832.81,-6.66013512,-12.20742236,58.53930764435792,58.53930764435792,53.28897942540183,42.92030469800242,19.74492326738887,9.907443387124111,0.3059340181779253,0.1428284993026229,62,0.1448478903653902,0.8551521096346097,Expanded
451,15,15,33,Sec9_GFP,0,Sec9_GFP_Rep0,38.0,35421.14147059,61166.83794118,35393.8,61158.98,-0.84430446,-0.09605386,61.114886825458925,61.114886825458925,56.15184061805616,41.71309975130951,17.651880123118527,24.67767212328195,0.09027520275707,0.1595609534801076,34,0.0174645130018522,0.9825354869981476,Expanded
452,15,15,30,Sec9_GFP,0,Sec9_GFP_Rep0,81.0,32279.963625,50041.978625,32275.29,50035.86,-22.53855557,55.44282079,70.57696833051435,68.80702226472786,67.40621310006303,75.633193169884,22.362768993288853,37.286101312729016,0.8217185026713593,0.43039474783424,80,0.4232692791024048,0.576730720897595,Expanded
453,15,15,29,Sec9_GFP,0,Sec9_GFP_Rep0,35.0,32511.36485714,49530.36742857,32510.45,49519.06,4.82494915,5.39741689,58.637936061904696,58.637936061904696,55.78653562661585,42.505315049416325,12.574772505484434,21.30907475537878,0.1645636011011746,0.4466984719511405,35,0.0185063644445356,0.9814936355554644,Expanded
454,15,15,31,Sec9_GFP,0,Sec9_GFP_Rep0,100.0,34838.02326087,46345.23597826,34825.02,46351.05,-1.81711435,-13.74208649,75.73008473304576,75.73008473304576,72.62016860850537,55.84076098437784,16.976717262582117,26.497785374676976,0.2470504092605658,0.2225073809182999,92,0.0046377160227318,0.995362283977268,Expanded
455,15,15,26,Sec9_GFP,0,Sec9_GFP_Rep0,133.0,30137.90721805,56964.89533835,30102.81,56973.23,-8.26290154,7.42271082,63.82945372539185,61.65047558553327,53.19105606072952,45.41526426948904,16.55263201018123,20.5932037219961,0.2697782752950165,0.1021918178108343,133,0.0096351089003011,0.9903648910996988,Expanded
456,15,15,25,Sec9_GFP,0,Sec9_GFP_Rep0,46.0,22354.10795455,47730.74954545,22349.86,47739.81,-2.18320522,-5.7304863,54.17955606746261,54.17955606746261,47.52699234007868,39.18252563630723,17.382735337804444,11.00702297837045,0.188918638973804,0.0487630584626939,44,0.2666861045152064,0.7333138954847933,Expanded
457,15,15,24,Sec9_GFP,0,Sec9_GFP_Rep0,117.0,31247.31666667,47226.90350877,31238.05,47239.72,12.13587356,3.36218771,68.22927887558274,67.16220054063255,61.445469296555885,48.45693786638464,23.790777205024856,10.042598209472477,0.3217921611816488,0.0534754378692605,113,0.160604258383908,0.839395741616092,Expanded
458,15,15,22,Sec9_GFP,0,Sec9_GFP_Rep0,46.0,20156.77522727,53321.015,20150.62,53324.42,2.4072885,8.27360804,59.33791585862672,55.34071904688327,61.61408366563781,38.9328639775885,16.804467993478582,10.857235855697011,0.2122782639529306,0.1838601435391181,44,0.2743180549429986,0.7256819450570015,Expanded
459,15,15,21,Sec9_GFP,0,Sec9_GFP_Rep0,111.0,19763.30817073,53958.57914634,19738.51,53956.45,-8.80478958,6.14992525,64.74406938854446,64.74406938854446,83.3255057097957,46.52239871169861,17.05126203987138,22.02945120712171,0.2124300557274122,0.0762302326028196,82,0.0055145407661936,0.994485459233806,Expanded
460,15,15,27,Sec9_GFP,0,Sec9_GFP_Rep0,65.0,29116.89533333,58691.90883333,29120.39,58697.06,3.79930822,0.88670426,59.90157928343149,58.03876831148625,59.27628708372848,41.63943726699415,15.056321890217577,22.03839531396005,0.094398039187853,0.1407375027651236,60,0.0115034990860357,0.9884965009139646,Expanded
461,16,16,79,Sec9_GFP,1,Sec9_GFP_Rep1,87.0,23561.0737931,48659.68862069,23543.97,48669.22,-9.68865355,7.48005815,67.03601528653552,67.03601528653552,60.24138922591448,48.39021866221828,17.458133226094827,20.325955454719715,0.2548101674167083,0.066990521041002,87,0.0096725577858162,0.990327442214184,Expanded
462,16,16,74,Sec9_GFP,1,Sec9_GFP_Rep1,99.0,19338.71255319,44666.01446809,19343.2,44680.94,7.30761688,3.85236034,79.01636277519897,79.01636277519897,72.88333167185341,57.04160582240636,21.83992882379249,21.20932736160903,0.1327870462210229,0.045802366021915,94,0.016275809808716,0.9837241901912844,Expanded
463,16,16,78,Sec9_GFP,1,Sec9_GFP_Rep1,42.0,19654.06190476,46665.49,19635.53,46666.22,-9.33868762,-4.85135336,65.21584702634793,61.99228833402508,61.99125839860149,44.01713307523085,16.118694640173377,17.618035242589276,0.2606849933992453,0.1994252461498948,42,0.0139311106596312,0.9860688893403688,Expanded
464,16,16,77,Sec9_GFP,1,Sec9_GFP_Rep1,54.0,25490.0394,58598.7816,25479.89,58621.12,13.07874126,6.71511609,50.81298295273741,48.72435161474015,50.51006362237308,30.4074200608284,11.342844007629708,12.110303049905289,0.4262181941135453,0.1322225058516123,46,0.7626596893680682,0.2373403106319316,Compact
465,16,16,76,Sec9_GFP,1,Sec9_GFP_Rep1,39.0,19835.90289474,43637.43605263,19842.92,43636.69,9.14720484,-1.66040547,79.76283902184936,79.76283902184936,73.43808091615115,57.72696979628682,20.866421596404965,23.65844031950186,0.1755057406874924,0.4752478071119395,38,0.0227268319279561,0.9772731680720438,Expanded
466,16,16,75,Sec9_GFP,1,Sec9_GFP_Rep1,40.0,33335.59717949,64063.61948718,33311.72,64062.68,3.90544175,-2.98144783,60.12304848366541,60.12304848366541,55.77283640345309,41.15168888234249,12.676232957744393,19.20693282796137,0.0838355604490898,0.1451604653730797,39,0.0297342757699994,0.9702657242300003,Expanded
467,16,16,73,Sec9_GFP,1,Sec9_GFP_Rep1,110.0,19622.286,44782.23133333,19630.31,44790.31,10.42655851,-2.29133773,70.22704909492761,67.81701702145918,59.37054761196739,48.98729445553908,19.06219547641388,18.529275964083947,0.2092858863418811,0.2646166342900611,105,0.0123846289390159,0.9876153710609838,Expanded
468,16,16,64,Sec9_GFP,1,Sec9_GFP_Rep1,41.0,24621.37973684,49086.43236842,24626.47,49088.55,-10.45344098,-11.61869451,61.365445217742746,58.361991409570805,54.20328952441312,44.52062284408088,18.12666644970264,12.985676797714168,0.4549757202077604,0.426755204073544,38,0.1557526259371977,0.8442473740628025,Expanded
469,16,16,70,Sec9_GFP,1,Sec9_GFP_Rep1,88.0,33920.53923077,61201.43857143,33916.91,61186.66,-7.81833758,-2.82899183,69.86735887871,69.86735887871,64.8234333848135,49.699883838414216,19.96563304439285,17.535085521388652,0.1842775774997588,0.2470577876833733,91,0.0169480678951072,0.9830519321048928,Expanded
470,16,16,68,Sec9_GFP,1,Sec9_GFP_Rep1,131.0,25726.9215873,51816.60730159,25718.71,51813.41,16.67962078,2.6080692,64.57676592231563,61.33973449124823,53.15551997952924,44.183266281833134,20.080067103412155,11.676728115173711,0.4165925752828834,0.1326510927600181,124,0.1439432813488914,0.8560567186511087,Expanded
471,16,16,67,Sec9_GFP,1,Sec9_GFP_Rep1,48.0,18973.26725,61508.96975,18976.28,61514.09,-9.18271599,-8.64721611,58.78547532297678,44.84629305589239,38.99587223462041,34.426936645684954,14.028425167747798,18.36599315210469,0.4154532432059777,0.2111487991344617,40,0.814371184943838,0.1856288150561622,Compact
472,16,16,66,Sec9_GFP,1,Sec9_GFP_Rep1,86.0,17752.80378049,61529.10036585,17753.23,61524.64,1.78806839,-15.08497335,73.12795203075892,73.12795203075892,73.67778856338646,53.10599397217641,22.37025246895937,22.3776080023798,0.2793832059181899,0.1007934607081177,82,0.0233713117399887,0.9766286882600116,Expanded
473,16,16,65,Sec9_GFP,1,Sec9_GFP_Rep1,39.0,35572.20351351,48304.45,35576.59,48301.36,3.1665909,2.80068436,66.34425975737052,63.09729140474265,57.335829916169374,45.26732163113132,15.930185169575475,22.480959710154853,0.0754211076483491,0.2222830421434863,37,0.0054635606941275,0.9945364393058728,Expanded
474,16,16,63,Sec9_GFP,1,Sec9_GFP_Rep1,73.0,25720.19513889,49249.76541667,25706.55,49238.94,-2.11449656,-2.59237803,64.40213141609856,62.264404003855056,57.92032757861732,42.29399819495527,12.765329065221565,21.54184681775002,0.0743360148439324,0.3193610515724836,71,0.015097054010678,0.9849029459893224,Expanded
475,16,16,81,Sec9_GFP,1,Sec9_GFP_Rep1,60.0,26502.27218182,39573.01,26490.12,39571.73,13.81063582,-6.97034148,64.22089668316512,58.45156878318289,54.43465599463334,42.63173689256467,14.013518787382932,19.804889022462973,0.3449318049524768,0.2527298082252301,54,0.0157841453973828,0.9842158546026172,Expanded
476,16,16,71,Sec9_GFP,1,Sec9_GFP_Rep1,49.0,16631.15117647,61314.40882353,16631.92,61318.31,-10.77737205,-1.37796533,70.69964924608367,67.86559997861043,64.36874888520357,49.67814117257402,20.8810471161814,17.01655607240901,0.2236749715735264,0.15997283960261,51,0.0246364269696879,0.975363573030312,Expanded
477,16,16,82,Sec9_GFP,1,Sec9_GFP_Rep1,69.0,23170.48029412,52157.11823529,23155.02,52147.75,-12.8485532,2.6323961,78.75346994385264,78.75346994385264,73.98788293826945,57.76119951531896,17.354867386552762,28.431873700198228,0.2116197273206586,0.3129846392316199,68,0.0056999989860857,0.9943000010139142,Expanded
478,16,16,103,Sec9_GFP,1,Sec9_GFP_Rep1,45.0,34095.09348837,39799.87767442,34053.3,39809.64,-17.81370732,-13.29673529,72.7553193213317,72.7553193213317,64.83698679237384,56.52267881294802,19.803286433454943,26.065587319527268,0.4159109298102532,0.2474467772587328,43,0.007091842502085,0.9929081574979152,Expanded
479,16,16,86,Sec9_GFP,1,Sec9_GFP_Rep1,73.0,20973.79926471,55623.26838235,20969.02,55632.78,4.11260019,18.52349469,65.37821161734222,65.37821161734222,66.89987695099244,50.4063887481045,17.698371024161116,23.04168908810291,0.3591865713535904,0.0938701170484916,68,0.0052134574852826,0.9947865425147172,Expanded
480,16,16,62,Sec9_GFP,1,Sec9_GFP_Rep1,102.0,39951.38918367,49635.27673469,39938.78,49649.42,-3.17021584,16.63002637,78.42051422204213,76.58500003131121,72.31988256811148,56.17167746288532,17.378056287820915,27.495472884609715,0.3052858569566881,0.2913483843911297,98,0.0053701625183903,0.9946298374816096,Expanded
481,16,16,105,Sec9_GFP,1,Sec9_GFP_Rep1,85.0,22219.9173494,49012.10879518,22205.23,49014.09,0.04063462,-3.87374354,70.60870360462138,67.36902835684943,66.4117330416215,47.29255830508685,16.700921962149916,22.32021970264737,0.0831789989905692,0.0462811290302172,83,0.0062629889087414,0.9937370110912584,Expanded
482,16,16,102,Sec9_GFP,1,Sec9_GFP_Rep1,65.0,22702.83350877,63271.01298246,22703.52,63281.25,9.21596603,-12.75368675,65.20142452792153,65.20142452792153,59.76364555966606,49.15875599081155,18.44443204889946,19.81254527750476,0.3202243465550972,0.2818739668955919,57,0.0094303433910893,0.9905696566089106,Expanded
483,16,16,101,Sec9_GFP,1,Sec9_GFP_Rep1,107.0,19739.50980392,62628.28480392,19727.67,62601.48,2.65286061,10.01275151,74.19478753716687,72.88723540300043,68.02949644173646,53.08273814555576,20.01216238079083,25.477951668725005,0.2157121516990692,0.2711673465779794,102,0.0071864195376046,0.992813580462395,Expanded
484,16,16,100,Sec9_GFP,1,Sec9_GFP_Rep1,42.0,20035.84465116,61697.53627907,20048.38,61696.8,-11.92665869,-15.79714684,77.17502055353555,77.17502055353555,77.96851126912343,58.571002036364334,20.13374747631597,25.020377417101265,0.3709766572846062,0.2992613586019504,43,0.0092234250676921,0.9907765749323078,Expanded
485,16,16,99,Sec9_GFP,1,Sec9_GFP_Rep1,87.0,19491.8475,62082.7435,19465.17,62034.69,-17.72272615,-1.30862127,72.29076552119191,72.29076552119191,74.02231832085367,54.60870783016999,17.69698535408254,29.423995832708663,0.3654997694266732,0.4664150678168342,80,0.0132842727479257,0.986715727252074,Expanded
486,16,16,98,Sec9_GFP,1,Sec9_GFP_Rep1,46.0,23501.66444444,55423.62844444,23483.47,55430.64,-28.82724118,0.17211543,56.61254347705389,56.61254347705389,57.163102251577776,49.66118580707983,11.519806974638342,26.27517947439976,0.5928062613291633,0.0304023897314615,45,0.1064930116710362,0.8935069883289637,Expanded
487,16,16,96,Sec9_GFP,1,Sec9_GFP_Rep1,92.0,19520.69366667,62244.07255556,19529.59,62236.0,-14.83134593,-3.04004094,76.07803905613113,76.07803905613113,72.77247928122846,56.41103227383946,19.69268123247293,23.731749417359296,0.2775890187042388,0.2252354524138743,90,0.0057849807281443,0.994215019271856,Expanded
488,16,16,95,Sec9_GFP,1,Sec9_GFP_Rep1,142.0,28529.01138889,57317.64993056,28531.58,57317.91,-0.24393805,6.30412082,59.48798845998411,59.48798845998411,52.40385244107552,42.56640267439924,13.81768014363556,21.60310851418776,0.1635373015683759,0.0762691264550752,144,0.0107290436226648,0.9892709563773352,Expanded
489,16,16,94,Sec9_GFP,1,Sec9_GFP_Rep1,44.0,24192.64452381,43596.99238095,24190.94,43602.16,-7.70212122,-32.45702624,70.51465599985417,70.51465599985417,48.70969282171011,60.41256081681486,22.55011286558537,27.44002567315724,0.5441631116667841,0.2155114600875024,42,0.0454534008886966,0.9545465991113032,Expanded
490,16,16,93,Sec9_GFP,1,Sec9_GFP_Rep1,87.0,36319.64121951,54326.71317073,36324.97,54313.12,0.20965914,-4.98194371,67.20260987756117,67.20260987756117,65.88462696213529,48.26015630509095,17.284170437769145,25.5901630968246,0.1460038633624723,0.0658817301963055,82,0.0050146109536651,0.9949853890463348,Expanded
491,16,16,92,Sec9_GFP,1,Sec9_GFP_Rep1,61.0,16805.837,48187.2625,16767.62,48197.41,-11.0624682,3.9721106,55.66538063456589,53.8911475715325,47.84054050541624,40.24821762200151,13.117469554929256,20.23354771468252,0.3230145783844684,0.3039023760598131,60,0.0680932434643925,0.9319067565356076,Expanded
492,16,16,91,Sec9_GFP,1,Sec9_GFP_Rep1,80.0,19680.78410959,57233.0830137,19681.05,57243.89,1.32932306,-8.15185464,75.01261928317437,72.71307790608329,73.70891644460545,49.90106968640523,18.44612465740846,20.474601205560035,0.1445924275982054,0.1245889872025243,73,0.0095725289204184,0.9904274710795816,Expanded
493,16,16,89,Sec9_GFP,1,Sec9_GFP_Rep1,66.0,26554.26125,55641.0009375,26540.86,55627.81,-10.93166331,-7.92460428,65.21718138048303,65.21718138048303,63.54493460697449,47.02140471292088,15.75574515480474,20.28535807180592,0.3593740419704317,0.3997838917605581,64,0.0116120253834624,0.9883879746165376,Expanded
494,16,16,87,Sec9_GFP,1,Sec9_GFP_Rep1,52.0,23238.54230769,59937.14211538,23244.16,59949.04,8.30577888,-3.39651256,55.4313105212883,53.41280027605612,53.18211595157657,38.43077847816386,14.36098526152873,18.10127522878837,0.2894577165015632,0.248807984867065,52,0.1463920500877271,0.8536079499122728,Expanded
495,16,16,84,Sec9_GFP,1,Sec9_GFP_Rep1,132.0,35829.80101562,60297.5575,35841.67,60313.14,-0.3532153,-5.50189497,73.05341096961129,70.90226528299033,62.16903339022025,48.93073523718842,20.97864387630747,13.857170929461448,0.1068214172689159,0.1880625526470072,128,0.0700679155037547,0.9299320844962452,Expanded
496,16,16,60,Sec9_GFP,1,Sec9_GFP_Rep1,74.0,36297.09189189,41470.56635135,36310.03,41457.48,-4.50827993,12.72741599,69.06874576704938,66.55372966116067,69.33852701612574,48.77008024180817,17.737548452121757,21.005497340375605,0.3346129918638245,0.1677576922304749,74,0.0076810636073149,0.9923189363926848,Expanded
497,16,16,55,Sec9_GFP,1,Sec9_GFP_Rep1,47.0,18527.0527907,47446.34697674,18532.28,47460.61,-10.98254521,-18.76938402,76.48574313257386,76.48574313257386,78.63344981263891,58.8016590543917,22.392577733869192,26.86941460518977,0.3752765928786791,0.2907880341136609,43,0.0220674052099383,0.9779325947900616,Expanded
498,16,16,58,Sec9_GFP,1,Sec9_GFP_Rep1,216.0,33277.96404651,40655.5427907,33252.75,40651.86,4.73149528,1.15432868,75.30061634233739,73.27761501926591,69.24124238491858,51.739686160101634,20.876380376227164,18.265232780650194,0.0816284056708925,0.1949891100917839,215,0.0204161158090956,0.9795838841909044,Expanded
499,16,16,22,Sec9_GFP,1,Sec9_GFP_Rep1,50.0,15935.28979592,40791.84326531,15914.06,40798.92,-7.31668358,-1.12380831,66.84615361994125,62.87956004156193,64.77166666177277,45.5199037324961,18.23102898661897,19.43127901807016,0.1302906572465741,0.4227928430229665,49,0.0149837113614542,0.9850162886385456,Expanded
500,16,16,21,Sec9_GFP,1,Sec9_GFP_Rep1,64.0,22682.41683333,42610.65566667,22677.8,42613.64,11.80425352,4.01378914,70.80400155158797,67.93992299186904,63.37867524561434,50.10456876086288,17.233891192409217,24.4299443791596,0.30392395436894,0.4596524554009829,60,0.0093784619651662,0.9906215380348335,Expanded
501,16,16,20,Sec9_GFP,1,Sec9_GFP_Rep1,48.0,25057.77553191,42805.64170213,25051.78,42822.39,-6.24291957,-4.96591293,61.37164136462504,61.37164136462504,62.92925316090041,44.556783665589634,15.38824607170758,22.9138028625045,0.2132568212658172,0.2886999346373735,47,0.0057293958168829,0.994270604183117,Expanded
502,16,16,19,Sec9_GFP,1,Sec9_GFP_Rep1,39.0,24745.87583333,42793.45861111,24737.33,42795.05,-3.92519198,-3.28729808,61.607516539217634,57.462982853429615,52.79845356025488,41.36308112709446,14.555115254770127,21.551867574799733,0.1682816628380966,0.3624374530893886,36,0.0179833915992019,0.982016608400798,Expanded
503,16,16,17,Sec9_GFP,1,Sec9_GFP_Rep1,50.0,23929.81791667,53446.73645833,23940.41,53465.19,12.57021054,-12.61790289,52.208107575864695,49.89699982789201,51.42312930225815,39.843219903766325,11.70709562170184,21.44366075805785,0.4583906422505029,0.2485803866089581,48,0.2540022790542299,0.7459977209457701,Expanded
504,16,16,16,Sec9_GFP,1,Sec9_GFP_Rep1,53.0,24207.38115385,53676.905,24222.44,53700.34,5.1743087,2.2942947,52.13454113757511,49.37327355273912,48.853209928360776,35.71795101425223,13.126105427352725,18.24890771232829,0.1558851382951117,0.1472094285421991,52,0.3838540527925698,0.6161459472074303,Expanded
505,16,16,15,Sec9_GFP,1,Sec9_GFP_Rep1,69.0,22630.89608696,39723.59086957,22638.39,39746.0,2.61856946,7.87519803,60.67898493019455,60.67898493019455,57.63550244732588,44.1295373236692,15.426402007201022,21.91141022884248,0.1810160192565769,0.209681508482169,69,0.0060113374321373,0.9939886625678624,Expanded
506,16,16,14,Sec9_GFP,1,Sec9_GFP_Rep1,52.0,38291.2376,48134.7014,38294.0,48140.12,-16.6805645,19.89722671,79.12248588706542,79.12248588706542,81.69084419541934,62.194903756134366,20.99413200882549,29.5461207380186,0.4172183071059003,0.0579933803872941,50,0.0151747448755582,0.9848252551244416,Expanded
507,16,16,13,Sec9_GFP,1,Sec9_GFP_Rep1,36.0,32380.96305556,61191.29805556,32377.42,61204.61,12.15917496,-12.37103797,47.88488708769426,47.88488708769426,43.23815164413677,37.300901261810594,12.46756539700619,18.80388674850226,0.4930211803480419,0.2165114219039372,36,0.5308510192145478,0.4691489807854522,Compact
508,16,16,11,Sec9_GFP,1,Sec9_GFP_Rep1,47.0,39156.33021277,50248.87042553,39161.34,50248.74,-4.743016,5.79174322,63.34755331471456,63.34755331471456,62.37341850143371,45.86332775295161,12.219321769527552,24.461346699204363,0.1788199240006508,0.0668351243844525,47,0.0105718461539179,0.9894281538460824,Expanded
509,16,16,9,Sec9_GFP,1,Sec9_GFP_Rep1,94.0,26609.28075269,42298.55129032,26621.27,42300.87,-9.04999117,-19.13688865,71.39257508194149,71.39257508194149,59.866253906360825,55.2139648736581,16.892229236954645,28.371439168229145,0.3872698790949994,0.2009046261147377,93,0.0053070792955591,0.9946929207044408,Expanded
510,16,16,4,Sec9_GFP,1,Sec9_GFP_Rep1,127.0,18589.36495495,63785.98423423,18606.36,63798.57,-7.23647391,-3.76878397,66.72927457939092,66.72927457939092,62.536451056196206,47.267221765085054,19.38171788271489,15.631416487908496,0.214766833926882,0.3023418597395699,111,0.0398024464206549,0.960197553579345,Expanded
511,16,16,2,Sec9_GFP,1,Sec9_GFP_Rep1,39.0,31747.83709677,44746.71258065,31746.73,44761.17,-9.2845889,3.88551334,52.39646894752182,52.39646894752182,49.015537795209575,38.75577334135905,13.450489695845333,16.45232244969279,0.2640873129864069,0.342487110129566,31,0.1740232467381511,0.8259767532618492,Expanded
512,16,16,1,Sec9_GFP,1,Sec9_GFP_Rep1,100.0,16128.17322222,40152.92788889,16117.14,40129.86,2.10793528,19.98449461,61.24102550660118,56.919157422348775,52.12366242788857,43.04556200601286,15.655471098724432,21.89142706675786,0.4859506721211709,0.2399030136264403,89,0.0225875953062851,0.9774124046937152,Expanded
513,16,16,59,Sec9_GFP,1,Sec9_GFP_Rep1,128.0,36783.21428571,47131.75603175,36777.61,47129.65,8.60073695,-1.12083718,53.25099110824739,49.61277844155999,42.52994851535776,35.48300025994663,14.77637638119532,13.717348317429302,0.2566184827042191,0.2271546102411533,125,0.603885984551554,0.396114015448446,Compact
514,16,16,25,Sec9_GFP,1,Sec9_GFP_Rep1,70.0,29811.20343284,46888.13119403,29821.61,46898.25,3.06684437,-14.38003976,69.39311244127455,69.39311244127455,62.75773587561124,51.70135279763233,18.219561283735587,23.20441981575765,0.2270184346808346,0.2721479968591337,67,0.0052947300818568,0.9947052699181428,Expanded
515,16,16,26,Sec9_GFP,1,Sec9_GFP_Rep1,92.0,17380.69632184,53419.15402299,17387.47,53420.55,7.83724138,-0.49876933,68.1902735220641,66.60989020842173,64.18924448843542,48.22223678030304,15.010853827027796,24.081612068937183,0.2021102695128893,0.1605899530528325,87,0.0046687517771403,0.9953312482228596,Expanded
516,16,16,8,Sec9_GFP,1,Sec9_GFP_Rep1,89.0,25903.00294118,42526.35717647,25889.23,42536.81,-0.69954696,-22.54724513,67.67817887545031,64.7440013986882,55.91453285816432,50.58086098444559,18.98087673349564,21.203913249648355,0.4736412672286298,0.1770858337919164,85,0.0124870290523809,0.9875129709476188,Expanded
517,16,16,29,Sec9_GFP,1,Sec9_GFP_Rep1,106.0,15986.47625,47596.68548077,15986.77,47587.16,-1.02944607,-0.71650904,69.48706781834392,68.26477952981111,62.854059577683614,47.1017605922547,15.804199014686755,23.9945807441294,0.0422908833520095,0.0435515040245946,103,0.0058254210013504,0.9941745789986498,Expanded
518,16,16,28,Sec9_GFP,1,Sec9_GFP_Rep1,75.0,17587.81555556,56344.62125,17582.5,56356.7,-0.93917774,0.10761798,71.35110777423394,71.35110777423394,66.39243516230687,50.9738433727542,17.00933413358309,24.17350384675247,0.0286200218668633,0.2812286256306665,72,0.005816012524013,0.9941839874759868,Expanded
519,16,16,56,Sec9_GFP,1,Sec9_GFP_Rep1,135.0,22744.21014925,41489.21380597,22734.81,41511.38,-10.28073552,15.61915843,65.42215886882252,65.42215886882252,65.68198049281679,49.68543772023308,16.46534978127313,24.464147620393923,0.396570264666001,0.1190242926983741,134,0.0048733867953838,0.995126613204616,Expanded
520,16,16,50,Sec9_GFP,1,Sec9_GFP_Rep1,133.0,33762.84818182,56323.87859504,33746.75,56337.27,-10.32178933,-16.48948334,77.29505170057317,75.7258703037154,72.95472901260402,57.48182733648398,19.73953605019468,26.95150101765182,0.3736683141726238,0.3944035904236884,121,0.0080564458351325,0.991943554164867,Expanded
521,16,16,48,Sec9_GFP,1,Sec9_GFP_Rep1,81.0,30748.68197531,40183.04888889,30741.91,40169.39,-10.23234977,-1.04110665,61.31841634427345,61.31841634427345,53.56345424022282,44.11462793851104,18.919169821850417,17.71082177744955,0.2753412781447568,0.2387527668607357,81,0.016540207197565,0.983459792802435,Expanded
522,16,16,46,Sec9_GFP,1,Sec9_GFP_Rep1,69.0,18887.99887324,41379.74014085,18886.27,41407.77,-2.235494,13.71680087,57.77201741988823,56.1855324068295,56.36321931285632,40.70272773423032,14.683041444754895,19.53418708647247,0.4631269389813893,0.3265041855593515,70,0.0556175116734171,0.9443824883265828,Expanded
523,16,16,45,Sec9_GFP,1,Sec9_GFP_Rep1,49.0,23634.67190476,40524.52190476,23630.06,40513.29,-6.02579565,2.19190487,69.0002052574995,65.5313179310304,52.92643203308078,43.59802379590556,15.745948120603938,20.075307988708733,0.3016300627186083,0.4209235040059316,41,0.017459901634054,0.982540098365946,Expanded
524,16,16,40,Sec9_GFP,1,Sec9_GFP_Rep1,118.0,35465.18043478,51175.09878261,35471.88,51173.42,1.76797123,1.43876995,68.1583720257287,64.73124895975579,68.11895927297138,43.52252991024111,17.93669902048271,14.349919686273186,0.0780769902152776,0.2180370723541822,115,0.0626834241249565,0.9373165758750436,Expanded
525,16,16,53,Sec9_GFP,1,Sec9_GFP_Rep1,60.0,17933.114,46470.1352,17930.72,46489.91,8.06168614,-0.17564187,54.551267959151616,49.20828501910599,47.03731798145519,32.10927953792408,12.982409599995938,15.256387430824306,0.3534390213308665,0.137232392978732,48,0.6674075924662968,0.3325924075337032,Compact
526,16,16,37,Sec9_GFP,1,Sec9_GFP_Rep1,149.0,35252.631,42674.88035714,35266.27,42660.97,56.9265386,10.84908323,72.21434328614626,69.67018219575732,67.04914327928388,75.8507019145496,22.817276215547444,36.70830336733935,0.816534775485821,0.4665511865531139,140,0.4360380618086877,0.5639619381913122,Expanded
527,16,16,30,Sec9_GFP,1,Sec9_GFP_Rep1,43.0,15570.87317073,47865.02707317,15580.52,47875.83,5.10308211,16.50634364,64.40051476761894,64.40051476761894,59.56674813305472,49.13791464024559,18.76708502956493,25.47235366581415,0.3304784951742888,0.1957008607297333,41,0.0050232171038182,0.9949767828961816,Expanded
528,16,16,38,Sec9_GFP,1,Sec9_GFP_Rep1,49.0,34982.54391304,43199.08065217,34967.83,43197.3,-5.45784082,5.06549267,61.15632515922736,61.15632515922736,58.96616560234186,44.31319828091976,14.17347855727518,23.58688117954188,0.1820202062055232,0.450571165704302,46,0.0107707299638312,0.9892292700361688,Expanded
529,16,16,31,Sec9_GFP,1,Sec9_GFP_Rep1,70.0,30187.66533333,47944.50716667,30186.84,47944.97,-6.4794233,4.87092031,77.66275723610714,77.66275723610714,71.86229906739433,56.06252473413331,22.69113789350108,21.567451568722586,0.1448275638255875,0.1516572732407058,60,0.0211374801728274,0.9788625198271728,Expanded
530,16,16,57,Sec9_GFP,1,Sec9_GFP_Rep1,70.0,24625.52626866,57934.89,24620.67,57931.48,4.37454045,8.82203315,75.95347321838477,73.52292473674667,67.59837783631195,52.57310939107949,21.96658257620976,18.82721534484093,0.2210518818718937,0.0497639674671084,67,0.0216371105010264,0.9783628894989732,Expanded
531,16,16,33,Sec9_GFP,1,Sec9_GFP_Rep1,63.0,35823.6237037,51195.08407407,35835.58,51227.78,0.74993123,-7.89193677,57.63621486906914,57.63621486906914,56.62433549448971,41.92503993180328,17.507698331558853,14.074063966723468,0.192073790872404,0.3283680791248712,54,0.1005944926360007,0.8994055073639993,Expanded
532,16,16,34,Sec9_GFP,1,Sec9_GFP_Rep1,79.0,29918.38308824,56114.93544118,29913.08,56093.86,-10.65679931,-2.62483061,64.17858567985718,64.17858567985718,68.3342017211976,43.87483980600923,21.10981024346834,8.752330906395942,0.2658526209307194,0.2164224324351105,68,0.1526528718928106,0.8473471281071892,Expanded
533,16,16,36,Sec9_GFP,1,Sec9_GFP_Rep1,149.0,34966.5477551,42259.30238095,34963.14,42274.25,12.38103188,2.35509566,78.79388549449929,77.63485253637461,78.2214133392316,55.95911686323212,22.435129744207007,19.21579165880816,0.2879822187262256,0.1016047121811776,147,0.0257629869258167,0.9742370130741832,Expanded
534,17,17,65,Sec9_GFP,2,Sec9_GFP_Rep2,69.0,33752.12342857,51227.67242857,33768.66,51213.35,-146.62809907,-133.08292398,76.77050331605257,76.77050331605257,75.82747203801213,204.43658133050312,16.596845445602945,2.5375696795005305,0.9721355605368348,0.8925160563324291,70,0.4547745434184347,0.5452254565815654,Expanded
535,17,17,49,Sec9_GFP,2,Sec9_GFP_Rep2,71.0,40425.06469697,39340.51318182,40417.3,39340.84,1.42298059,-14.97198435,67.51984939514142,65.1736961074813,64.67228975511388,48.92170772958277,16.444562784948797,24.97690544546006,0.2862308816192067,0.1648268845892965,66,0.0047481858868447,0.9952518141131552,Expanded
536,17,17,50,Sec9_GFP,2,Sec9_GFP_Rep2,33.0,41791.77212121,47888.01515152,41802.73,47888.77,12.50348085,37.54110277,77.79333963554359,77.79333963554359,52.69892017097848,68.21529429011916,19.544596252836005,31.371902836762228,0.5911848743401605,0.163797631959703,33,0.086525268641757,0.9134747313582432,Expanded
537,17,17,51,Sec9_GFP,2,Sec9_GFP_Rep2,36.0,40760.80470588,48130.81029412,40769.14,48125.09,-5.81715844,-22.07313674,63.97707505661802,58.71064511815897,56.61460928892414,46.41302680132082,13.592690697088765,24.671991768681604,0.5551872950256285,0.0624631681437599,33,0.0385470267556098,0.9614529732443898,Expanded
538,17,17,54,Sec9_GFP,2,Sec9_GFP_Rep2,71.0,17810.82583333,48351.64866667,17797.14,48360.92,-1.42468011,3.91588963,61.69349136769509,53.85405482741747,53.55579183685008,37.84658963620486,17.075857766031948,10.379797815394216,0.1182483235409807,0.4556903460580966,60,0.3858902823443552,0.6141097176556446,Expanded
539,17,17,55,Sec9_GFP,2,Sec9_GFP_Rep2,66.0,42384.12636364,47101.64106061,42378.36,47120.52,10.47781339,0.90266688,67.59069970226285,67.59069970226285,62.6837567287017,49.411214297870885,16.14078374605398,25.035829264665715,0.2337418033779851,0.2610716835755346,66,0.0046731218880363,0.9953268781119636,Expanded
540,17,17,56,Sec9_GFP,2,Sec9_GFP_Rep2,32.0,21075.20413793,40897.67206897,21070.91,40896.91,29.01400416,-6.27417489,48.03086856977652,40.8320582434295,41.62887985777393,41.38136211043737,10.794201960405244,22.37975668825959,0.787373719289824,0.4814469404154026,28,0.7708435365374353,0.2291564634625645,Compact
541,17,17,57,Sec9_GFP,2,Sec9_GFP_Rep2,56.0,26845.27857143,53119.22244898,26849.55,53140.69,-1.39829752,1.88486597,69.32463703651737,69.32463703651737,57.25415946231987,49.57318282899301,18.255593808235613,21.64651887396713,0.1190008120069629,0.1407561174085054,49,0.0056420970795663,0.9943579029204336,Expanded
542,17,17,61,Sec9_GFP,2,Sec9_GFP_Rep2,90.0,32961.50722222,56759.13711111,32975.49,56746.64,2.63816316,-11.51618219,54.49533412155,50.384975685958494,55.04227095490207,37.87888320917397,13.926707683051587,18.288508843438663,0.3258640901858261,0.3231481182204612,90,0.289125830513546,0.7108741694864537,Expanded
543,17,17,62,Sec9_GFP,2,Sec9_GFP_Rep2,229.0,24537.68918182,45441.65713636,24532.58,45452.33,5.35504746,1.22525433,77.36402025209168,76.0962040260794,68.93824763764945,54.20405403654328,22.99959574544929,20.198240778843587,0.1041199648606488,0.1326841035205286,220,0.0287534777890944,0.9712465222109056,Expanded
544,17,17,64,Sec9_GFP,2,Sec9_GFP_Rep2,74.0,18933.11144737,64441.64828947,18930.22,64449.41,6.06976258,6.43740937,65.5471665074623,63.144625519944185,58.27516704584652,45.9629229247698,16.397191370796524,23.438199325032887,0.1900921114656337,0.3336644049664707,76,0.0055043365033172,0.9944956634966832,Expanded
545,17,17,47,Sec9_GFP,2,Sec9_GFP_Rep2,51.0,39165.57901961,52196.18960784,39184.69,52195.19,7.86910053,5.38952304,66.14791100351059,66.14791100351059,58.14725728500197,48.20156840476934,21.0660475420212,15.044059144592357,0.2437149408551412,0.0952266705872518,51,0.0536863653852183,0.9463136346147816,Expanded
546,17,17,53,Sec9_GFP,2,Sec9_GFP_Rep2,98.0,24763.7526,43001.5692,24753.38,42992.55,-17.05483817,-17.25443856,77.87150471113297,77.87150471113297,74.18100889453015,60.68316105344985,19.14509925024026,28.75831229140035,0.4038896273401261,0.4354295308947926,100,0.0111820892431546,0.9888179107568452,Expanded
547,17,17,75,Sec9_GFP,2,Sec9_GFP_Rep2,69.0,24630.09926471,62272.46014706,24626.62,62266.86,7.27346994,6.47621248,71.52405736174462,71.52405736174462,61.27770075389802,50.82146122428345,17.353321118803535,21.96195807982007,0.1616160821833693,0.1087804599049075,68,0.0059369107899795,0.9940630892100204,Expanded
548,17,17,68,Sec9_GFP,2,Sec9_GFP_Rep2,124.0,32257.27766667,46438.21375,32235.34,46430.14,-11.36620822,-4.28941431,75.80797164667618,74.48652624468217,79.19966988900518,54.57403944057495,17.414611032450658,27.093306964326302,0.2436724370560359,0.3070707964114761,120,0.0052290488099055,0.9947709511900942,Expanded
549,17,17,69,Sec9_GFP,2,Sec9_GFP_Rep2,86.0,32330.07847059,46869.03611765,32326.36,46886.39,8.43712319,-8.98873684,69.5851928667044,69.5851928667044,64.85449376703676,49.66249345679515,20.65743042217297,21.43638607327644,0.2562628813365226,0.1701720128511528,85,0.0143952907009075,0.9856047092990926,Expanded
550,17,17,70,Sec9_GFP,2,Sec9_GFP_Rep2,54.0,42471.13346154,55341.48576923,42451.11,55336.75,-23.98322265,-10.01641618,68.6328150212395,68.6328150212395,56.52645479263867,54.6763249923587,16.406799352861682,27.41008554096009,0.5269110657026622,0.1410993213187692,52,0.0214667169032376,0.9785332830967624,Expanded
551,17,17,72,Sec9_GFP,2,Sec9_GFP_Rep2,71.0,21217.23639344,41669.57754098,21232.3,41667.67,-0.97414432,1.86986858,73.1711046020689,73.1711046020689,59.96118169893335,49.43097349642084,19.51780171212349,16.59911286170957,0.019621718210288,0.1868819543508444,61,0.0228713808386636,0.9771286191613366,Expanded
552,17,17,73,Sec9_GFP,2,Sec9_GFP_Rep2,67.0,21239.90014925,41153.85358209,21210.81,41146.19,-4.96880902,0.1760691,60.51107986911386,60.51107986911386,61.675090493700765,43.50722501070997,12.243666652734111,22.972466241085648,0.1327549540540207,0.2955591682700454,67,0.0104461613214242,0.989553838678576,Expanded
553,17,17,74,Sec9_GFP,2,Sec9_GFP_Rep2,68.0,19468.5178125,45299.20140625,19472.16,45303.55,-2.80022561,-2.65486221,74.79451843741643,72.65139601244876,61.75911060090647,49.263009021496,14.534793443717794,24.42478663650812,0.0289906791561857,0.1767536324925094,64,0.006629633274916,0.9933703667250842,Expanded
554,17,17,77,Sec9_GFP,2,Sec9_GFP_Rep2,126.0,38753.69529915,53361.24982906,38762.8,53357.19,-11.58537568,-17.50772446,73.85801711379048,73.85801711379048,80.29573643154255,55.54869945314927,26.711301135231125,12.552488502221088,0.4701959528556165,0.1836043249684027,117,0.1525993933703505,0.8474006066296493,Expanded
555,17,17,78,Sec9_GFP,2,Sec9_GFP_Rep2,59.0,37828.07083333,52760.82866667,37830.38,52773.2,6.25180151,3.1713579,59.212434870412864,57.45721508062347,59.245808342815984,41.635265968341656,12.419630315468154,21.820424237266995,0.1528827754953594,0.3297178186328808,60,0.0161984973277714,0.9838015026722284,Expanded
556,17,17,79,Sec9_GFP,2,Sec9_GFP_Rep2,73.0,26280.14810811,55367.19027027,26263.8,55366.23,1.47066776,20.19585343,76.74771599649974,76.74771599649974,67.2443544779028,58.440101968888,20.253865874105184,26.92407343896308,0.3785445030424981,0.2291959565994944,74,0.008735470842997,0.991264529157003,Expanded
557,17,17,80,Sec9_GFP,2,Sec9_GFP_Rep2,95.0,26504.07380435,55715.95858696,26503.25,55669.75,12.03596829,-11.11777575,68.50585292467126,68.50585292467126,65.90077124635992,51.16423839834563,21.215155549373133,16.726616619310214,0.3837462587417012,0.1443334950732343,92,0.0359407806329582,0.964059219367042,Expanded
558,17,17,81,Sec9_GFP,2,Sec9_GFP_Rep2,31.0,27066.43903226,54981.79483871,27065.75,54936.16,-2.92682174,-34.09642407,48.44743788841785,48.44743788841785,51.58701403788161,48.6688821771114,12.958007698233343,24.70111532090435,0.7127824475283996,0.3796681832501519,31,0.5437861162514886,0.4562138837485113,Compact
559,17,17,82,Sec9_GFP,2,Sec9_GFP_Rep2,64.0,29762.13509091,43723.19909091,29757.06,43718.28,-11.4394539,-10.05680046,66.26945625174204,61.14550659845881,52.98669623561961,45.11893817421982,16.932842834849907,24.365941132115168,0.4130140901705063,0.1123591828796323,54,0.0064606222905382,0.993539377709462,Expanded
560,17,17,46,Sec9_GFP,2,Sec9_GFP_Rep2,112.0,31552.57754386,49702.4122807,31546.73,49705.59,3.39494584,-1.76920908,65.74262187419359,65.74262187419359,57.09278155891178,46.4761966681406,18.481128522578786,16.28543785093903,0.0927146981191366,0.2117357712519838,114,0.0233254684364377,0.9766745315635622,Expanded
561,17,17,67,Sec9_GFP,2,Sec9_GFP_Rep2,47.0,15367.90644444,47676.07822222,15357.28,47660.25,21.89967275,-3.40430769,75.3219332846567,75.3219332846567,64.00560912350741,58.18740040550229,22.445003241782665,26.32645741966968,0.4228725496184822,0.1089739912767226,45,0.0204629348683924,0.9795370651316078,Expanded
562,17,17,45,Sec9_GFP,2,Sec9_GFP_Rep2,85.0,32035.49797619,56570.57488095,32064.45,56566.06,-1.36809728,-13.63465161,63.19035701706776,63.19035701706776,64.87137861204243,47.17023573462633,17.663584323152918,24.76562616734171,0.3246096957120263,0.1054351084639505,84,0.004983579061849,0.9950164209381508,Expanded
563,17,17,19,Sec9_GFP,2,Sec9_GFP_Rep2,72.0,29943.87542857,58454.75771429,29921.27,58449.16,-10.84850646,5.10460421,69.71270074715379,64.19274767760012,64.84773321339487,47.393560251259856,13.78584594291408,24.47305436388151,0.2642510935420289,0.0947778141002714,70,0.006238917204407,0.9937610827955928,Expanded
564,17,17,42,Sec9_GFP,2,Sec9_GFP_Rep2,74.0,18410.51881579,60227.06539474,18416.81,60221.88,1.4176945,1.39450739,60.920717546733925,57.5788329254009,56.36068757073822,38.21984843649506,17.14031074337259,10.333025450452382,0.1331846160575447,0.1675812582417194,75,0.3062615307255526,0.6937384692744472,Expanded
565,17,17,84,Sec9_GFP,2,Sec9_GFP_Rep2,41.0,30322.86075,46291.7895,30329.61,46300.64,-0.09731699,-2.96056505,59.25359085227628,52.67167387987166,52.06979716198552,37.739054939523605,10.477629980900112,20.09412130810229,0.103300656906579,0.2479422343176926,40,0.2099483136873131,0.7900516863126869,Expanded
566,17,17,1,Sec9_GFP,2,Sec9_GFP_Rep2,67.0,26370.5538806,47028.03626866,26384.66,47039.75,3.9532288,3.06441627,66.42779443069567,66.42779443069567,61.12266116727393,46.488865019880215,15.93451473423052,24.502729963648893,0.1241097598064997,0.3210905493187687,67,0.0055177133938721,0.9944822866061276,Expanded
567,17,17,2,Sec9_GFP,2,Sec9_GFP_Rep2,37.0,26434.48852941,53185.93676471,26427.27,53191.67,-2.04349878,1.62506748,74.52695167568007,74.52695167568007,68.69029958627574,50.81802136309712,13.317129704847066,25.18946323222028,0.0555529026835329,0.0883785757162241,34,0.0078904778942198,0.9921095221057804,Expanded
568,17,17,5,Sec9_GFP,2,Sec9_GFP_Rep2,44.0,38538.43452381,59948.32214286,38539.64,59987.16,-16.59419089,-14.59843304,65.4784430917465,58.1436114824519,62.488003095151136,40.316776639404566,14.181425809579878,20.70356703341045,0.6126573499098844,0.212249169727914,42,0.1901956115053583,0.8098043884946415,Expanded
569,17,17,6,Sec9_GFP,2,Sec9_GFP_Rep2,49.0,27019.94276596,60225.32170213,27017.56,60225.34,-6.9418419,-0.48741383,72.12062204443593,68.83498089562327,57.45429195886654,47.52257904774241,19.93911267256493,18.478935371336025,0.1699761934521558,0.4566983032908612,46,0.0210519238123308,0.9789480761876692,Expanded
570,17,17,7,Sec9_GFP,2,Sec9_GFP_Rep2,62.0,26146.14532258,59541.87516129,26142.56,59569.09,0.58374966,3.66415066,70.09660751123275,70.09660751123275,65.57326110616005,48.98110624620056,16.69693032041744,24.808970529863483,0.1359636799881231,0.2092786484573787,62,0.0045855984768441,0.9954144015231562,Expanded
571,17,17,8,Sec9_GFP,2,Sec9_GFP_Rep2,36.0,26921.75828571,60750.85771429,26914.05,60755.81,4.84422426,18.50103301,45.26560089643637,41.73572140984298,35.457271558181645,35.41841527000376,11.836520622278504,17.34261100645607,0.578913760356703,0.1399399603527772,35,0.8595471647051621,0.1404528352948374,Compact
572,17,17,11,Sec9_GFP,2,Sec9_GFP_Rep2,49.0,29613.621,40388.77925,29620.16,40382.05,9.71750392,29.24119303,64.73843232664136,55.598140280386325,52.41655209550485,46.987852931145234,15.983224884853067,21.249812441064776,0.6867052421773766,0.4141562147173834,39,0.3293317186101868,0.670668281389813,Expanded
573,17,17,12,Sec9_GFP,2,Sec9_GFP_Rep2,51.0,36581.8556,59090.6206,36572.05,59115.78,0.80283752,-9.44833934,62.63828705694931,62.63828705694931,48.47426405068192,45.73542874674041,18.426085817343203,19.774034690563013,0.1822034764291036,0.0450577114312498,50,0.0098572090486278,0.990142790951372,Expanded
574,17,17,15,Sec9_GFP,2,Sec9_GFP_Rep2,105.0,36433.49529412,57547.05460784,36419.84,57534.62,-1.70617923,-9.81134945,63.11037913947945,58.8286073670342,59.26745161624928,42.47960172062494,13.834665956274511,20.44326830515849,0.2727561652004407,0.0447467380320792,101,0.0178991192895721,0.9821008807104272,Expanded
575,17,17,16,Sec9_GFP,2,Sec9_GFP_Rep2,60.0,28289.05982456,45504.67982456,28306.89,45489.48,3.54671933,14.06233592,68.65134614659031,68.65134614659031,63.994686469841966,51.13632842503586,20.55558188537614,16.332850181316896,0.3248573138245176,0.1597868441813262,57,0.0329452566460369,0.9670547433539632,Expanded
576,17,17,17,Sec9_GFP,2,Sec9_GFP_Rep2,84.0,28537.66808219,46134.38424658,28535.8,46139.88,0.96450104,11.19456309,71.06591273657546,68.7901519808996,58.89681643485055,49.44662193040576,17.424113073275514,24.145155592589987,0.2797955961624613,0.1610877126865544,72,0.0044925378330945,0.9955074621669056,Expanded
577,17,17,18,Sec9_GFP,2,Sec9_GFP_Rep2,84.0,22800.8472093,54639.0522093,22785.88,54646.73,-19.7545412,4.68610495,66.95287972847429,65.49866478991603,61.89852526618391,49.83474450881584,17.99952435272667,23.161552142998367,0.449817453167334,0.2644136699428995,86,0.0073838446652082,0.9926161553347916,Expanded
578,17,17,43,Sec9_GFP,2,Sec9_GFP_Rep2,106.0,40052.56011494,49525.49977011,40083.41,49512.38,7.72005683,0.30433281,74.28336215580084,67.57677407239417,62.955001754617264,45.63230954812252,20.363203199421925,14.279230450009615,0.2982885022609505,0.1866071469506814,84,0.0752244890403,0.9247755109597,Expanded
579,17,17,20,Sec9_GFP,2,Sec9_GFP_Rep2,65.0,30379.25936508,58096.86825397,30373.61,58114.79,-0.98006158,9.69268476,51.96602818413774,51.96602818413774,49.91687867879999,38.375754036576566,13.61876546255755,19.616077041470938,0.3010383238226104,0.3327454140140558,63,0.1647836481205663,0.8352163518794335,Expanded
580,17,17,22,Sec9_GFP,2,Sec9_GFP_Rep2,57.0,19231.60333333,47938.48833333,19229.55,47961.03,-1.54113992,-1.52065073,70.35745627161013,67.36018635800484,57.57508659093549,45.11963628738662,18.86536443265317,18.54770139741442,0.1354071964600337,0.1391191992625657,54,0.0111784716264232,0.9888215283735766,Expanded
581,17,17,24,Sec9_GFP,2,Sec9_GFP_Rep2,95.0,22997.4316129,47465.33473118,22992.77,47472.47,18.55148774,-11.20469577,66.00850742081562,59.46045609755596,65.82571485244677,43.4112528893905,15.033895450336813,20.54893455313021,0.5313353209127757,0.2499829039686411,91,0.0630709302672573,0.9369290697327424,Expanded
582,17,17,25,Sec9_GFP,2,Sec9_GFP_Rep2,33.0,18472.28424242,53288.84424242,18463.59,53316.61,-11.93855257,8.17419429,44.910515134983655,44.910515134983655,33.95674969233261,32.704408033850854,15.382406372371031,7.109371245908318,0.4637061444408611,0.1248641080661996,33,0.9345884074871772,0.0654115925128229,Compact
583,17,17,26,Sec9_GFP,2,Sec9_GFP_Rep2,110.0,17702.88682692,47908.56875,17718.52,47925.24,11.94216767,34.63435541,71.88848893499735,71.88848893499735,63.54112231213605,62.75463844209434,17.775790324213876,31.64712206191252,0.6225462073552454,0.2487465233847377,104,0.0860147141756704,0.91398528582433,Expanded
584,17,17,27,Sec9_GFP,2,Sec9_GFP_Rep2,108.0,35393.54663551,63780.91448598,35395.94,63779.2,-8.60825263,2.28330292,73.03442917342436,73.03442917342436,69.69523330078611,52.922190652454056,19.232261018695908,26.681316073160463,0.1887850166587163,0.2748774831160833,107,0.0057634609539457,0.994236539046054,Expanded
585,17,17,28,Sec9_GFP,2,Sec9_GFP_Rep2,99.0,34833.28230769,49114.93571429,34817.77,49104.03,7.31844577,-7.77513894,71.75859000479223,69.29229859987639,64.54900104695972,50.63316961492327,16.18880054314641,25.982985827022503,0.2354856388652446,0.3051394934809053,91,0.0050044890477539,0.9949955109522464,Expanded
586,17,17,29,Sec9_GFP,2,Sec9_GFP_Rep2,37.0,23828.11589744,53256.06051282,23825.27,53289.27,-14.11318214,20.48570331,77.48263274145431,77.48263274145431,69.591342051033,60.67854594661428,19.51187019916957,29.79685987488701,0.3974314643087022,0.2608263588039939,39,0.0069661165639306,0.9930338834360694,Expanded
587,17,17,31,Sec9_GFP,2,Sec9_GFP_Rep2,112.0,25961.47490741,45409.55305556,25953.36,45409.16,-12.52294762,-11.04162129,67.86113740080617,64.2917303839142,63.87191287339965,46.900085969595295,19.13414590275377,20.22099827708772,0.4565404451983086,0.1566609643684512,104,0.0136008422788512,0.9863991577211486,Expanded
588,17,17,32,Sec9_GFP,2,Sec9_GFP_Rep2,75.0,26473.50430556,45867.94027778,26458.83,45864.62,-14.56711222,-3.15363998,79.12733023715104,79.12733023715104,75.91137072462966,58.45171105554188,18.758975956154348,28.36449179433988,0.2665746473062474,0.386172608195715,72,0.006802291392719,0.9931977086072808,Expanded
589,17,17,33,Sec9_GFP,2,Sec9_GFP_Rep2,143.0,25851.55666667,46516.0822695,25849.45,46510.33,-1.23479001,-1.89260225,66.06830657220192,66.06830657220192,64.02873245779448,46.67650796915624,15.301137939861205,23.68969593234756,0.043586283680546,0.1114696751786421,141,0.0052155036802274,0.9947844963197728,Expanded
590,17,17,38,Sec9_GFP,2,Sec9_GFP_Rep2,58.0,39728.69666667,42378.75438596,39716.54,42383.78,-18.45700373,-1.29720537,73.89460730431426,73.89460730431426,70.99513351952871,54.92882645552919,17.499688202604265,27.440016167880177,0.3837546920459259,0.0449759404169476,57,0.0057578375277507,0.9942421624722492,Expanded
591,17,17,39,Sec9_GFP,2,Sec9_GFP_Rep2,76.0,32591.69435897,44799.16730769,32593.44,44796.67,8.06193463,4.48190414,73.0937774848405,71.36387456558921,59.25711632741313,51.80203591123486,18.39582319002342,22.15574368392718,0.1700961481189528,0.3662221878183012,78,0.0067464789416824,0.9932535210583174,Expanded
592,17,17,40,Sec9_GFP,2,Sec9_GFP_Rep2,44.0,33224.709,45073.6625,33252.42,45081.05,-14.37885687,-5.19590885,56.59919694827747,56.59919694827747,57.30907426922264,43.22235534476096,15.48068717531546,18.175472909500144,0.3472860185421669,0.0712350306682061,40,0.0213818784431784,0.9786181215568216,Expanded
593,17,17,21,Sec9_GFP,2,Sec9_GFP_Rep2,100.0,29866.15591837,58036.56326531,29866.58,58039.0,6.56110964,-2.24850795,62.096518610872046,58.90552040725024,56.33041507319145,41.12092247125325,16.00255284208394,18.844859941262595,0.1807522150086327,0.5269330968712916,97,0.0586668441351595,0.9413331558648405,Expanded
594,17,17,85,Sec9_GFP,2,Sec9_GFP_Rep2,96.0,30056.79736842,62928.33021053,30054.03,62943.41,-14.47555349,-3.33847202,66.48403396291341,66.48403396291341,62.272000398301074,49.14125406815591,17.33419193283431,22.63255564310616,0.3342528319968507,0.2544333898447148,95,0.0057908029083899,0.9942091970916096,Expanded
595,29,29,1,WT,0,WT_Rep0,42.0,42191.73055556,58946.06888889,42174.94,58929.81,5.140489716711796,3.037932420021588,76.4351572579615,76.4351572579615,57.590516892698936,53.39726590422166,21.054247478475105,20.747613358044564,0.0944581109789209,0.2834693732174714,54,0.0184955270001061,0.981504472999894,Expanded
596,32,29,21,WT,0,WT_Rep0,57.0,30332.41,56537.8222449,30337.35,56525.96,-5.484693727470751,4.187551849559561,60.73793934544723,56.415494415297545,31.843282756991428,40.88334713775857,19.32330236038719,10.052101235396716,0.1559823731475407,0.0527794724652493,49,0.1783133155937203,0.8216866844062796,Expanded
597,32,29,18,WT,0,WT_Rep0,66.0,20949.77373134,57134.53164179,20935.56,57128.75,2.0810149383820837,1.961199598126152,66.06656501565689,62.89408938388378,43.0548438220815,45.01526530432904,19.530752988770303,18.21291434565202,0.0261992109637605,0.2430230089969973,67,0.0139951600803899,0.9860048399196102,Expanded
598,32,29,17,WT,0,WT_Rep0,57.0,18925.87545455,54688.05236364,18921.19,54707.25,4.360264214476807,13.875159350369255,49.22700656359326,44.50615407874876,28.493257602336044,34.9591625815926,13.11272549468642,13.730879656053473,0.432077926713954,0.1417551841014763,55,0.8931517807860524,0.1068482192139474,Compact
599,32,29,15,WT,0,WT_Rep0,68.0,27361.59064516,43754.42612903,27357.88,43757.25,1.2882988707431862,13.156930602130664,52.27139349373923,48.821273547983466,31.53862813869832,36.39027223640427,16.786485205937232,8.618560853580075,0.3715861108852739,0.2873498964226822,62,0.6951486757645101,0.30485132423549,Compact
600,32,29,14,WT,0,WT_Rep0,51.0,22793.1425,35341.27134615,22792.28,35335.62,4.618590413345874,1.0941330632899176,66.92258846762448,61.17820222078584,38.02188048897717,42.54801416324234,15.939724023868177,20.06198416080536,0.156953981390352,0.2332060720592721,52,0.0129376947580087,0.9870623052419912,Expanded
601,32,29,13,WT,0,WT_Rep0,66.0,24142.14655172,36082.50241379,24155.5,36065.56,1.0145047042486846,-4.771393597198386,60.89084779077164,53.774993275930726,29.669270423963688,34.53444634303404,14.98732753996778,13.868868413116571,0.102513766964235,0.1684302756215717,58,0.4796459983459681,0.5203540016540318,Expanded
602,32,29,22,WT,0,WT_Rep0,54.0,22326.7123913,47793.41869565,22321.62,47774.5,21.44863475241926,0.24403759849076234,70.97494788205887,67.6564772308131,48.04245690610163,51.70833997149083,13.843078678789697,25.49782105955464,0.4312891192631563,0.4700208301029102,46,0.0133350006440932,0.9866649993559068,Expanded
603,32,29,11,WT,0,WT_Rep0,52.0,40688.57389831,52576.06779661,40675.87,52584.69,2.6000781415587526,-4.726163030682063,66.44614340610306,63.11854488038591,41.30866692692623,44.0753933584428,20.15340750628294,12.00749686687965,0.090373499955834,0.2887081450331266,59,0.1035083998112763,0.896491600188724,Expanded
604,32,29,9,WT,0,WT_Rep0,41.0,38671.4571875,45599.7128125,38648.12,45600.94,19.36146084126754,-4.389588331640091,63.309865495987694,42.72088364889226,19.8660420971281,35.314564038688324,14.7181396349137,13.203819655144232,0.6046200468960117,0.4089958305633706,32,0.8684793159343706,0.1315206840656292,Compact
605,32,29,8,WT,0,WT_Rep0,36.0,36101.02216216,42003.18108108,36110.69,42007.72,10.394156783197898,-13.987931741252535,48.39102171587583,43.23909081732111,27.17013476777293,33.788201563512786,12.97027896862921,15.918334834851365,0.6596211919967189,0.2992981877721894,37,0.8973062581265268,0.1026937418734729,Compact
606,32,29,7,WT,0,WT_Rep0,65.0,36591.1665,41641.24266667,36587.56,41612.88,0.9356131104152587,1.4797351726675136,67.04646747335612,62.34924793440267,43.44408781538584,43.0717712012598,14.935135813345454,19.131989745209875,0.0272755184659156,0.425377176112105,60,0.0204060257525038,0.979593974247496,Expanded
607,32,29,6,WT,0,WT_Rep0,83.0,41839.90244186,37716.21523256,41840.05,37713.58,-3.473308674139469,5.552950081547625,58.16783579080053,56.77731927490361,37.08209577254132,39.58874536803658,13.71220235333479,17.852893454542933,0.2302938152839292,0.2042749844047003,86,0.0751638856218853,0.9248361143781147,Expanded
608,32,29,5,WT,0,WT_Rep0,68.0,41595.21107692,37581.42923077,41577.0,37582.88,-13.061442033284033,-22.40204048419295,55.74399727675006,52.545367647229554,33.53906949377687,44.30576431471483,11.323553661338574,22.12001318394114,0.6506596177188425,0.2371102375675792,65,0.2653715127533381,0.7346284872466622,Expanded
609,32,29,4,WT,0,WT_Rep0,49.0,19622.11086957,50304.08478261,19607.19,50291.38,-2.1160040813713943,18.99888722365744,64.78632715377844,55.662819534728776,37.73222935923765,41.654172421146335,18.70186574133117,10.545271295513722,0.4679495835139401,0.2786547593341615,46,0.2505507819799425,0.7494492180200575,Expanded
610,32,29,10,WT,0,WT_Rep0,81.0,23490.96846154,46841.14153846,23482.84,46840.53,0.8613073544777241,4.223302050734667,55.23673034821708,48.15316982780574,34.35006040196998,29.99682288594976,15.933488555190973,4.720137071564024,0.1112302945914447,0.1034530693446069,78,0.8315813141103672,0.1684186858896326,Compact
611,32,29,3,WT,0,WT_Rep0,36.0,18559.14939394,49522.0030303,18557.19,49514.81,1.310514522980374,-25.28967194089921,59.34435574251327,59.34435574251327,43.25339130061486,49.37709474074818,15.786904602119993,26.38365113235289,0.5713639850205737,0.4844936633335865,33,0.0623451179356629,0.9376548820643368,Expanded
612,32,29,23,WT,0,WT_Rep0,91.0,39407.83473118,40872.80473118,39404.0,40895.19,5.719765626860329,10.487192086055108,78.97777449708508,78.97777449708508,50.918539162079526,57.66358638247084,22.057503932457543,21.16326952162475,0.2234794982199367,0.2086294614121612,93,0.018187460320901,0.981812539679099,Expanded
613,32,29,26,WT,0,WT_Rep0,52.0,16921.26018868,61219.48754717,16911.31,61228.1,-6.089012467548113,-10.145188863800815,72.2051976499478,69.52798153306811,54.01635229371245,49.2029365333142,18.764254975521283,18.19368201971941,0.2357439915926452,0.5445484589449575,53,0.0494648315586056,0.9505351684413944,Expanded
614,32,29,47,WT,0,WT_Rep0,52.0,15053.65884615,55930.88942308,15063.19,55940.12,-4.396213928591703,6.021237229290488,56.09377228512593,51.4650357566228,35.555158367227214,33.06250951173431,14.17145349139711,10.381458636266288,0.1650906316459313,0.1958579007461364,52,0.5994860657825429,0.4005139342174571,Compact
615,32,29,45,WT,0,WT_Rep0,53.0,26529.71431373,48929.26803922,26531.22,48925.35,-0.4087781588069166,-4.0223012944205685,63.98258527860068,61.10753318401439,36.4247332007677,40.735063347743264,13.935035938770744,21.58717697987118,0.1203904676410731,0.1661383877945992,51,0.0222052716020188,0.9777947283979808,Expanded
616,32,29,44,WT,0,WT_Rep0,78.0,26282.79344262,41611.01983607,26289.5,41599.75,15.212749834926928,36.945398827570216,73.61138413299473,67.82964912284264,41.94597550072432,62.11080951085989,21.237334774203365,29.52880658269209,0.7206060171699019,0.3123064480604091,61,0.3046891249250336,0.6953108750749667,Expanded
617,32,29,43,WT,0,WT_Rep0,40.0,21835.81363636,48103.99969697,21825.19,48102.62,-12.50642479569093,-3.477600027703793,56.5565706373671,49.62160297594794,40.78669082482982,35.35519788464503,15.669077536251036,15.165394387924458,0.3466368060147827,0.1469982146404481,33,0.573495355942987,0.4265046440570132,Compact
618,32,29,41,WT,0,WT_Rep0,64.0,18266.20098039,40845.82176471,18261.88,40844.19,-6.119242459030746,-5.425142719682983,59.9293697892352,54.2108900008004,34.99344866000612,35.23375731578765,15.823902036911417,10.56112206425517,0.261013165908937,0.1904537840566292,51,0.5250630742263901,0.4749369257736101,Compact
619,32,29,40,WT,0,WT_Rep0,47.0,35239.42446809,36797.72361702,35244.62,36795.38,-21.481202516979884,11.943241621381587,72.15016672679906,69.10026564652345,45.79331083078287,51.86135267895269,20.09358535340122,23.612298105381072,0.5222216246106801,0.2516404960393434,47,0.0252641109541566,0.9747358890458432,Expanded
620,32,29,24,WT,0,WT_Rep0,79.0,34698.89026316,49106.93131579,34705.16,49108.28,0.13200356221243983,-4.137036537091958,52.131304167027714,52.131304167027714,37.50130208173321,37.46598843198974,14.350945153701751,17.73785564666355,0.1449632449259526,0.0711618115836734,76,0.2019699533455563,0.7980300466544438,Expanded
621,32,29,36,WT,0,WT_Rep0,48.0,29674.04644444,35302.05488889,29672.44,35301.75,9.823918622836388,-2.3504446920775655,57.4211060794015,53.57936102495062,32.830277282471606,39.581577501184505,15.502005552966498,16.779453523867353,0.288296203779075,0.2462096592518805,45,0.132257388109882,0.8677426118901181,Expanded
622,32,29,34,WT,0,WT_Rep0,36.0,37573.9372973,46620.7127027,37555.57,46632.69,24.128191497773166,-11.38919082399416,72.25884828574313,72.25884828574313,45.92884701541785,53.52379567712418,23.82236034104528,16.415040036507264,0.5334706879399761,0.3736735678209726,37,0.1277864700844901,0.8722135299155098,Expanded
623,32,29,33,WT,0,WT_Rep0,63.0,32038.68283333,37753.299,32027.06,37725.69,5.221139191654435,21.861966305677846,77.69201285399618,77.69201285399618,54.58063571255303,59.87338833890536,22.367551004482188,25.301232902331027,0.4131557016687078,0.4336539556219502,60,0.0289737078491131,0.971026292150887,Expanded
624,32,29,32,WT,0,WT_Rep0,112.0,25680.87479167,42993.35114583,25730.69,43010.09,11.121162509320651,-8.778426503397188,62.85213749964316,52.5501061944681,31.931303778099505,36.61943269209274,15.469627593378169,13.727890322771154,0.5852349913232476,0.2553179622410542,96,0.4972220397285402,0.5027779602714599,Expanded
625,32,29,30,WT,0,WT_Rep0,34.0,30147.7330303,35784.62484848,30161.0,35781.19,26.882877608672036,-6.8757300393909935,50.53789244732577,50.53789244732577,28.87476737420304,45.53093547096918,14.716408544138492,21.088753403393383,0.620499127605475,0.0862610430815803,33,0.4007270846511715,0.5992729153488283,Expanded
626,32,29,28,WT,0,WT_Rep0,54.0,37245.6854902,47692.80235294,37244.44,47714.31,-7.03798065276531,16.8920621640276,68.2106381430356,64.90551457666834,46.67551652494999,48.757260249831326,15.716504224810295,25.703952060941823,0.4399952829715571,0.1502712877959332,51,0.0061130848981874,0.9938869151018126,Expanded
627,32,29,27,WT,0,WT_Rep0,94.0,17615.00931818,61286.95988636,17613.5,61283.88,0.34693830331711367,1.3741979369021817,78.58434801663688,78.58434801663688,47.7945640137694,56.14956781988779,24.863452886494688,17.515187632601556,0.0377065304130628,0.1524613870211942,88,0.0396673689326767,0.9603326310673233,Expanded
628,32,29,35,WT,0,WT_Rep0,67.0,19956.59826087,55439.87550725,19923.81,55434.63,23.934048557639017,7.874134828685251,72.6806963469665,70.1950606265468,47.58408876767266,56.11410690843246,20.30825122794822,23.688943798489184,0.4702172357506553,0.1356995692921059,69,0.0138653780633882,0.9861346219366118,Expanded
629,32,29,48,WT,0,WT_Rep0,50.0,39143.89813953,49647.83627907,39153.66,49629.75,-2.406518725108498,-14.630202680798513,70.97119933806555,66.3017904148784,46.5425233504139,49.625137492306415,17.34073954394565,25.66998271839442,0.2983950639360985,0.1265182002702591,43,0.0049557854994863,0.9950442145005136,Expanded
630,32,29,50,WT,0,WT_Rep0,51.0,36659.79530612,50558.37081633,36676.88,50530.19,8.595971563521973,-6.317069236354973,76.27858192599051,71.86892763573316,43.83635679496896,52.43160315091682,26.21952997627275,12.159299389321545,0.292182478918091,0.3081811748772143,49,0.1226578758827382,0.8773421241172618,Expanded
631,29,29,18,WT,0,WT_Rep0,49.0,20487.6093617,61459.40510638,20493.22,61487.06,15.164758347678935,1.807186879944702,51.03756652231453,51.03756652231453,32.55789835517453,39.52508505998503,14.82446952787604,20.720811639466305,0.4104467838502975,0.132761346225529,47,0.2128949225296549,0.7871050774703451,Expanded
632,29,29,2,WT,0,WT_Rep0,34.0,30575.23939394,53474.36424242,30594.88,53482.81,5.100214609157241,-1.3137764817129503,46.41459434481542,43.697715595281416,27.138076361543604,29.80786099047912,14.360558837324929,6.95440343873235,0.1965027008672496,0.3158957738490965,33,0.9525596853180948,0.0474403146819051,Compact
633,29,29,4,WT,0,WT_Rep0,32.0,25414.3471875,42564.304375,25413.38,42552.88,-17.396810209461137,-5.045410751766771,57.952843175338735,57.952843175338735,40.90231237334193,45.18453193507412,17.572278201849137,21.164899742426133,0.4514807188717934,0.1178074413468776,32,0.0113504885444171,0.9886495114555828,Expanded
634,29,29,5,WT,0,WT_Rep0,35.0,32341.26735294,36418.72411765,32358.25,36387.0,-9.160712448519075,16.959712052760924,61.86498809104552,61.86498809104552,36.84386416584895,48.21040038863851,17.991725359617863,17.698604472744996,0.4639441321976031,0.1137582580424228,34,0.0227298565803854,0.9772701434196144,Expanded
635,29,29,8,WT,0,WT_Rep0,84.0,19540.79653846,42790.22205128,19561.62,42801.44,0.06188740660823422,-27.582247313594994,66.7994959698792,65.21584919611367,46.36626449729948,51.73249404150001,15.233984081221076,25.830450936302327,0.5883339511559293,0.4480126216044345,78,0.0814920596494275,0.918507940350572,Expanded
636,29,29,10,WT,0,WT_Rep0,49.0,14920.05468085,47969.97787234,14913.69,47985.31,7.18203479173404,10.78065536195987,60.985737984802505,52.9620366365711,34.03310331232186,38.911528872406976,16.56589975533141,15.50906164069924,0.3779748256097598,0.1931673821679476,47,0.2443520577019473,0.7556479422980525,Expanded
637,29,29,13,WT,0,WT_Rep0,35.0,41470.19228571,45136.51342857,41452.69,45112.34,0.21107769091122952,15.765162193051369,39.87995187256471,37.40018451719239,21.28639396378508,29.07416607030756,9.891987376089816,15.60280499965712,0.6179848532200873,0.446831002693325,35,0.8773080862037596,0.1226919137962406,Compact
638,29,29,14,WT,0,WT_Rep0,32.0,14793.38516129,38213.49870968,14806.75,38229.44,0.9022611366902455,4.536480313739407,52.18714467025147,40.24165915912592,27.26318775720381,27.29913680117346,7.964588765026106,15.135318478937169,0.2273415678284708,0.3358577155842977,31,0.9351093517245838,0.0648906482754162,Compact
639,29,29,15,WT,0,WT_Rep0,41.0,14490.73585366,39260.53439024,14478.62,39279.44,-2.1501463609117293,-23.349885814409195,56.90037558999089,56.90037558999089,35.60651491178868,43.45116225594432,16.073742550165377,16.150444188841345,0.5342089198560627,0.2492325280116484,41,0.1331841553240839,0.8668158446759159,Expanded
640,29,29,17,WT,0,WT_Rep0,122.0,20586.90158333,60893.5735,20619.0,60898.62,13.575223354881844,5.675012048368377,58.3182921601988,51.518940086564825,35.43397721485072,38.693940338983616,16.79577066811097,13.741551486415808,0.4035659272131665,0.1780975849502575,120,0.4159869409935741,0.5840130590064259,Expanded
641,29,29,20,WT,0,WT_Rep0,36.0,29556.13566667,47914.42766667,29561.81,47905.12,1.9340126240324547,-11.176902457378546,48.08591034508264,34.47998309344755,25.647571494356,27.11511551052965,9.778158581224016,14.309883418578224,0.4527074330491795,0.2144511032062906,30,0.953895793954948,0.046104206045052,Compact
642,30,30,28,WT,1,WT_Rep1,104.0,22174.76581633,52381.93510204,22172.12,52348.31,-0.7166427337658684,-5.877040100309265,66.22852412058921,59.55661347552831,41.42714705195093,41.52767786355658,16.766202202033398,14.983438953787465,0.1605707487167425,0.0701160730322183,98,0.059690094425372,0.9403099055746276,Expanded
643,30,30,29,WT,1,WT_Rep1,34.0,26411.965,37369.30147059,26402.62,37381.12,4.18923267808159,8.22831891850366,46.44121373682537,46.44121373682537,32.17139676551343,34.43335727372961,12.014360886787932,19.40920552199324,0.2873219135870932,0.1292337525572718,34,0.6903342958564904,0.3096657041435095,Compact
644,30,30,30,WT,1,WT_Rep1,46.0,30128.61755556,37969.07888889,30123.31,37949.31,24.66851271594307,-10.82484180851015,63.00738204122264,56.59076124600223,34.54754883504434,48.57621399326728,15.457841497680189,25.85198659774493,0.5472288839685922,0.3843790791286859,45,0.039665712873192,0.960334287126808,Expanded
645,30,30,31,WT,1,WT_Rep1,42.0,30654.02795455,37778.62363636,30659.25,37752.44,-4.91697572017771,13.566240018308312,50.76535656931302,50.76535656931302,28.37755693890556,37.20151647684227,14.923161338578804,20.700498750824416,0.4141491847184089,0.2215705092800859,44,0.377470269127329,0.622529730872671,Expanded
646,30,30,27,WT,1,WT_Rep1,70.0,35331.39694915,42463.5320339,35325.72,42486.31,-27.558339385647596,-23.328494029109915,50.981361650293294,44.03987396749326,26.653383283990248,44.980455754621175,14.240339102560636,21.517839706377057,0.8177170119807323,0.4606971927034959,59,0.8202339839258133,0.1797660160741864,Compact
647,30,30,33,WT,1,WT_Rep1,43.0,22395.49564103,41415.33641026,22389.06,41408.06,-0.43420947614170524,-1.3986784166041077,58.558936623947545,55.22790023598599,33.984752215112536,39.47567611493487,12.569076569484906,16.509703668220023,0.0724874940656838,0.2602913444071835,39,0.1331558479456981,0.8668441520543019,Expanded
648,30,30,34,WT,1,WT_Rep1,88.0,23216.27883721,38084.84627907,23186.31,38064.75,-3.6716823092584057,-24.45329964802526,59.46864386536473,57.78833123526957,43.36601902944364,46.98028872192801,14.80372030990462,23.863785178404697,0.6265947751683353,0.4247550839091114,86,0.1369455973815962,0.8630544026184035,Expanded
649,30,30,23,WT,1,WT_Rep1,86.0,25015.01043956,48659.15857143,25027.5,48667.75,-3.2112273387079084,0.18106536421938602,57.63971193748864,57.63971193748864,39.50295337302668,38.26119815437956,18.860561246875225,7.917464245883102,0.1213108288915923,0.2065254346154391,91,0.3182671380709216,0.6817328619290783,Expanded
650,30,30,32,WT,1,WT_Rep1,42.0,22229.17195122,53162.04365854,22197.06,53113.94,-6.967350202943349,-6.235820528242055,48.88668663658293,48.88668663658293,34.04395659884823,36.14927812997982,9.17560021664672,19.89765757562141,0.2707931869518423,0.235760836899815,41,0.4058591942654064,0.5941408057345936,Expanded
651,30,30,21,WT,1,WT_Rep1,39.0,30509.95609756,41139.04780488,30508.56,41159.56,1.7045824206991478,10.960370310194111,43.23451281865777,40.61734162410397,26.256407491238903,29.11167575368105,9.223351524192418,16.944672059440702,0.421549830660517,0.3968307291278957,41,0.8614926648248775,0.1385073351751226,Compact
652,30,30,17,WT,1,WT_Rep1,36.0,19919.52363636,49749.9669697,19909.59,49743.41,-46.38004683509802,-22.967608919933493,62.70640418845296,57.37752589033919,62.344881622064,61.19431036039844,13.192904573851168,30.64925522687244,0.8563653249107755,0.6295405767614405,33,0.4013121444510697,0.5986878555489303,Expanded
653,30,30,18,WT,1,WT_Rep1,36.0,20583.43235294,52794.655,20583.12,52792.5,2.954093638461859,19.038158595530636,51.46087526655553,45.18649777281178,34.38636208613483,36.80097036661972,10.50649010312278,18.1221044803662,0.6269853160239142,0.5743767561005361,34,0.7354905870464108,0.264509412953589,Compact
654,30,30,1,WT,1,WT_Rep1,38.0,27509.39648649,51360.75189189,27515.62,51366.72,0.8853499501654261,4.525662804539285,58.155065883666296,54.110087771383206,28.47741740815416,32.388402143003304,14.231216186767613,8.167832011997039,0.1764960556862322,0.1656444213518541,37,0.5725334697420359,0.427466530257964,Compact
655,30,30,20,WT,1,WT_Rep1,34.0,32322.53475,48338.84225,32327.87,48341.44,-10.957396809908731,-4.835055773854374,74.3924955358746,74.3924955358746,45.22819656734655,54.47050464756964,20.02373508423977,26.907809140167387,0.2079431539656561,0.4377468424731323,40,0.0113289235268261,0.9886710764731736,Expanded
656,30,30,5,WT,1,WT_Rep1,45.0,35542.47777778,50491.12488889,35550.87,50507.69,8.436836523640654,-5.273359829978507,66.007004292366,66.007004292366,43.18209528218444,48.186193631523565,13.874489154680276,24.658344902497216,0.2237214110992516,0.4046759054381831,45,0.00666133899028,0.99333866100972,Expanded
657,30,30,8,WT,1,WT_Rep1,43.0,23318.59634146,52728.51243902,23301.75,52711.06,2.571918272435884,-2.8847415241484633,55.592259613086775,51.50995252975877,34.52326283283365,36.99524751779778,19.08688522676259,6.783036688457315,0.1944647635477524,0.1321788169221887,41,0.4863171530369361,0.5136828469630639,Expanded
658,30,30,4,WT,1,WT_Rep1,46.0,34534.24977273,50428.67045455,34528.22,50425.66,-6.021070867487285,-22.047361443309224,48.93066308697782,46.83057666586441,41.13266135310308,39.06946815413953,10.772472147944448,20.29017563808229,0.7552862440651719,0.4202407344800459,44,0.6520457036225149,0.3479542963774851,Compact
659,30,30,13,WT,1,WT_Rep1,88.0,21467.79034884,50291.69,21507.37,50293.81,2.5690373076013113,9.075345564394308,65.32390955855652,61.73252758204926,41.569564885918176,44.39601093275518,15.610653583778902,21.92489639016724,0.2524495217845269,0.2776150600979971,86,0.0062374595355494,0.9937625404644508,Expanded
660,30,30,15,WT,1,WT_Rep1,34.0,35948.95,38197.75,35939.91,38196.75,15.899328475589808,-30.804175418743302,78.19661053524057,78.19661053524057,50.43980115313396,64.38053449281313,21.04805486258963,29.917359264639707,0.6097572946156641,0.1023663513945767,35,0.0911529140036549,0.9088470859963452,Expanded
661,30,30,9,WT,1,WT_Rep1,36.0,22445.96228571,52399.15628571,22508.78,52421.22,0.6063661278877994,-5.9445347894164335,56.85550048339129,50.16047038375884,35.87664240394436,33.84595382017622,12.956694198602392,15.121345743743598,0.1725942976806218,0.1280643135637083,35,0.5529748186868265,0.4470251813131735,Compact
662,31,31,77,WT,2,WT_Rep2,32.0,18689.15310345,37372.94965517,18648.94,37364.12,-954.1694572275792,2628.161769111142,61.366685714207726,53.23295986439173,30.233893560544573,2793.8071049447253,11.905433487437463,2.5375696795005305,0.999939691460234,0.9997587827765828,29,0.5136534539989711,0.4863465460010288,Compact
663,31,31,84,WT,2,WT_Rep2,53.0,24414.32396226,53904.20679245,24419.97,53921.78,3.3927176514064925,10.15727888425704,71.49848979806042,71.49848979806042,47.772355111521904,51.02977699133957,19.729633729150777,20.75716164886657,0.3405998304412478,0.3385825787706466,53,0.010857370745127,0.9891426292548724,Expanded
664,31,31,78,WT,2,WT_Rep2,61.0,36095.49066667,47080.3635,36083.06,47066.47,-7.9340697868440335,-24.638498472413552,66.19155488317409,66.19155488317409,43.05762813615952,53.90151580426407,15.808793656111286,26.896487585861088,0.4649670208092555,0.2375819700765136,60,0.0069023054571149,0.9930976945428852,Expanded
665,31,31,80,WT,2,WT_Rep2,85.0,17836.06,52556.08324675,17827.87,52559.53,-1.1252605214014073,7.084194772444791,66.94794895678741,52.63533139072612,31.4509955781032,34.86398477959102,15.438001487443442,10.245329988106068,0.2755215065578948,0.1281236133616504,77,0.5459749468291363,0.4540250531708638,Compact
666,31,31,81,WT,2,WT_Rep2,66.0,19791.44666667,49660.73560606,19782.81,49650.31,-7.0218291376189335,0.684626047445254,75.66009156239213,75.66009156239213,50.01240650675097,53.17890774680264,18.0596077626776,26.09150272948317,0.1003992441965997,0.1985342753011611,66,0.0047545131380392,0.9952454868619612,Expanded
667,31,31,82,WT,2,WT_Rep2,59.0,38122.09302326,51740.46860465,38143.12,51737.0,6.204600776145629,-3.5197789012895524,48.3784661940544,45.77135456114841,28.589145346478126,30.60499438216295,11.341114168682214,11.01189943608264,0.2444163061426967,0.3851591023801284,43,0.8849312510711637,0.1150687489288361,Compact
668,31,31,83,WT,2,WT_Rep2,55.0,29452.79192308,44792.86576923,29449.44,44807.31,11.535886477181025,11.709131797142962,68.814692473948,68.814692473948,42.14801378281904,51.82887645124155,17.958031399962707,23.7685365475816,0.3388534596121424,0.4887132868215507,52,0.0178035925602849,0.9821964074397151,Expanded
669,31,31,85,WT,2,WT_Rep2,82.0,23708.49881579,53784.06368421,23699.19,53765.38,4.227338842759703,-2.4131482762570804,61.611863953582,60.04383778772859,38.00018631337843,42.29442079498498,16.725983028510644,15.68586520467371,0.1554305468365197,0.1327878435887019,76,0.038324806053413,0.9616751939465864,Expanded
670,31,31,5,WT,2,WT_Rep2,56.0,33021.97574468,48323.20787234,33011.0,48310.94,19.97542343462031,10.50683066891661,66.57384183656464,55.65355083831225,31.381581914241966,42.64803014966358,15.176012105935529,24.04739303948076,0.57718446279808,0.4149761628969313,47,0.1184779131467308,0.8815220868532689,Expanded
671,31,31,87,WT,2,WT_Rep2,72.0,33792.7860274,54586.94027397,33799.62,54566.25,9.885614977170977,3.796941564241873,78.02621211110467,76.05690424895637,51.78428994802538,55.34885327529497,17.969014359368238,28.06643755010797,0.2092567263267112,0.0920863260109427,73,0.0051467433150652,0.9948532566849346,Expanded
672,31,31,88,WT,2,WT_Rep2,72.0,16206.35289855,60805.49202899,16213.59,60801.41,0.1701333849998048,4.777302651880129,44.51597527989247,42.23748331377441,27.725033576933686,28.79082277931797,12.247871852759024,15.970095570959066,0.0866970394649758,0.0610190861752475,69,0.9050101600572144,0.0949898399427857,Compact
673,31,31,89,WT,2,WT_Rep2,33.0,25973.3284375,53388.894375,25973.03,53401.34,-2.8686777998108584,3.4034615902528675,56.04323582657804,46.31281323590893,28.365439834067978,28.26241706479969,13.063586126670623,7.176088160171506,0.0721117059016868,0.0761834681208696,32,0.9062205778656351,0.0937794221343645,Compact
674,31,31,90,WT,2,WT_Rep2,68.0,24268.99661538,56241.56630769,24252.12,56250.69,0.4627597118393809,4.941724143164041,63.515199345065625,56.90597199803735,37.26435897195596,39.666463552175706,15.22855813828466,15.835536893475204,0.107314986327222,0.0992813992246546,65,0.0944811503499175,0.9055188496500828,Expanded
675,31,31,2,WT,2,WT_Rep2,53.0,26727.67276596,49729.37595745,26707.06,49708.06,8.076814459315267,-7.620078284740951,70.78842246282557,63.29458861710205,39.1649978403434,42.55874506521526,17.357874593861204,18.025846468148995,0.1941841732897477,0.1434205478270463,47,0.0166515511388468,0.983348448861153,Expanded
676,31,31,1,WT,2,WT_Rep2,61.0,17379.3487931,61598.15706897,17355.88,61599.25,-7.668632609332806,-5.756775707971407,69.83843449281677,60.166039583832976,41.053281885939846,42.68850244743931,13.308454210554356,21.2785874273905,0.2350783992528025,0.3533943790234949,58,0.0102883798710294,0.9897116201289706,Expanded
677,31,31,76,WT,2,WT_Rep2,36.0,36223.36451613,47727.16580645,36238.75,47723.44,-16.908820064530353,18.59269517783555,50.60913369983266,35.80886269115733,30.23289671696769,35.85830822478341,12.427752943989397,13.73445940266892,0.7456972010179593,0.2652821117488805,31,0.8816990803516517,0.118300919648348,Compact
678,31,31,86,WT,2,WT_Rep2,59.0,27357.1235,49720.7565,27376.19,49714.85,15.455369727321942,3.2654185221573355,68.95754157200174,60.72056928350863,38.78671760576882,41.8788253428578,19.308330014707263,17.5593245639553,0.3666964963728277,0.2119731862851315,60,0.0252851490447987,0.9747148509552008,Expanded
679,31,31,75,WT,2,WT_Rep2,43.0,16902.17463415,44864.64804878,16901.94,44882.06,54.705213970513256,-25.03038816738171,55.39227963135549,39.89373734709922,19.32082413022154,64.48854906877051,11.877951609493673,32.67541832668256,0.9614149455507016,0.8567751798008116,41,0.7758617938107115,0.2241382061892885,Compact
680,31,31,74,WT,2,WT_Rep2,52.0,28228.82272727,54778.9075,28241.38,54791.69,0.8825277083328238,-1.2121706624873705,67.70655393937459,52.10052565245736,42.71470426108136,34.98027816870713,19.906413089708163,5.557519780847639,0.044294348524734,0.2664953621529717,44,0.5763705383274588,0.4236294616725413,Compact
681,31,31,73,WT,2,WT_Rep2,37.0,37398.04305556,37234.70472222,37399.37,37247.56,-4.635225580382437,2.827044020628839,45.12493761423013,41.89707971518499,24.66473580956597,29.199421337148934,12.553343863533886,9.32150729730008,0.2799104774862147,0.2669452589326446,36,0.981894409233209,0.0181055907667907,Compact
682,31,31,36,WT,2,WT_Rep2,37.0,18035.81677419,46699.34580645,18030.94,46696.5,-5.49133671550312,-13.295802629880686,59.82171152534683,47.83281398965094,52.64989893109508,28.865294087279867,11.44606253057522,15.096201552739393,0.4104194961886505,0.3455525771074033,31,0.7682625326421547,0.2317374673578452,Compact
683,31,31,35,WT,2,WT_Rep2,37.0,30545.04083333,61666.90388889,30545.62,61666.69,8.217353033758037,8.419402921426691,62.09481463945279,62.09481463945279,41.393688448561,44.60930078829823,17.142232443995855,18.62565821788053,0.2855654363824331,0.5398471453123476,36,0.0470644690417853,0.9529355309582148,Expanded
684,31,31,34,WT,2,WT_Rep2,42.0,35767.81243902,41034.07317073,35778.28,41038.84,-4.148065319273175,7.684792590283244,53.14158714274546,53.14158714274546,33.96653078448552,38.9498811322589,11.631145565797286,20.70830859876499,0.2426224228687355,0.1028305701813995,41,0.1257183247377958,0.874281675262204,Expanded
685,31,31,33,WT,2,WT_Rep2,57.0,36760.73821429,40734.3025,36785.62,40718.38,8.859186208797828,-1.8493505280486333,61.67743527012134,61.67743527012134,43.57439605126868,44.97527872943913,19.89083148661237,20.34830932849222,0.2184065298722395,0.2761977635184617,56,0.0125290190755928,0.9874709809244072,Expanded
686,31,31,32,WT,2,WT_Rep2,68.0,33061.95338462,50490.34984615,33068.0,50471.25,6.726652431613497,-12.703908605081022,54.34180749353885,52.70408801974375,34.56465745639356,39.52504291942721,14.657441381333213,16.408709875024588,0.3951849279145429,0.2688113191893168,65,0.1615952036726372,0.8384047963273626,Expanded
687,31,31,31,WT,2,WT_Rep2,129.0,29978.63737705,37147.83409836,29987.81,37171.5,-2.5279376865089582,5.823462280211826,52.46242697397816,48.1371108440658,32.54447072970392,34.210064604200795,13.619443838456922,14.229974352747954,0.2382733444807097,0.2938928350824287,122,0.7765357437000057,0.223464256299994,Compact
688,31,31,30,WT,2,WT_Rep2,51.0,19597.3664,41239.4418,19606.0,41222.12,-1.0825161392607374,0.6217524698632125,67.80681931332803,64.24668663089228,47.08773468255561,44.28795724451794,17.342091274484133,23.77478844756869,0.0852390801257664,0.235115487035527,50,0.0070101709609156,0.9929898290390844,Expanded
689,31,31,29,WT,2,WT_Rep2,46.0,28193.18571429,56796.00166667,28228.62,56804.25,-10.0692512273464,8.521044915388782,52.53390735531395,42.70054557678959,33.26070031783822,27.97433705581036,11.422951177992504,8.813878138951235,0.4644228660387463,0.3742177268158018,42,0.9304496767693032,0.0695503232306964,Compact
690,31,31,27,WT,2,WT_Rep2,46.0,24535.05340909,37020.92545455,24546.25,37034.19,11.034802264709265,4.708072078708828,54.92786730627902,54.92786730627902,39.019682104513016,41.02748520066758,16.639223182026395,10.968957043139287,0.3186421645960007,0.31124635549393,44,0.2400720440317835,0.7599279559682164,Expanded
691,31,31,26,WT,2,WT_Rep2,32.0,38129.36258065,47160.36096774,38138.06,47155.38,15.69122794765048,-13.526584443428767,47.88167969621252,47.88167969621252,30.294684697639795,39.98631250575303,10.88155796799785,20.553831842724936,0.5057428703180232,0.2174846559903566,31,0.4438549287952293,0.5561450712047705,Expanded
692,31,31,24,WT,2,WT_Rep2,68.0,38089.80123288,57200.5339726,38101.81,57178.56,25.81241911541241,5.666087361461109,73.52263496927154,71.50418100051745,53.45900691110417,55.386405953699146,23.2197843839176,17.082563933100563,0.4755859363375728,0.2151589493899636,73,0.0586845926956817,0.9413154073043184,Expanded
693,31,31,20,WT,2,WT_Rep2,48.0,34531.43125,56338.26916667,34541.66,56339.03,22.860388130291337,27.41009085361344,71.89298034252374,68.93764670393318,50.745405592818905,60.81614803087441,21.37823763843712,29.44152577213476,0.6061631239148454,0.0919429864511892,48,0.0876212284594875,0.9123787715405126,Expanded
694,31,31,19,WT,2,WT_Rep2,47.0,33730.23875,57011.936875,33773.5,57027.88,27.186259349062283,13.04030631106961,77.56115122091396,77.56115122091396,60.0691816788405,63.07450671761368,22.49268166010612,29.95925117135666,0.4845577726039285,0.165816704800761,48,0.0233943375764821,0.976605662423518,Expanded
695,31,31,17,WT,2,WT_Rep2,59.0,30617.66896552,49770.87655172,30630.69,49777.94,0.3417124425664595,-8.549514604669548,48.91846375219137,45.45632802474776,35.604170246638915,32.561237847425296,16.558322632895504,6.442711095163671,0.2612010655894615,0.1404262357909712,58,0.9243540202860944,0.0756459797139055,Compact
696,31,31,16,WT,2,WT_Rep2,96.0,29642.0193617,50100.45851064,29658.34,50111.53,-1.7387010417931246,4.534328907146031,61.54180684253062,55.8295601931851,32.532501674610664,39.37991851487621,16.36204869202382,14.375311665132111,0.1193699879597989,0.136323676593956,94,0.1545571678036794,0.8454428321963207,Expanded
697,31,31,15,WT,2,WT_Rep2,53.0,15467.34170213,52657.79702128,15463.62,52657.0,17.362023880476205,-0.17537973654806469,65.19457819672046,61.36216967989644,45.97714340681031,47.14393021035096,17.88055394579815,22.4350092580944,0.3197467589354169,0.3187031251471359,47,0.0060935606223488,0.9939064393776512,Expanded
698,31,31,12,WT,2,WT_Rep2,95.0,14913.86553191,46877.18021277,14916.12,46877.56,5.219584054690774,-3.5300221062784085,50.38683941802464,49.342501987629625,37.30797419668187,35.14563050959676,13.694783858053992,13.281026180723368,0.165459644405543,0.1147617012837363,94,0.6161057660381805,0.3838942339618195,Compact
699,31,31,11,WT,2,WT_Rep2,37.0,22280.6469697,48167.22606061,22288.19,48181.62,14.822290159669118,2.903288719693358,65.79080725572535,55.738433846908144,43.00892426853164,39.53304960750656,13.416952721261165,18.70372806456253,0.3473302020106985,0.2696109838027238,33,0.0947219445045788,0.905278055495421,Expanded
700,31,31,9,WT,2,WT_Rep2,37.0,17400.77444444,37231.76166667,17393.75,37220.84,-7.620188551837596,-6.712693468856927,66.1089770446967,61.022729814895214,40.23445162007993,44.75502199229144,16.87527999124798,24.674113265468044,0.2986205132028355,0.0655321610713104,36,0.0061503247074901,0.9938496752925094,Expanded
701,31,31,8,WT,2,WT_Rep2,49.0,25614.28139535,41996.84790698,25597.5,41992.62,14.027931038611303,-5.819177344783871,57.254612168811846,43.33258644234879,30.536988718464755,29.80727816892006,11.622484538827983,10.297339954389424,0.5772242480479005,0.2409706001161712,43,0.9537196031839078,0.0462803968160923,Compact
702,31,31,6,WT,2,WT_Rep2,54.0,33532.061875,48522.61208333,33520.69,48534.06,2.0749587915962873,19.05562433673092,72.72589501839893,64.1033298226574,40.43166875868465,49.638409611345786,18.469401823796304,20.21539870029937,0.4072582356957768,0.389981502603426,48,0.0117989209722394,0.9882010790277606,Expanded
703,31,31,37,WT,2,WT_Rep2,50.0,17385.7206383,49681.01595745,17381.38,49708.06,1.6680559639445594,-4.811802792330786,59.19880122007634,59.19880122007634,41.94885940373776,41.29399446534696,15.67988488227171,17.283614262620784,0.2039100098562742,0.3711150252865012,47,0.0274363125049118,0.972563687495088,Expanded
704,31,31,38,WT,2,WT_Rep2,54.0,39978.72145455,35795.02927273,39975.59,35791.28,4.750574857044905,0.9446176258337584,70.1699102468638,70.1699102468638,49.09730078462205,50.35485517275097,16.47405234575065,23.072869591402885,0.1264439670976813,0.3888711408337033,55,0.0061164577397819,0.993883542260218,Expanded
705,31,31,39,WT,2,WT_Rep2,88.0,26378.41229885,54214.0983908,26377.12,54202.25,2.698672514954403,-1.0462688341038495,57.71599565501217,56.51151673014307,39.72365372082661,38.975335453089286,15.342038108650296,15.534518484110112,0.1187131201653198,0.24366103315422,87,0.1243331459782619,0.8756668540217382,Expanded
706,31,31,41,WT,2,WT_Rep2,53.0,27450.57709091,54170.43363636,27449.0,54136.62,-0.49883197814732677,5.226037428205172,66.246980144725,66.246980144725,45.7030534866004,47.60959733979527,15.01080121879699,23.7699907864844,0.1005246870685373,0.1886640761733399,55,0.0049260318373379,0.995073968162662,Expanded
707,31,31,71,WT,2,WT_Rep2,72.0,27607.10042254,55564.84197183,27604.0,55558.06,0.29300241147529404,-5.788401864226343,64.16044530048192,64.16044530048192,42.75083865910668,46.1939234032958,14.98546035362998,23.212716788849008,0.1517039324329142,0.0735864975210653,71,0.0054298902226473,0.9945701097773526,Expanded
708,31,31,70,WT,2,WT_Rep2,53.0,26531.69744186,59195.39348837,26527.09,59209.22,1.4128994409242523,-6.115449478636621,55.68472058857432,38.13377942920721,25.688570631884428,22.57085733189201,11.058697754672831,4.864682588405525,0.4209296268606197,0.1381319965692315,43,0.9755032373811936,0.0244967626188064,Compact
709,31,31,69,WT,2,WT_Rep2,94.0,23576.22228261,53283.13195652,23593.44,53282.88,5.140131370876608,6.2493362196699715,77.18721151180395,75.24341714542035,49.08101892737074,53.517205679860496,24.71274361635721,15.852553051110814,0.1351353700835229,0.1424819960063099,92,0.0511355117640401,0.94886448823596,Expanded
710,31,31,68,WT,2,WT_Rep2,42.0,22757.67102564,41256.09282051,22759.12,41267.69,-0.5512115624429526,15.76429960322202,66.08778804828437,66.08778804828437,49.237988980105456,49.771298396591625,15.783970889459695,24.46521205168575,0.2940690201620123,0.1741000660854361,39,0.0043490634616708,0.9956509365383294,Expanded
711,31,31,67,WT,2,WT_Rep2,77.0,21000.93118421,55579.52973684,20971.38,55547.62,-5.309796152068606,1.6883751681878363,49.5022407092819,48.29681977772436,31.91436580707582,34.944782321812745,16.196827069280125,8.199309799470631,0.1710212021090894,0.2576741282046849,76,0.7968732933308482,0.203126706669152,Compact
712,31,31,66,WT,2,WT_Rep2,80.0,25201.66351351,41152.93094595,25215.28,41159.28,13.44674411334661,-4.902825237370776,43.76894216278939,37.76705127770216,25.197191928968643,28.310877932836966,11.958861332159264,10.615396738771764,0.5641189079044383,0.1086714977015013,74,0.9801608501026108,0.0198391498973895,Compact
713,31,31,65,WT,2,WT_Rep2,67.0,24722.86425926,40694.52666667,24720.91,40685.69,-3.8864431460033115,-7.327747613898543,53.66549004001408,44.827169229271405,24.599591058916182,28.31034764594957,12.863296112469452,7.863502727340472,0.1233534180644996,0.0366636452804147,54,0.957381666775101,0.042618333224899,Compact
714,31,31,64,WT,2,WT_Rep2,46.0,23552.42555556,44115.292,23552.12,44120.62,15.10910965797934,-9.537908814519492,46.19198038259645,46.19198038259645,32.671133130420124,35.710471376755294,11.278727279039106,19.20149550708151,0.4411320624898454,0.3512289212410456,45,0.6798701312462261,0.3201298687537738,Compact
715,31,31,62,WT,2,WT_Rep2,36.0,34342.83648649,45864.13324324,34331.31,45880.44,2034.5813057426458,1817.7037952639764,65.26452303300577,61.95597721528737,44.0874044296012,2729.6216839955346,15.50707544196652,2.5375696795005305,0.9998957404656243,0.9995830125235008,37,0.4610115670367679,0.5389884329632322,Expanded
716,31,31,61,WT,2,WT_Rep2,39.0,31958.89771429,41583.37371429,31965.12,41574.68,-13.82869994215387,10.271973203556875,71.2890938826848,67.06630126315363,50.51698159665225,44.43012997421473,15.683528014994614,16.58481192380844,0.2597038697061277,0.4404998580985679,35,0.0339405844652,0.9660594155348,Expanded
717,31,31,4,WT,2,WT_Rep2,84.0,19325.61698795,49501.8686747,19324.16,49499.5,11.344399540372486,-1.4394356869658307,58.09701269453053,58.09701269453053,39.24613866206587,41.0591260687079,17.495313213576594,17.875688682093827,0.2474255639289871,0.2419028467999397,83,0.0316155261245151,0.9683844738754852,Expanded
718,31,31,60,WT,2,WT_Rep2,103.0,29977.2645283,38349.045,29964.12,38357.62,3.3658179267863884,7.8270697990118645,69.39844827862348,66.73176671032233,46.39093964365613,46.64403098607611,22.222197891083,13.330176228622811,0.1560674476295852,0.3140916312552039,106,0.0920882470873037,0.9079117529126962,Expanded
719,31,31,58,WT,2,WT_Rep2,65.0,23152.55533333,61343.98233333,23152.88,61349.04,5.118217959574603,6.116398867328069,59.79653465329916,51.77026257976458,33.767095187249055,36.31034839039788,16.306158537874914,11.789296812758156,0.210420080832364,0.3685124440503555,60,0.4877669748088949,0.512233025191105,Expanded
720,31,31,57,WT,2,WT_Rep2,71.0,15079.93313433,49105.89567164,15084.44,49096.12,-17.48504784606554,8.181636847069957,61.677702872412944,59.08156122312846,39.3887202894687,46.40689819813068,17.515516762817857,19.129070239049543,0.4796632657429156,0.2713189882604625,67,0.0191436202686733,0.9808563797313264,Expanded
721,31,31,54,WT,2,WT_Rep2,39.0,39863.63555556,44826.78777778,39879.72,44807.78,-21.290823853302935,-4.424439319225067,62.50037500975627,52.61673501679122,27.80241193747975,34.59208188036918,10.684420834401626,15.74832351591176,0.535847474411171,0.3171909256991468,36,0.4879321120482915,0.5120678879517083,Expanded
722,31,31,53,WT,2,WT_Rep2,52.0,34804.56452381,48426.855,34829.59,48421.12,-15.530977901180906,-25.438762442524794,59.23193359592495,56.66660888820505,42.02840672283072,50.265898616342106,20.806501819814056,18.172853981337063,0.6743483400800426,0.2203502465737515,42,0.2935843008005978,0.7064156991994024,Expanded
723,31,31,3,WT,2,WT_Rep2,101.0,25535.5531,50741.3427,25536.75,50758.06,17.083566820819733,-15.251690912590405,63.19728151352457,61.92407779398853,38.7771755386857,47.3635650829744,19.71169979342065,20.50187684683469,0.49605957220233,0.0910135166164465,100,0.0236694126279866,0.9763305873720132,Expanded
724,31,31,50,WT,2,WT_Rep2,47.0,27570.26977778,51903.67444444,27570.91,51882.12,8.515316099870962,10.7328698104431,52.70913884273511,52.70913884273511,34.752779307417825,40.06471371503956,15.094400839719386,19.232735599728475,0.3299702128401361,0.0483510106271034,45,0.110666239087058,0.8893337609129419,Expanded
725,31,31,49,WT,2,WT_Rep2,42.0,20006.7825,53900.49825,20002.19,53905.75,-13.411892878238946,-5.1134443432594265,57.73771674478135,54.320359257348905,33.39613030177139,41.3701111530585,16.636679306750306,15.98946919640353,0.3534201837967091,0.2510317427508321,40,0.0941053912431465,0.9058946087568532,Expanded
726,31,31,48,WT,2,WT_Rep2,107.0,14931.44524752,47223.54594059,14917.34,47214.93,0.9674517370194895,-3.496556491127038,56.930731697406046,50.15246171176252,28.905420667018863,34.58960343495272,13.9407281263457,13.50138643983962,0.1106675724506685,0.0677151932980511,101,0.5756300086004557,0.4243699913995444,Compact
727,31,31,45,WT,2,WT_Rep2,46.0,34669.42061224,59429.63714286,34681.31,59411.69,-14.267796620034582,-14.551159822618056,66.99892503939995,59.29620368341624,38.07095157144307,45.51841468808413,19.456809621672505,17.403684916378808,0.4886247762380944,0.118441821686838,49,0.034345623655748,0.965654376344252,Expanded
728,31,31,42,WT,2,WT_Rep2,46.0,27903.87309524,53476.17428571,27898.53,53505.53,-6.367381636782943,-7.52243867753546,59.42500735226464,56.06319364689211,33.91065045353582,39.27973509994565,15.93013088479985,13.8710363897395,0.2468730797428459,0.2745050944025091,42,0.1876058122860994,0.8123941877139006,Expanded
729,31,31,59,WT,2,WT_Rep2,57.0,33590.93326923,58071.88192308,33587.16,58074.38,7.228148287150111,9.380402889162994,62.35978264456668,53.614619596668575,30.29736054097317,36.43406304352061,16.76288397649683,8.982530545091276,0.2981102534794734,0.0256985120251711,52,0.4848065635247461,0.515193436475254,Expanded
730,31,31,51,WT,2,WT_Rep2,37.0,25139.70918919,53580.61162162,25138.12,53574.31,-6.042594199396313,-7.2582408677108345,38.67205258946038,36.75026167717897,21.36793088741722,27.89744285918086,9.628529799012806,13.17577533529948,0.3722397099995601,0.1769524288013877,37,0.976585109169239,0.0234148908307607,Compact
