,Unnamed: 0,File_ID,Site_ID,Label,N_Locs,R_Raw,R_2nd,R_PCA,R_w,GFP_Distance,Nt_Locs_Gr,PCA_Ratio,PCA_Theta,PCA_Center,GFP_Center,Mass_Center,Fit_Center,Ro,Sigma,Fit_Shift,Err_Ro,Fill_Factor,Ratio_Var,Err_Sigma,Cov,Corr_Coef,Nexos,Inner_Radius,z1,z2,varX,varY,Mean_Angle,R_Tau,Sigma_Tau,Tau_Center,Tau_Shift,R_LM,Sigma_LM,LM_Center,LM_Shift,Inner_Radius_Tau,z1_Tau,z2_Tau,varX_Tau,varY_Tau,Mean_Angle_Tau,Fill_Factor_Tau,Ratio_Var_Tau,Set,Model,Err_Ro_Norm,Err_Ro_dx,N_Locs_dx,Mass_Center_dx,Pred,Ring_Rand,Spot,File_ID_or
1104,1104,4,1,Sec18,65,63.59164667294026,63.59164667294026,77.61998100227842,63.93543958841244,31.79144349825299,63.0,0.7514185369286147,0.8736398909147672,[18967.36553809 49567.44242327],[18970.12 49571.56],[18987.77692308 49591.816     ],[-2.25582529 10.24393989],1.82854074634846e-17,29.497098146052256,10.489378061497234,1.7206212824958265,0.5625,0.8155217159209708,0.7971148507684579,-1.3118853326744004,-0.9565103764495207,3.5187008296780427,11.155379848509142,0.0666380820693809,0.3313195097510634,0.5483599327332149,0.4471994332848995,0.4176058614940745,49.50731283126524,17.959175001186026,[-18.58845446 -12.5665428 ],22.437661133557423,50.76651850191063,17.33982492921341,[-21.78203936 -21.0594792 ],30.2978366010364,21.96349844757861,0.5010330344519787,0.1883873544782908,0.440460428623312,0.3085054697645303,0.6996069561651004,0.625,0.7004158596693565,Sec18_AA,40001,13.872092266689364,2.363539123722332,39,[18984.65704675 49591.73889108],Ring_Rand,0.56,0.44,4
1105,1105,4,2,Sec18,57,79.2658073316437,79.2658073316437,79.45000198788354,71.55838365860784,3.862073828133009,56.0,0.6109835173124583,0.8991069603910915,[18022.4602799  49488.52898404],[18027.94 49495.  ],[18024.86368421 49491.55210526],[3.38564921 3.47448154],48.27341588405533,9.38539866884794,4.851251643134844,0.1433352799203133,0.5625,0.9565518588178972,0.1419743086115029,-0.0039943947063992,-0.1962854537082117,3.078863225968288,26.65685835193564,0.0646711951535869,0.1612269147758996,0.5089656233896384,0.4868520131277684,0.4340522574949813,55.76273494519716,18.2413780261468,[-8.65516522 -1.70970209],8.822412720189407,52.93324760186641,17.97640113098213,[-9.72245925 -1.22748842],9.799639879247223,26.940397951545947,0.1798258957633088,0.191636035581858,0.5015503726559586,0.4661122745569651,0.3677343239527909,0.5625,0.929342893493766,Sec18_AA,40002,1.0821576321315536,0.4032018906195255,38,[18018.80268902 49488.46537545],Ring_Rand,0.6,0.4,4
1106,1106,4,4,Sec18,38,72.614704643963,67.48598212857839,70.45211704555048,54.37789578866846,14.448059899785784,46.0,0.7300480606260672,0.5754828372567676,[36654.02725248 38034.99731534],[36672.88 38012.31],[36666.14815789 38042.86052632],[-5.86583318  7.9785552 ],33.76821693702776,17.889287254587476,9.902794658450146,0.3983205365668398,0.3125,0.9237243349076149,0.3665724217964898,-0.0805237615274816,-0.5514822857573263,2.089228617621338,16.589401535410435,0.1573520556681006,0.3842971157287809,0.5069543036288815,0.4682860269481415,2.202078138761583,54.58838493888525,18.388411381068025,[-12.69982413 -22.24756856],25.61717860529789,48.22373208187432,17.224972167296706,[  0.1931219  -17.27827468],17.279353917904682,28.207434210399764,0.4809885494064462,0.2715866637117066,0.3347269749132446,0.433923040426638,1.144241625078894,0.375,1.2963491829097529,Sec18_AA,40004,2.455412693282743,0.522922151062945,29,[36665.98286751 38041.98390806],Spot,0.4,0.6,4
1107,1107,4,7,Sec18,58,68.68598658064431,68.68598658064431,69.52172935458358,61.62187898050802,7.676697442272784,59.0,0.6262493795324341,1.4339048164066133,[18864.66000947 37827.4800542 ],[18864.5  37820.06],[18863.61241379 37819.87517241],[3.95511624 5.45607078],40.701664110127,13.54993366216147,6.738816873495521,0.1998172560085464,0.5625,0.6405226093777509,0.1941917131713652,-0.0132888442585912,-0.3424707838550783,3.188822626895726,23.24555958326233,0.1126840160755608,0.2365522335226894,0.6018218260920926,0.3854804864289901,-2.4053305441189274,52.69307410188799,14.610907498704298,[ 9.60788816 16.65009641],19.223351044243564,49.43193547681469,14.327760938458274,[ 8.74776077 12.85514789],15.549216883242144,26.54235708463144,0.359359621960266,0.1749768568945553,0.5477704501594762,0.3230902119450985,-2.1049473453872487,0.6875,0.5898277496550517,Sec18_AA,40007,1.5217628843974116,0.2351918704598762,36,[18868.56036303 37822.62593379],Ring_Rand,0.59,0.41,4
1108,1108,4,8,Sec18,35,69.63712438158136,65.48431195087909,68.10058066482203,65.51884518020778,13.353398543292531,36.0,0.62560957183485,-0.1794336396057022,[22753.47213406 42073.61006936],[22785.88 42068.44],[22766.61114286 42071.22685714],[-8.14297008 -2.6724352 ],31.72805443074771,14.878350912427994,8.570290053562509,0.2284506173701185,0.4375,1.118427924159293,0.2148243540430428,-0.0240617519764336,-0.4902881483401796,1.86930981576646,16.137356245093628,0.1189556851084697,0.0676239802521369,0.4653684620266763,0.5204810829536983,0.3222808215875859,45.27751756330479,18.368990840074154,[-5.50571996  6.94771969],8.864748230376328,41.467892971436,17.550057592049917,[-5.55617015  0.02335434],5.556219236572934,13.837452990830288,0.195233402161885,0.0743599351208451,0.4680238480087568,0.493860070671539,-0.3633893897413756,0.375,1.0552027909960235,Sec18_AA,40008,1.351532078859984,0.2478012668348913,29,[22766.00936121 42068.53396536],Ring_Rand,0.5,0.5,4
1109,1109,4,9,Sec18,45,67.20083399401766,61.04241645143264,62.43421711218985,56.7991400630286,9.363816055079583,44.0,0.7387199867468933,-0.7010167521473867,[27079.48540665 62839.1133924 ],[27062.38 62813.94],[27086.64111111 62833.07377778],[-5.48496678  5.51583181],40.56829732918175,12.786351159651504,7.778769898024479,0.2257631884885638,0.4375,1.19934239976784,0.2200806313134673,-0.0160630363338419,-0.3232903105950516,2.474086520867373,22.951346735694965,0.0595947511441422,0.5202162973561064,0.4530665465010139,0.5433819191350537,1.923295529164876,45.875244520008216,11.806368153927467,[  9.86013646 -10.3055934 ],14.26280289380819,44.20385660131982,11.698201910432651,[ 9.90058196 -9.57584618],13.773828557094223,24.20164889886772,0.3192163713733948,0.2927985866501303,0.4262304788362911,0.4718704294109118,2.3578263384981675,0.5,1.1070781017331948,Sec18_AA,40009,1.5144655088325805,0.3124258269934359,25,[27090.73022447 62830.34766543],Spot,0.48,0.52,4
1110,1110,4,11,Sec18,56,58.03629822074925,55.97742254136927,55.9826096478376,49.21882104793072,0.5443347405523229,62.0,0.5973490550186716,-1.4797661643392523,[31864.84894676 55350.85916901],[31885.   55323.12],[31864.79946429 55351.40125   ],[0.39944759 6.15628199],21.571349347153884,19.111004099648625,6.169227365982684,0.2857191626971466,0.375,0.8894550267863245,0.2237009921894198,-0.0493610294620287,-0.7722838083936225,3.0238835255045675,11.795305214063982,0.0292255075624218,0.1083006618117256,0.5288010857856268,0.4703447839220921,-1.4937157710951678,39.48959659809522,16.029649172588194,[-0.08079713  7.95349621],7.953906591821198,36.05416592564271,15.197322471308388,[4.81534513 4.86683843],6.846434477705296,14.218320675285652,0.165093089594049,0.0659059449882496,0.5109834246710718,0.4617608470972195,-1.6506062401734134,0.6875,0.9036708918581112,Sec18_AA,40011,2.1381264312972887,0.431642077030011,37,[31864.02550617 55355.16980754],Ring_Rand,0.61,0.39,4
1111,1111,4,12,Sec18,61,63.77409793919813,61.34204503443179,65.5358534977603,61.11349041232775,16.47666260343709,65.0,0.7008154774637899,-1.452433384878181,[40359.48661934 51857.86105216],[40346.84 51841.53],[40361.43229508 51841.49967213],[4.90862928 5.42938525],32.516499156842904,18.49977060625379,7.319348720167541,0.3257937959424697,0.5625,0.569731672615812,0.2950811735754476,-0.0564750569585985,-0.5874519716400242,3.353761728286884,17.70407620708033,0.0875675213593896,0.2928223576097585,0.6321665966956914,0.3601653325072817,-2.298625085567432,44.01426698241573,15.47899015897812,[1.76888442 3.78247388],4.175650937431302,42.1830071037527,14.941044487110414,[3.95906424 8.1943317 ],9.100618757766672,21.60233497080364,0.1462542115572518,0.3080358437881516,0.6340845397108671,0.3445251658908997,-2.1099324814919016,0.5,0.5433426370054661,Sec18_AA,40012,2.5445308891720733,0.2850884758788914,34,[40362.05756326 51842.80552872],Ring_Rand,0.57,0.43,4
1112,1112,4,14,Sec18,48,66.61821231158775,63.84087508727978,128.49972060524425,57.30567240658526,79.65653586478612,51.0,0.7544861438898077,0.1915459807099139,[39660.92220461 51896.21684198],[39569.5  51868.88],[39582.7225     51881.05208333],[-15.90894941  -1.63596906],30.79594047977858,13.601430476285833,15.992844219148015,0.1844870439324128,0.4375,1.2117988440911784,0.1749180195750493,-0.0148862581245127,-0.4613017705909687,2.584045921794812,14.42275954716284,0.0151800299034637,0.2218044616368599,0.4520164975051934,0.5477530691869364,-0.486179482528402,44.121654534341154,18.412618695148407,[3.68592123 1.3658153 ],3.930835374154279,40.540121261101575,17.445042506715115,[-2.51405253 -5.70346017],6.2329702452457285,12.360992948194223,0.062016744958484,0.2025517577014229,0.455541146996444,0.5406127763483105,-2.407872067042412,0.4375,1.186748507599755,Sec18_AA,40014,1.2781637337165224,0.7860174320974042,35,[39584.50498788 51883.72186668],Ring_Rand,0.51,0.49,4
1113,1113,4,15,Sec18,33,78.47339751635675,69.45850773665931,91.56509419165504,70.75947862127957,42.98905656283198,47.0,0.8233430538314047,1.5451142136480858,[40552.5830295  53159.00594415],[40538.25 53118.88],[40552.59088235 53201.995     ],[ 16.8173652 -13.2558848],1.7663772191735871e-22,16.574524027914933,21.4135997443434,1.2145876842766712,0.3125,0.4090768899382596,0.5631563260854635,-0.6540090280748174,-0.956149722442044,1.7043707143753015,13.42665140433714,0.3163694118310528,0.353604925056013,0.6386524409587785,0.2612579542988951,1.2350823268516022,56.24843961143465,10.693544788011858,[  0.97579728 -34.60555042],34.619305312326176,54.16827186302567,10.569378073842138,[ -0.6221852 -32.7956809],32.801582282057765,29.265100221726097,0.73326224554618,0.2119569123035064,0.3765097857787291,0.0858166934778445,1.3880874981686686,0.4375,0.2279268606534388,Sec18_AA,40015,6.9772750420408896,0.5892361308734234,20,[40556.73070126 53196.33917166],Spot,0.42,0.58,4
1114,1114,4,17,Sec18,53,69.80119588312317,69.80119588312317,71.169448238934,61.05635835665923,9.920176716251996,56.0,0.5829584028845638,0.9140860878640809,[18138.08792268 42595.3447537 ],[18102.5  42581.56],[18132.03150943 42587.48792453],[9.01983612 4.66153223],42.942436965949554,14.363162918128088,10.153192913022371,0.2058768076700182,0.625,0.851112076552939,0.2000244054212488,-0.0141731203339333,-0.344171623809306,2.85894442411341,25.167380936280285,0.1568405112514474,0.1238658532624494,0.526927065295114,0.4484739887352705,-1.907409234480557,50.78186943929795,14.039495772704772,[ 9.31705753 10.92675527],14.35971941260916,49.25938719491243,13.781233107989406,[ 7.7726775  13.22082391],15.336384850367107,25.69030696261111,0.3356590787672379,0.0477725199539558,0.4892564465552937,0.3980765362858354,-2.131397618967963,0.5625,0.8136357509207526,Sec18_AA,40017,1.4988057834920032,0.3189851191207868,36,[18131.43234571 42593.47009073],Ring_Rand,0.61,0.39,4
1115,1115,4,20,Sec18,70,71.76048767392811,71.76048767392811,72.12412995735616,66.22869650681032,5.1667367679347045,57.0,0.6821672574780941,-1.3502308210108225,[18932.62104234 62005.1015668 ],[18929.   62000.56],[18933.75142857 62000.06      ],[-8.12287937 -3.67519951],35.21063562441138,15.333085000391636,8.915618923183786,0.2990143453500901,0.5625,0.459696802754109,0.2839983652000869,-0.0386041795031393,-0.4545968917432482,3.848579032460359,18.990343321255207,0.1452814912225778,0.4033651060963438,0.6706141210018407,0.3082791673063034,0.2652647296804807,55.057072457621445,19.82026533557271,[-16.89063194  10.89299668],20.09852790454619,49.27555376579397,18.97531293517356,[-12.2006835  -3.4576898],12.68117883225153,26.54948919408041,0.3638388691812177,0.4236646770979128,0.618412832374372,0.2492084448985607,-0.5734869724949446,0.4375,0.402980714261272,Sec18_AA,40020,2.5017335011467563,0.4170754821557577,44,[18924.96283615 61999.97419781],Spot,0.3,0.7,4
1116,1116,4,21,Sec18,37,64.06138388354775,64.06138388354775,64.70327197374223,61.32611224669147,6.4938157013797815,39.0,0.5736025555056745,-1.4950609931063676,[18601.54674668 62651.17506942],[18605.56 62661.5 ],[18601.05540541 62657.65027027],[2.43509417 3.69175897],33.65812537310014,17.086784098432588,4.422529580621611,0.2838876524046724,0.4375,1.1681245624376044,0.2634451573843492,-0.0396320546664552,-0.5299194560819748,1.9792692166938988,18.98273587876921,0.1487307769497937,0.1283732769757239,0.4510253575507162,0.5268537984371945,3.085958382802607,45.35015301047103,13.386735024445487,[ 7.94171924 -5.64197363],9.741805320525922,43.82370904507988,13.013265158432532,[10.3475543  -3.04762005],10.787023128256855,23.511798924327035,0.2867929486479016,0.0449138555434561,0.4450245737618343,0.4727252308440077,2.772897696193908,0.625,1.062245230298222,Sec18_AA,40021,1.7268211748614664,0.3525160539114287,27,[18602.73923342 62660.58294714],Ring_Rand,0.7,0.3,4
1117,1117,4,22,Sec18,61,64.74346926008266,64.74346926008266,64.81273397373148,61.11046309602282,2.139720718761532,60.0,0.6307211054983327,-0.0651472977240689,[18254.08022818 61687.03913451],[18254.   61678.69],[18256.21540984 61686.89983607],[8.79333033 3.05996582],1.8931043105702998e-13,35.25306476588083,9.310534308870835,1.9363480970211369,0.6875,1.5341001623312531,0.8969696381904801,-1.6613836786651814,-0.9565523960442326,3.353761728286884,19.325956442237484,0.06552523703601,0.2268971946867657,0.3929230809864167,0.602783362324958,0.8948109404525035,47.0367208847324,18.815770407355654,[-5.91454807 -6.23219113],8.591977952935203,44.81079096412568,18.2693071893086,[-13.47693573  -4.63850723],14.252843432617444,19.931814287370084,0.2091430105937816,0.2309589592519713,0.3746984788758114,0.5815607222439578,0.7878292857585993,0.5625,1.5520765496267417,Sec18_AA,40022,15.1233620972018,0.4503322443613469,41,[18255.80518582 61683.4650014 ],Ring_Rand,0.62,0.38,4
1118,1118,4,23,Sec18,101,79.9289119769132,79.9289119769132,80.45701080510455,66.301517931734,6.573742522715131,104.0,0.5783681005842828,-0.6546446823978588,[25425.57818076 47604.38125799],[25407.12 47596.44],[25420.36346535 47608.38386139],[-3.53621458  1.39776799],41.87550612588569,19.49546339810482,3.8024424870966698,0.2534205518804507,0.9375,0.9003891247577099,0.2385600710173749,-0.0294269293852413,-0.4867493265786766,5.442990345908222,24.12126092662954,0.0768216798324485,0.0589358627044384,0.5231025670252998,0.470995862482421,1.7053137848209523,55.59182832176262,18.69087340639391,[ 0.14284233 -3.68494831],3.687715818236352,52.60664925330898,18.40039417856639,[ 1.09249027 -4.81441827],4.936816610700712,26.858881823991418,0.1196023919572936,0.0570170200179001,0.5189273616424297,0.4667679061956643,1.6631120154135015,0.9375,0.8994860180783718,Sec18_AA,40023,2.546845026234344,0.3833276294019049,61,[25418.09557599 47607.66049078],Ring_Rand,0.74,0.26,4
1119,1119,4,24,Sec18,49,65.44957179635763,65.44957179635763,66.02433806149034,63.262378974439066,6.209224874044336,53.0,0.7070756774876823,1.3708155217421585,[27608.82816691 54428.14819602],[27613.25 54422.93],[27610.06163265 54434.23367347],[-2.80390326 -1.90731526],39.19222000288724,14.184487997660126,3.3911244433244403,0.2355885406917061,0.5,0.4956992727427638,0.2276984867463886,-0.0200691438228235,-0.3741231125997667,2.694005322722252,23.17202790970796,0.0600049296552417,0.3327502719183042,0.6661763006609646,0.3302231077561049,1.3501204638464976,47.96339085001284,12.31157180170631,[ -0.91989757 -10.68207602],10.721611801576255,45.92196683965399,12.132733821836188,[-0.35547425 -8.38868308],8.39621139743215,24.725984045067424,0.2150960561457676,0.259062716629561,0.6275557679758278,0.3261779186547088,1.5154959877324483,0.625,0.5197592553515858,Sec18_AA,40024,1.649119784841943,0.2381645181232715,33,[27613.01008366 54431.30612582],Spot,0.3,0.7,4
1120,1120,4,26,Sec18,39,78.50823111535937,78.50823111535937,90.62532115800812,88.01720807421748,32.33597921985427,41.0,0.709521083522337,-1.5547041681756573,[26939.70751274 54521.60000238],[26963.25 54565.12],[26939.18717949 54553.93179487],[ 4.60328894 -8.73333289],1.364113593634279e-31,18.09653838511212,9.872252656323658,1.5126939026868431,0.125,0.6346742186712848,0.7006892845910174,-1.0138970960014302,-0.9565713003735128,2.1442083180850573,7.919396856009922,0.0941487762844834,0.3304650023230662,0.6063202053371596,0.3848158025869747,2.824218064028732,64.02197872242164,26.63716731240283,[  8.94474405 -29.56587302],30.88930711084408,75.26887909969516,24.83080537579148,[  0.89760826 -56.00448992],56.011682631930015,19.31388662375616,0.5732906289270426,0.2719542754435839,0.4528450693857961,0.2184927853986397,1.838543996555736,0.25,0.482489045745792,Sec18_AA,40026,9.446770394468796,4.666616481884979,28,[26945.88619612 54552.18119039],Spot,0.48,0.52,4
1121,1121,4,30,Sec18,69,79.67143512316852,79.67143512316852,79.67571280227367,77.91878890655398,0.5897231991372416,69.0,0.566060925035814,-0.8955788827818011,[34194.78776026 49362.79945129],[34148.25 49351.44],[34195.15637681 49362.33913043],[-9.91277509 21.48883631],33.51224988579984,14.692624603996473,23.66502051729108,0.3176738277492764,0.5625,1.1336978636603647,0.301471137910344,-0.0438422204126768,-0.4577890125435706,3.73861963153292,28.28978099507794,0.1095584154724234,0.1472911148659176,0.4630444499317538,0.524952503667418,0.03343393057087,58.31531869546655,16.865024988288564,[-15.27276099   7.251467  ],16.906832998175734,57.67829714233272,16.4324774430743,[-20.06870727   8.39471079],21.753716482212297,30.07050958190911,0.3442789965000575,0.0553541897492429,0.4184746173264764,0.462997355242437,-0.3562635821786981,0.625,1.1063929234236585,Sec18_AA,40030,2.638796998206665,0.2678114768264416,41,[34188.58174469 49364.37319058],Ring_Rand,0.8,0.2,4
1122,1122,4,32,Sec18,62,66.326999406521,66.326999406521,66.33406028472932,62.84809103787647,0.6913103446224863,66.0,0.6078245373513881,0.92731273803465,[16381.45058297 44691.53660393],[16383.   44663.12],[16381.03580645 44690.98354839],[-4.57381456 -0.88273226],32.78993473351046,21.042756728555617,4.658218102574729,0.3278746991007624,0.8125,0.9081857356057248,0.2874304650963674,-0.0608783210073175,-0.645984300917991,3.4087414287506035,19.83611196958281,0.0823748987341014,0.0920319827988572,0.5205019393687406,0.472712436689806,0.5837209587823194,48.254931834130495,16.38259109894999,[-8.4523982  -3.54534442],9.16583342091445,45.45003957858381,16.103714842453638,[-7.43275192 -5.02632915],8.972724545885667,20.987846226547475,0.1984929670236372,0.0915644544245262,0.5008808504669374,0.4597196915752158,0.4766482753786895,0.8125,0.9178224544752512,Sec18_AA,40032,2.581687962408657,0.4940936838215613,42,[16375.73994086 44691.3605293 ],Ring_Rand,0.72,0.28,4
1123,1123,4,33,Sec18,73,65.14222489683998,65.14222489683998,77.03523021760178,62.774206481592806,29.371974270282283,78.0,0.8037775805433168,-0.8380416124187329,[27647.52311291 38198.6524134 ],[27627.56 38215.12],[27627.87561644 38220.48561644],[3.01470356 7.12774026],32.66021731885382,19.640502762599542,7.739064468457607,0.4091393868546785,0.5625,0.8971587165091598,0.3653634283048056,-0.0919132237924075,-0.6148676374109565,4.013518133851517,18.253172247144768,0.1230719159638531,0.4972617944140339,0.5191201426273663,0.4657331608736199,-2.5841493931347523,49.05547386905656,16.538939995362473,[13.77871886 -7.17847991],15.536526873062655,46.70065509009279,16.231227436802698,[15.48701748 -6.28493204],16.71370937894555,24.92680828655855,0.3496883050572045,0.4431169364534918,0.4960004482337083,0.3817176410725111,2.725425623507581,0.625,0.769591322813989,Sec18_AA,40033,3.495688453643291,0.5306813157527747,41,[27630.13852594 38222.57450212],Ring_Rand,0.64,0.36,4
1124,1124,4,34,Sec18,34,71.82536558612586,66.50780277062589,57.650514719073286,52.767500297738366,6.140645512484659,34.0,0.6428987454825928,-1.3790340786060724,[26529.08486289 39762.3838936 ],[26510.38 39765.12],[26523.40972222 39764.72916667],[-5.76996416  5.93338486],23.00250358071745,13.385537955946258,8.276324201041039,0.1976374304207623,0.1875,0.6370376545398398,0.178013327518469,-0.0210614821755618,-0.598642042179049,1.86930981576646,9.431422059208789,0.0414704750731582,0.2296932652204319,0.609808941736173,0.3884712579610335,-0.4335311031174723,46.58321373787689,21.91114923983044,[ 7.03484145 19.31208647],20.55348335437409,37.94777547246597,18.28321733019306,[10.50533471 -9.86983986],14.41443014197811,13.485292476035692,0.5001550874681437,0.1423098102576779,0.564254083300806,0.1855908051789276,-1.7305087901939913,0.25,0.3289135350040321,Sec18_AA,40034,1.1524143494043009,0.3510181793977305,26,[26521.58916382 39763.66558636],Spot,0.44,0.56,4
1125,1125,4,35,Sec18,60,58.39855509671844,58.39855509671844,58.58825262520684,52.51891363573501,3.3648929002131376,62.0,0.6258568197168531,0.5627158125440688,[27407.57810867 39357.75804603],[27426.   39377.62],[27410.42416667 39359.55316667],[-6.80758422 -3.98823301],36.54726053179044,13.773379530330548,7.889816565558391,0.1494315990005583,0.875,1.2038611760816824,0.1439792018298783,-0.0084019894462952,-0.3905169838260443,3.2987820278231648,21.895994317371485,0.0350131922189563,0.1816651576152422,0.4531928268487363,0.545581249521902,0.9009787233435153,42.17467453399076,14.386113056459548,[-5.08719372 -3.5816341 ],6.221546654190267,39.47837954428891,14.153541861835832,[-3.2559328  -2.87551234],4.343923294101942,22.183136513862703,0.1497363524502962,0.1909493680207403,0.4263153864170468,0.5512636383378339,0.5872297038274814,0.75,1.293088769258155,Sec18_AA,40035,1.1574921886526148,0.4710272864877382,38,[27410.37890085 39363.88118954],Ring_Rand,0.66,0.34,4
1126,1126,4,36,Sec18,50,65.56605156330244,65.56605156330244,67.95570832457781,56.953540224907535,12.758973958606504,52.0,0.6940947073355038,0.3893262894108397,[27691.94104402 39102.1981374 ],[27716.62 39097.94],[27703.7452 39107.041 ],[-2.2419081  -6.24847703],39.0740382390749,11.23350299189823,6.638495097425535,0.1375704037364314,0.625,1.6003225220574668,0.1346974043967548,-0.0054409093455186,-0.2936210930599389,2.7489850231859703,22.80636640162792,0.0218980522891737,0.3269808905398172,0.3843832704702665,0.6151372048356742,-0.6642704001891977,47.14847359184117,16.04094480308483,[-5.41106949 -0.61557378],5.44597136244353,44.18785778404574,15.694527084815986,[-2.19831378  0.85581275],2.3590249947065494,22.408022836838832,0.1032716531485999,0.3278029188662724,0.3659588281557623,0.623376137500193,0.003855678830173,0.625,1.7034051088251565,Sec18_AA,40036,0.9727696537260182,0.1804085036559827,33,[27703.28987385 39109.66634078],Ring_Rand,0.73,0.27,4
1127,1127,4,37,Sec18,56,65.34964822651621,59.8344565593273,59.85733923599594,56.85649099070245,1.182109119727995,59.0,0.521390577325524,-0.2237482918238127,[27805.18514222 37963.43127793],[27797.88 37979.19],[27804.0325     37963.69357143],[-1.74406527  1.51885938],18.38442232737169,25.44015652344596,2.3127251157848185,0.6522954211029275,0.75,1.0718375024450115,0.4338979395471851,-0.2456110158863087,-0.8677925625985459,3.078863225968288,16.419171209413037,0.052213372932828,0.0517597629748287,0.4813474814072422,0.5159262822797352,-0.8754666221338147,43.35940110431712,16.86240335832349,[-3.29875246  6.52246374],7.309192909433718,40.09836104080373,16.477967904968096,[-5.44859094  4.80639973],7.265577862754548,20.230168686789906,0.1794539776367867,0.0743080262946008,0.4751117724201621,0.4926844974901735,-0.9990800082425888,0.6875,1.03698650736541,Sec18_AA,40037,4.881331961457175,0.583309120260295,38,[27803.71062453 37967.65235571],Ring_Rand,0.64,0.36,4
1128,1128,4,39,Sec18,71,61.86587764572682,61.86587764572682,62.36636339877003,53.34404677660997,5.632289685158705,72.0,0.5644784618555239,-1.5062984900746477,[37201.54937568 53432.34057867],[37173.77 53463.31],[37201.91239437 53426.72      ],[-12.46649809  17.45050744],1.253214314936372e-21,13.769874699015888,21.44606687886545,0.6632220542566394,0.6875,1.0416127993139397,0.3070610286798977,-0.1948471853812028,-0.9567764491356558,3.793599331996639,14.1472857830616,0.2440972827012855,0.0771121734993547,0.4606243245016218,0.4797921920762268,-0.4283279058675268,48.018507379281886,14.84831341519722,[-16.9425787  12.0194647],20.773023482776747,44.474393984184005,14.362909615378156,[-16.61908362   6.76358815],17.942688347429677,23.72787804180907,0.4935446143714027,0.1726502876207079,0.3780601412337926,0.3783535723911907,-0.5258492992985861,0.5625,1.0007761494148537,Sec18_AA,40039,5.588408362040141,0.2032637768912819,41,[37193.15434171 53426.7604852 ],Spot,0.45,0.55,4
1129,1129,4,40,Sec18,41,52.60228797343766,52.60228797343766,52.61318860351649,50.99430950258052,0.7649579782819247,43.0,0.5640881397259865,-0.949950896575562,[15180.40694489 42520.49486634],[15184.52 42542.79],[15179.96195122 42521.11707317],[-2.77337344  5.5617332 ],20.92363997175416,15.871918497288352,6.214859318983766,0.2850879336533231,0.375,0.6649981876414323,0.2364731637511198,-0.0484044952483579,-0.7180009151353376,2.254167719012496,9.284628823320704,0.0594897672558732,0.2126948635487645,0.598475707053704,0.3979852605381379,2.0134429887851124,38.27559810932694,18.026518828953584,[-6.39994953  3.51098357],7.299750652293026,35.60460071208224,15.700861132578227,[ 1.8135978  -9.95893792],10.122725988758816,8.507857247731298,0.1237346632095264,0.1435010986858214,0.5530133465785768,0.4316763865418483,-0.4828926884800151,0.4375,0.7805894545087839,Sec18_AA,40040,1.8254534577752408,0.3835103002220125,24,[15181.81274301 42521.1777577 ],Spot,0.44,0.56,4
1130,1130,4,41,Sec18,57,69.55455116334689,66.96478953030716,64.90769806867232,63.21106123035153,3.0236017194939007,64.0,0.5037765242600825,-1.5208730693539825,[16948.66816073 58980.32351616],[16936.97 58980.88],[16948.045      58977.36482759],[-2.89658002  0.07675344],29.96668434801587,18.449274622057345,2.8975967473773707,0.3637798497450021,0.5,1.3504531766045067,0.3227697178479254,-0.073533023582722,-0.6262547056196024,3.1338429264320062,18.74208758682364,0.0599773806536875,0.1463744551482028,0.4239194057247029,0.5724833080852197,2.7376056837995524,48.25589259501656,17.353730661745043,[13.3694934   6.11205317],14.700358761322622,44.13795735326352,16.813868320729274,[9.80752913 1.79378272],9.970219857417176,21.833964081474942,0.2723232423218633,0.0939044831282469,0.4632070652078923,0.4626329864834154,-2.8472115899801147,0.6875,0.9987606434193328,Sec18_AA,40041,2.7464776364624366,0.6645804193287178,41,[16953.39660232 58976.43346747],Ring_Rand,0.73,0.27,4
1131,1131,4,42,Sec18,55,69.45090625856649,69.45090625856649,70.1936680984011,60.03244708285925,7.274594489429144,43.0,0.5639100146097964,-0.579814086687999,[16038.10603129 59624.94484306],[16072.01 59634.17],[16032.02036364 59628.93036364],[-0.44622401 -4.83171044],18.268320870518657,30.18489625249404,4.852271804723939,0.969013338572508,0.5,1.1954035533114498,0.610076597202006,-0.5255087007560282,-0.8889263708861121,3.0238835255045675,19.02103990055993,0.0641041392751308,0.0964286353882327,0.4536253290770332,0.5422653302507613,-2.128829372022503,50.32875877612752,20.037988831563293,[8.45636013 0.73558564],8.488292698613606,47.00995206523309,19.25010205337337,[8.51649687 6.85845877],10.934769111604568,21.798241728917688,0.2075241062031458,0.1165828640810442,0.441131013535526,0.5158027318090594,-2.834927340552431,0.6875,1.1692733359984446,Sec18_AA,40042,7.186395255496951,0.4966848487239774,39,[16030.66293514 59632.17215839],Ring_Rand,0.68,0.32,4
1132,1132,4,43,Sec18,36,67.83913015193846,67.83913015193846,68.17503438215567,65.4885007718906,4.828050121717278,35.0,0.6320063823684902,1.0193551635309277,[17182.58754494 60037.24211221],[17184.23 60067.56],[17180.05805556 60033.12972222],[1.45433699 0.46200772],29.733140244212223,25.650461406148743,1.5259577992824171,0.7978730903152875,0.25,0.6851529802678308,0.631021561174719,-0.3845862267771111,-0.7638634148039172,1.9792692166938988,20.73956994252026,0.0495270280069047,0.3042508955838421,0.5919623234077286,0.4055847500890747,3.0461655727559287,48.70152688480746,17.834705046555857,[4.74148024 1.15004635],4.878959052535664,45.93203097871842,17.450715708119215,[6.10268669 5.38532121],8.13907054778795,20.59025150910842,0.1168367058656336,0.3148834675753412,0.6074820924460584,0.378867091716409,-2.816021434574004,0.3125,0.6236679178325748,Sec18_AA,40043,4.787238541891725,1.5528051846145636,26,[17179.42980155 60033.15747537],Ring_Rand,0.58,0.42,4
1133,1133,4,44,Sec18,64,75.90224134617357,72.61827543952374,72.65077854568193,82.52733565333524,1.5521044770714365,79.0,0.6392900409020262,1.5265784963564415,[18446.12001458 39161.61699362],[18466.06 39186.78],[18446.05140625 39160.06640625],[ 0.24636348 11.140112  ],21.069581474705867,28.305524402406864,11.142835831978235,1.036649460697337,0.5625,0.7393661732374216,0.6963890075890337,-0.6234784531599383,-0.8636496790231477,3.5187008296780427,20.027211488195,0.0565160225999504,0.2231786864587465,0.5730857334854119,0.4237202057040699,0.3213698533033597,52.95767697043024,19.979493366307224,[-8.57216823 -6.36523148],10.676995832016992,49.42305707328303,19.099582246474707,[-10.40329374   2.94733473],10.812737976628677,27.73617269767396,0.1930136491050838,0.2157767410138566,0.561689090501429,0.4010566407577106,0.4722075139600666,0.5625,0.7140189253091613,Sec18_AA,40044,8.293195685578699,1.3733286100844209,43,[18443.76206642 39154.20834133],Ring_Rand,0.68,0.32,4
1134,1134,4,45,Sec18,55,78.23825166598523,75.47020949287997,75.49915439326944,73.20771308971568,1.4931464517270656,55.0,0.6623176949836599,0.2057841164605975,[35615.95126644 42484.09726186],[35616.22 42474.22],[35617.41290909 42484.40236364],[-5.51559839  0.61373461],40.72914687571097,15.018936304455156,5.549639242472153,0.1977936735449573,0.625,1.6758981172998757,0.1909027771743226,-0.0144093539669457,-0.3816101057125317,2.913924124577129,24.677646115661723,0.0652778673200405,0.2579050208822684,0.372113868461816,0.6236249315763311,0.2188185115552324,51.04374015135058,17.685394773194336,[-3.68514269 -4.5712438 ],5.871673228393652,47.801239693521225,17.369097915098866,[-1.43224676 -5.36222531],5.550206394958428,24.696695754255384,0.131977497830951,0.2430803023260302,0.3662965376085519,0.6162854024577294,0.4583667651801461,0.625,1.6824767345093818,Sec18_AA,40045,1.4668771425012062,0.286976640780761,43,[35618.57541758 42483.332292  ],Ring_Rand,0.7,0.3,4
1135,1135,4,47,Sec18,43,65.94444701593584,62.25910756469035,62.514443058188725,55.6420673822664,4.031705728799094,33.0,0.5613276994895294,0.572192734344365,[32702.61699339 56141.35832017],[32675.14 56155.9 ],[32706.00651163 56143.54139535],[ 0.29664498 -1.3481435 ],24.852619790374227,18.208114713318995,1.3803945633985937,0.3599931889886954,0.3125,1.509943614212855,0.3022839930918667,-0.076623757426516,-0.7041318841295391,2.3091474194762154,14.050303839613282,0.054295322285382,0.230505219843757,0.3972408034714408,0.5998112145064858,-1.7036598159165826,43.15472593836172,16.608846154160254,[-7.34346691 -0.4186706 ],7.35539198574771,39.87209893722644,16.254461949511917,[-6.03394919  1.09512572],6.132523395748029,15.375580057834618,0.1376951153126236,0.1934312550590497,0.4039420492838069,0.5770980059352365,-0.2675560885091852,0.375,1.428665341868807,Sec18_AA,40047,2.360633205960802,0.7549329416336618,33,[32704.03268417 56144.59797735],Ring_Rand,0.61,0.39,4
1136,1136,4,48,Sec18,63,69.31379703836849,63.4190700966818,61.80945362214143,74.58745004481857,5.630379675150963,65.0,0.5156646274792397,1.4727098614082803,[22002.10771827 62483.94573341],[22026.48 62502.25],[22002.47015625 62478.32703125],[ 1.08685048 -4.29634297],2.7432598505419805,30.721326401237512,4.431682169340651,1.4967786719749625,0.4375,0.96434732559529,0.7260929486623535,-1.0324336739032625,-0.9499753923963148,3.463721129214323,11.875156831441988,0.0475131823206882,0.0653066786120687,0.5079257036193423,0.4898167938864187,2.432951590091528,45.04408610868523,20.14600771599318,[5.90103977 8.65918066],10.478725116525576,39.76577974596272,19.41460163894847,[4.33232483 2.51414629],5.008988918547953,11.04121288119253,0.2159052434668205,0.0872534801838912,0.5060889772648819,0.447295948578651,-2.395900324612429,0.4375,0.8838286717802605,Sec18_AA,40048,11.88031240125382,1.8523994364182288,41,[22005.29551478 62478.67414732],Ring_Rand,0.63,0.37,4
1137,1137,4,49,Sec18,78,68.46035755712474,63.60041794798542,64.87895270407597,59.50088994665541,9.154717218831458,86.0,0.6297900779887484,-0.0552994817247264,[26768.73585128 41125.31657097],[26794.79 41150.21],[26759.59512821 41125.8225641 ],[ 2.87272354 -0.80304466],33.9521955237694,17.29842231530566,2.9828545469943526,0.21426514918089,0.875,1.6197979865820158,0.1987026743511354,-0.0226388027801938,-0.5317386225003554,4.233436935706394,22.156614324166537,0.0645386514980901,0.2381255087803658,0.3801189128181782,0.6157158496446299,-2.876031175675412,45.8681666400799,15.288771337321844,[10.6621706   0.58031763],10.677951604276611,43.0429061137154,15.024811108475532,[9.38338101 2.24338541],9.64782966654168,21.916212026412392,0.2474601810531586,0.1693225043095775,0.3582921899193863,0.5804712688737518,-3.1248334472292494,0.75,1.6201058387690632,Sec18_AA,40049,1.8923385595536828,0.3790810968749357,43,[26761.64954624 41123.7714428 ],Ring_Rand,0.74,0.26,4
1138,1138,4,50,Sec18,76,76.12598051789942,76.12598051789942,78.95825859899257,65.57987415371417,14.970066922377471,74.0,0.7003155122577526,-0.8837590995673925,[15644.30028176 56331.75016135],[15654.55 56370.49],[15634.80552632 56343.32394737],[ 1.68420939 -2.04958152],36.71733141338654,21.13001225403364,2.652799590042531,0.400706929536728,0.625,1.1591772540156045,0.3619178283353121,-0.0860240490238339,-0.5931752884513974,4.013518133851517,21.10789896866072,0.1125863975093185,0.3098370316705455,0.4572687588569503,0.5300555442389232,-2.878585930085693,51.12828557742255,17.309422776352754,[ 3.7652848  -3.48762929],5.132341347624506,48.09831762244295,17.037846127843114,[ 3.29413894 -2.00423815],3.855946308488216,22.759457216098884,0.1684625105238316,0.2915362242746305,0.4675136357705265,0.5041067467774814,2.9851396513193307,0.5625,1.078271751254152,Sec18_AA,40050,3.4932820236541424,0.3527592345539496,44,[15642.22491617 56346.65046557],Ring_Rand,0.65,0.35,4
1139,1139,4,51,Sec18,81,77.75095524054346,77.75095524054346,81.2149354287766,76.75125589088897,16.76145200780947,76.0,0.6766363689855976,-0.1522660930735072,[20689.75840561 37183.21284395],[20711.6 37171.2],[20706.32592593 37180.67049383],[-4.2364112   9.91747577],38.96023291771663,19.25882176049063,10.784410301971931,0.2944006460755869,0.75,1.546787617013499,0.2745047066799261,-0.0417434705263961,-0.5165352912298521,4.453355737561273,20.933682489514204,0.0751770979041988,0.2984309728301518,0.3904324009226687,0.6039160030280338,-2.3200029249349647,56.84505110785343,23.993020797581227,[-3.16179888 11.70775452],12.127179725680527,51.93020037580742,22.61634163699049,[10.77256494  2.81160421],11.133430451429756,21.923975721904803,0.1945916966529482,0.307643787463174,0.3712276141435419,0.5909064574501851,-1.3619709268273108,0.5,1.5917632065531104,Sec18_AA,40051,2.6496058146802826,0.3631086119196857,49,[20709.3025022  37180.97934803],Spot,0.38,0.62,4
1140,1140,4,52,Sec18,48,57.17094944373976,57.17094944373976,57.529330594627496,56.22209881319293,4.579591950408679,48.0,0.6133956357772151,0.6243877634561282,[24674.0926033  56323.60139915],[24679.66 56331.78],[24670.37708333 56320.92416667],[ 2.04761162 -2.89968754],33.22138464201549,15.442483063194326,3.5497748020863176,0.2088585684173095,0.6875,1.2658036739504095,0.1966553809153567,-0.0199606448105817,-0.4859778055658191,2.6390256222585315,21.994548159368826,0.080106853085703,0.2475782549684146,0.4385123492877043,0.5550705428010014,-1.0474564705002216,41.22313852080774,13.042417855083183,[-1.6453379   5.38786262],5.633489182869278,39.12129041221198,12.843815972288503,[-3.2616508   4.14604117],5.275227319910129,21.719027287672485,0.1355340983782728,0.302294928652889,0.4140921496079201,0.5675383585688686,-1.2122115847708907,0.625,1.3705605361179578,Sec18_AA,40052,1.447014608379522,0.2609263499696799,29,[24667.71508825 56323.81454025],Ring_Rand,0.67,0.33,4
1141,1141,4,53,Sec18,112,74.66252782767633,73.41486618334658,73.44301975823421,62.487595278567575,1.4524037938781915,120.0,0.691833836079343,0.3015360841537911,[26894.18624839 41661.86857767],[26870.73 41674.25],[26892.799375   41661.43723214],[-3.52515776 -2.36968587],33.32838808543264,20.582254646354844,4.247605014037752,0.3477358590677923,0.75,1.9765875481568984,0.308265583265112,-0.0672916025670433,-0.6277494676809858,6.102746751472854,20.69265878363036,0.074367633391712,0.4029130665360095,0.3340971629473794,0.6603722921563364,-0.2598942053227504,53.410026935225446,18.764455835272223,[-12.53611341   3.33642279],12.972503860232925,50.530887383598674,18.34698481708228,[-14.13694574   0.28197756],14.139757643456742,25.19443799014097,0.2703219037202454,0.3252520868068482,0.3071281947505945,0.6197978736184677,-0.1029647883870922,0.8125,2.018042902644541,Sec18_AA,40053,3.6800904201311337,0.5497183873088018,57,[26887.59577104 41664.58401147],Ring_Rand,0.64,0.36,4
1142,1142,4,54,Sec18,44,72.22200646850432,72.22200646850432,72.37348702245919,67.32098023058099,3.3429338707181047,43.0,0.5817245632039493,0.1640204426824227,[21149.55306876 49628.81869116],[21173.24 49655.52],[21152.85113636 49629.36454545],[2.41389903 3.0221748 ],36.89397981579927,17.184862846820263,3.8678739678586735,0.3066762271139285,0.375,1.2990262017282683,0.2886711410942287,-0.0431119267729805,-0.4869831698729606,2.3641271199399347,24.34867762439226,0.1311875142829465,0.1458556012302293,0.4274809201206407,0.5553089159756212,-1.3398890908810002,51.09891509466642,16.296148301073295,[-10.26735634   5.4125554 ],11.60665163499184,48.30896021586189,15.889356603332862,[-6.18263104  7.47437678],9.700063654568185,26.14391466608128,0.2448339969507285,0.2182343455570166,0.3957679272336648,0.5442883867034659,-0.7882868781432276,0.375,1.375271590368447,Sec18_AA,40054,2.0342599549174367,0.4439201648398678,32,[21150.325877   49633.74893656],Spot,0.49,0.51,4
1143,1143,4,55,Sec18,46,65.55031364321617,65.55031364321617,66.74699347689685,61.83017022545761,8.987449284023873,42.0,0.7134603135964788,1.2667213939343076,[20684.10145305 49829.6678994 ],[20680.54 49801.51],[20686.7923913  49838.24304348],[-5.2852688  -5.42706454],33.78402165132317,15.470370269046256,7.575427101708877,0.2711823526873376,0.3125,0.6243152894927217,0.2558845081370064,-0.0332151170264154,-0.478663563051277,2.529066221331093,17.905279794060796,0.1583082573263529,0.2702547249545188,0.6002150579809966,0.3747234376812967,0.1431472624777217,49.5415770159717,16.560756292777903,[-13.85645419  -8.37253714],16.189524416081458,46.09940859882487,16.182416884279426,[-13.30590653  -4.20853766],13.955605963502531,22.95234012124411,0.3266523885342968,0.3315382321489878,0.5798303841120559,0.3134678329527829,0.4990696251350061,0.25,0.5406198804721543,Sec18_AA,40055,1.839248201525781,0.3626169264687639,31,[20684.26428406 49837.55972878],Ring_Rand,0.76,0.24,4
1144,1144,4,56,Sec18,72,74.45999178030343,74.45999178030343,74.55664511777657,65.90849575625789,2.710801833270411,73.0,0.5456625852740651,-0.6603174022090251,[34502.0559597  50657.28105126],[34486.34 50684.68],[34504.19694444 50655.61833333],[11.66069576  2.52620758],40.4387834939092,16.391890118955782,11.93120070711934,0.2619180587045645,0.5625,1.087155183797188,0.250722395062799,-0.0276976601391026,-0.4217785709630426,3.903558732924079,18.914002970540963,0.1782744079144157,0.121250856783235,0.4638937454191943,0.5043244900635702,-1.844723282025117,53.817212954832335,18.40920775034229,[-4.45886265 12.33703789],13.118077604192688,51.62510510804276,17.84290495796557,[-0.87678974 15.61912508],15.643715305804314,24.69245698662052,0.303056031387273,0.2034895755625469,0.3977610620242296,0.5103959798155666,-1.434277433038459,0.6875,1.2831723075610548,Sec18_AA,40056,2.2224484251025656,0.2624136362568326,47,[34503.05849459 50661.47546683],Ring_Rand,0.62,0.38,4
1145,1145,4,57,Sec18,103,69.9218834087154,69.9218834087154,70.35034769827388,64.77315791595757,5.537517763649361,104.0,0.5993184051618033,-0.4432068555844144,[24615.59848206 49232.25402218],[24601.54 49248.24],[24620.60097087 49229.87932039],[-3.89768414  0.27409499],33.70483955204873,20.187646401413986,3.9073097763464575,0.3447763345910915,0.875,1.3808721206387042,0.308217649789874,-0.0651314678640557,-0.6129088793894965,5.60792944729938,20.960185962142784,0.1112013860024262,0.2298967628383685,0.4148203690529132,0.5728138826982262,-0.0501569287236058,52.19338744274131,16.552096725568767,[-16.64495883   3.28071936],16.965193010766907,48.69344896859826,16.255351190563008,[-14.26405881   1.19457276],14.313992373723504,26.856133391966747,0.3391042914423279,0.1402389985028403,0.423433697001998,0.4615745825233986,-0.2170268287534616,0.75,1.0900752249796042,Sec18_AA,40057,3.4990976339749413,0.3382815929892017,56,[24613.91884257 49231.23540448],Ring_Rand,0.76,0.24,4
1146,1146,4,58,Sec18,39,65.78612540222453,65.78612540222453,66.66271425518228,65.93347372007483,7.696513139439878,38.0,0.6315243305367575,-1.4788800606530057,[33074.28515698 55850.43059174],[33071.8  55857.33],[33073.57871795 55858.09461538],[-5.80813064  6.37874664],37.93032124967594,18.72296832176987,8.626864452435926,0.3281140426499465,0.5625,0.6484195406152758,0.3060144483072083,-0.0517899260181202,-0.5157966782416342,2.1442083180850573,25.110366801942185,0.0989888382572513,0.2095504168075369,0.6006973258342261,0.3895038840662535,2.1420319472540705,47.77134996898729,13.957089580444691,[ 1.47250985 -8.47732709],8.604264046348842,46.266700287236944,13.660791274047632,[  3.82132785 -10.22515091],10.915871826673342,24.068333463804617,0.209539489851152,0.1452976691842709,0.5658806079560801,0.3902125942368389,1.85069298058326,0.5,0.6895670018562019,Sec18_AA,40058,2.0490715395953227,0.2725622556406267,28,[33071.2697152 55857.7954973],Ring_Rand,0.52,0.48,4
1147,1147,4,59,Sec18,40,76.28435298206077,72.68253546003965,72.72340361380925,70.01668333331769,1.7412276160088187,41.0,0.6480413818620102,0.7995486070351365,[32659.85318866 56205.72503251],[32642.96 56229.59],[32658.6395 56204.4765],[-3.60650847  0.89803104],30.045366848715098,23.14189493238369,3.716633304295311,0.6064905468841655,0.25,0.6988459441188878,0.5002992353516286,-0.2196516900733224,-0.7239034960219798,2.1991880185487767,20.01509582091359,0.1232477024510745,0.2420735605879173,0.5796935309230211,0.4051164729175103,-1.2731086596713284,56.30826589754187,16.12150872998224,[ 2.95715894 21.60080825],21.802286712364257,54.57383496082254,15.70337373136834,[-0.81185616 22.999113  ],23.01343757895965,28.165462656589632,0.4130073308344505,0.16134425551028,0.4887454794898593,0.3406794651871435,-1.6197377906303867,0.5,0.6970488311068094,Sec18_AA,40059,3.8357830150302,1.1639831241061056,32,[32657.19103212 56211.93076768],Ring_Rand,0.63,0.37,4
1148,1148,4,60,Sec18,86,68.5000145584365,66.40792349543176,70.93233698300087,63.33887643871872,17.805412598527703,92.0,0.7151028174613471,0.8189357944643804,[16529.26938771 48202.6037674 ],[16566.96 48243.96],[16541.43046512 48215.60918605],[0.7984019  4.67216484],29.902879801670625,20.385711198686863,4.739891340714701,0.332886476160131,0.8125,0.9278554971840354,0.2863763396635351,-0.0642050302908496,-0.6734971611957844,4.67327453941615,18.827836995455687,0.1101788609741369,0.2849662188572641,0.5124142447592064,0.4754463738352354,2.3676379849995977,48.38958129795011,17.883168915534426,[ -3.40641029 -12.05009485],12.52231675445448,44.20177910629511,17.118544068469085,[ 4.65878645 -6.19707766],7.752938967081684,23.245113880108235,0.2791810933309129,0.2843403282791771,0.485243436374974,0.4368144807515823,1.493189785161125,0.6875,0.9001965776493925,Sec18_AA,40060,3.0870621822189808,0.3250489997166064,46,[16543.85951792 48211.49175294],Ring_Rand,0.64,0.36,4
1149,1149,4,61,Sec18,76,78.05692185053492,78.05692185053492,79.97992619893574,71.43699256221684,12.4520620783526,78.0,0.670512108642172,0.8532785035230268,[24139.66151557 41907.77214631],[24135.86 41918.42],[24131.47407895 41898.39026316],[-5.58076157 -1.03537996],1.0691751530316876e-14,40.46608565981999,5.67599430599547,3.546951985775026,0.4375,1.0056248677304935,1.6431654934828823,-5.574948291823564,-0.9565424053414272,4.178457235242676,14.977835545036488,0.0852690628401872,0.2111375447956733,0.4949725159948278,0.4977566709275283,-1.848148498322212,55.83717337044177,24.56306218124616,[-0.90746523  2.89009281],3.029212703400861,58.06435186039239,22.34431464080088,[20.81647539 18.13278541],27.606585343509025,15.565859582197284,0.1218773910752731,0.2087951592181601,0.4738877566368192,0.5112581449078656,-1.6645968625547578,0.4375,1.0788591554596472,Sec18_AA,40061,30.921610527168514,0.908980612585928,46,[24128.88156919 41900.53491398],Spot,0.32,0.68,4
1150,1150,4,62,Sec18,50,62.80349381105944,60.57896812704258,58.43643676669659,57.81990808792665,3.058715332430736,55.0,0.6035924562150653,1.1312469343809584,[20302.9694441  60722.99461498],[20300.63 60732.64],[20302.33803922 60725.98745098],[0.09980082 6.47058294],10.434388892205764,26.940277051873498,6.471352548333069,0.9000383048908519,0.5625,0.9463501378234794,0.50874920319547,-0.421459748191564,-0.9204312776944608,2.7489850231859703,17.713868385575175,0.1057486952123675,0.0741874668177113,0.5080366549908816,0.4807805584700002,0.1455272903107435,43.36710964851351,17.613809276226796,[-8.74855812 -6.68645973],11.011176725501432,39.30675571579452,17.22498636581707,[-6.26994043 -7.221214  ],9.563372030884794,18.55297833387913,0.2944296855353391,0.0552113034617266,0.4581265489229196,0.4551846113526418,0.5286346836260839,0.5,0.9935783298802604,Sec18_AA,40062,6.364231887159668,0.6512319328498081,37,[20295.89903461 60722.92472212],Ring_Rand,0.73,0.27,4
1151,1151,4,63,Sec18,44,69.11846520872655,65.93468036009622,66.47404418021024,56.04799480541835,6.0363049366412485,49.0,0.7040062143888721,-0.7235719244529292,[31373.42297348 61981.55334135],[31351.49 61994.98],[31368.89909091 61985.54977273],[-4.67024265 -8.86186781],35.33399185556152,14.341725492052754,10.017178617545424,0.1917130975443412,0.5625,1.3484134165048924,0.1834943142598976,-0.0148582843515273,-0.4223711726717943,2.419106820403654,21.560526330381467,0.0320971364454207,0.2071275765571068,0.4253807131279106,0.5735890607040935,-1.329611190569493,47.83774468467159,17.30671985231731,[4.92965761 6.78941925],8.390335979468993,44.25830802449166,16.357198371121974,[-1.25682617  2.5930828 ],2.8816124734698896,20.268789878409,0.1183009854748703,0.2502153043377044,0.4075112354530036,0.5784936413826709,-2.2096191901671376,0.4375,1.419577157767435,Sec18_AA,40063,1.2716808239027704,0.2372060926659176,32,[31370.83363768 61990.84096025],Ring_Rand,0.56,0.44,4
1152,1152,4,64,Sec18,54,74.46732970175408,71.95252946335933,72.60760724361512,65.00562929324254,6.950926141023872,57.0,0.5837912150749311,-0.3888650077992897,[38071.04580796 48477.48906676],[38071.48 48477.1 ],[38077.47777778 48474.8537037 ],[ 1.08952406 -3.66018916],35.85470365239356,16.35851298038932,3.8189065662430353,0.2196479251118737,0.625,1.2772493117576793,0.2073631424262854,-0.0217209252916135,-0.4768915762012071,2.913924124577129,23.376134592454186,0.0670477517788404,0.2115094068694572,0.4371522230093593,0.5583523759720437,-1.0507447308833449,50.35896777609244,17.978056361067466,[-5.47537591  2.49925004],6.018803212247807,47.62515958205677,17.625342116058306,[-8.00779563  3.75218929],8.843286453687758,22.033298434652306,0.1518368245365235,0.1844599799585544,0.4271690354503865,0.5497765432642785,-0.6974019463757632,0.75,1.2870233973879228,Sec18_AA,40064,1.6140760187554268,0.2551184538077363,41,[38078.52116044 48480.31705869],Ring_Rand,0.79,0.21,4
1153,1153,4,66,Sec18,43,73.6984765212991,65.35435190548918,65.40904254441045,56.12108049117525,1.9101679579466817,47.0,0.5941745091856075,-0.6188288476737328,[37265.54707994 46639.92270442],[37284.73 46658.59],[37267.10302326 46638.81465116],[ 2.68684073 -8.66635974],29.794447639643643,17.819443943763385,9.073307239870976,0.2931492984660217,0.4375,1.1261696781920107,0.262168281959602,-0.0470488964242636,-0.6121818279553256,2.254167719012496,22.48757156870193,0.03625871487147,0.3116217920855897,0.4697110093513806,0.5289742962444889,-2.481155312415773,43.43750242179236,15.640800118704693,[ 4.30846445 -3.58913552],5.607562722693665,40.31590209312157,14.92998346961057,[-1.84876969  1.73026903],2.5321493441511365,23.233679910112475,0.1249661398676129,0.2941386266697273,0.4629780087415763,0.521405455145012,2.780425476634774,0.375,1.1261991828990925,Sec18_AA,40066,1.922308503133196,0.2474823981768706,34,[37267.3326029  46641.03417411],Spot,0.48,0.52,4
1154,1154,4,67,Sec18,64,59.76634731954006,59.76634731954006,59.93007415952168,56.0959468310323,3.1620773369189936,64.0,0.5837525213665354,-0.3398768714821648,[14794.78728673 50679.57569884],[14778.7  50679.54],[14791.80609375 50680.62984375],[ 4.03517241 -0.43537789],28.98796991239966,14.429208938543145,4.058592153068639,0.1642747778658731,0.6875,1.0121817220738116,0.1529875336106086,-0.0130688033008802,-0.5200066404925257,3.4087414287506035,17.370205862014732,0.0721045785619951,0.022247053590078,0.4943892089056087,0.5004117208447885,-1.852111654707713,40.64966480823174,15.063423736456226,[-2.51413333 -5.26930156],5.838356387245561,38.04056179753031,14.286976979052424,[-1.13037195  0.54616178],1.2554017026083506,15.797392709516512,0.0221503960649022,0.0146540957279482,0.4995197993626658,0.4999895605915022,0.5772729827020551,0.6875,1.0009404256436598,Sec18_AA,40067,1.3141982229269853,0.3435120674026249,38,[14796.8440693  50679.93983565],Ring_Rand,0.53,0.47,4
1155,1155,4,68,Sec18,33,69.99404925338918,56.237320610360754,52.207432682293486,50.51797219954505,3.2885644514939703,50.0,0.6716723592835054,0.1464918529404035,[40202.45821966 55265.55728213],[40247.32 55253.73],[40199.30970588 55266.50676471],[-6.23868323  5.52048065],29.253766607929936,13.662043289225476,8.330478683917107,0.1929986108629396,0.4375,1.8781190978891784,0.1815969027791845,-0.0171126741458302,-0.488264624858818,1.814330115302741,16.793625329092215,0.154478291731901,0.2843638504074482,0.3391577708161887,0.6369786865674051,2.8320795870150657,40.20914891283794,11.439068852672497,[13.31667445 -5.00297667],14.225455838081215,38.62339478118992,11.25742040611587,[12.92492128 -6.70315034],14.55973264205514,20.09297499864676,0.4184118238425687,0.1271155100400448,0.2829762767326058,0.5419552689361296,2.8863572275063154,0.5,1.9151968327304056,Sec18_AA,40068,1.108692610796972,0.1794679475799483,21,[40203.7354568  55267.58130299],Ring_Rand,0.56,0.44,4
1156,1156,4,69,Sec18,88,79.43769898156322,79.43769898156322,79.84974690746493,73.93834627695041,5.786775110014162,89.0,0.5720569353549178,-1.2655556697504131,[17987.44519374 38715.34662964],[17979.25 38737.94],[17985.70613636 38720.86590909],[-0.54277874 -8.00472099],38.22752921522527,16.2142813225851,8.023102070138503,0.2368474688479011,0.6875,1.2765668844822708,0.2256444877098626,-0.0236390653001494,-0.4423202515559642,4.783233940343589,24.386719361260685,0.0326186676662106,0.1858069101571858,0.4387905443625285,0.5601454781571528,1.9361871625549865,59.22394256862597,23.31796834637533,[21.45298556 -2.29523594],21.57541882957932,52.30837577296767,22.24810181454292,[11.6301359 -5.1566271],12.722062098807712,22.15410486693516,0.3414243867637406,0.0915522066584642,0.3920047277767089,0.4914246603462948,2.878820808295865,0.5,1.253619218149371,Sec18_AA,40069,2.221826201116969,0.3890735278076661,55,[17986.48219432 38722.95188358],Ring_Rand,0.67,0.33,4
1157,1157,4,70,Sec18,56,68.9553264760836,66.18498619352853,66.90827238115016,62.42555963362889,7.008177278850482,66.0,0.6661530111699455,-0.0567653976336022,[18591.40046048 38621.12257022],[18565.38 38626.99],[18584.40357143 38621.52017857],[4.02502914 2.0623697 ],40.09788602534822,15.871108758908717,4.522635110561002,0.2634743937369119,0.5625,1.7628519602769028,0.2527870444723573,-0.027395203371783,-0.4113213975156744,3.0238835255045675,24.14886177543241,0.1173694255150011,0.2954164294153459,0.356958835338914,0.6292655826153647,-1.746796781117285,46.73189476298274,12.933042119005153,[1.52700351 6.73361685],6.904588005475375,45.05012890807229,12.800986815130145,[1.45488443 7.32577187],7.46884342889104,24.400268742740945,0.1945992755741505,0.2763132378687,0.3635885787986561,0.5985425431473598,-1.865460297314612,0.6875,1.646208319097982,Sec18_AA,40070,1.971661823103005,0.2297236880218847,34,[18584.71369803 38629.11108805],Ring_Rand,0.57,0.43,4
1158,1158,4,71,Sec18,39,69.57146095754734,65.41747395317411,65.45734338138583,57.16993850102652,1.6316237271451215,40.0,0.6230463311833944,-0.8765224820284877,[29238.1162655 54602.5699131],[29230.39 54622.41],[29237.07230769 54603.82384615],[ 0.81692014 -1.58556517],35.105280653805536,14.186308850013642,1.7836410627200994,0.270452010729001,0.4375,0.8855561602187987,0.2589708085893815,-0.0294463688594372,-0.4204271178200467,2.1442083180850573,21.66685151360349,0.0714217900793326,0.1643548343978742,0.5276421614439829,0.4672567664578809,-0.2382312210583491,48.71892906838521,16.543234481891652,[-11.30810145   7.89114229],13.789245268439297,44.680736538778405,15.835001117036212,[-7.44468362  2.88121493],7.98277606278359,24.99680782565611,0.2527201000854158,0.0308586942192146,0.4623457796324487,0.4737867713803686,-0.5291083372671037,0.3125,1.0247455308384454,Sec18_AA,40071,1.6889722656654336,0.38107694986087,25,[29232.4251726  54604.83458212],Ring_Rand,0.64,0.36,4
1159,1159,4,72,Sec18,35,39.2813677928862,39.2813677928862,39.33211069274894,44.57932008692572,1.426619356767736,35.0,0.6240577757099222,0.4396101065598468,[24297.35125877 59633.04115019],[24329.26 59674.7 ],[24296.06028571 59632.434     ],[-3.41222355  5.10334058],1.2196969022020968e-18,21.04026121206809,6.13900273375826,0.9970205856439752,0.625,0.962248915622897,0.4618266246833899,-0.440453657936092,-0.9565708207965176,1.92428951623018,8.12961072458922,0.0772613443237153,0.2389906219985246,0.5065772628330116,0.4874534218402807,-0.4448703439443554,28.538064888339683,11.430523127231268,[-3.1966941  4.1163339],5.211819062326625,26.19159398546512,11.108395109559725,[-4.38210629  1.71321112],4.70509807199393,10.613810978194676,0.1921855713169399,0.2264848782502855,0.5004966059579014,0.46256810021968,-0.7689679856998343,0.5,0.9242182558548426,Sec18_AA,40072,5.898453330062462,0.3740414911774324,20,[24295.77436374 59630.45201111],Spot,0.4,0.6,4
1160,1160,4,73,Sec18,76,61.3988588754434,59.95970175522467,60.04192828434237,58.61331827101271,2.243734760801338,88.0,0.5453387318160842,0.4418896727960121,[30436.35086577 52533.70915466],[30431.11 52521.11],[30438.37907895 52534.66868421],[-0.87020262 -6.0368358 ],34.81508938100573,16.259656043436884,6.099232662101953,0.1960164800785637,0.875,1.3167155260496288,0.1844362455903574,-0.017652841143563,-0.4882876654492578,4.178457235242676,21.152928353392845,0.0515363365018812,0.1466200248235601,0.430499124646778,0.566844881373187,0.2889194013658435,43.069627678585206,13.45613097411475,[-4.55241548  0.0076622 ],4.5524219296142885,41.332971353641256,13.20733925323117,[-6.91548659 -0.86953668],6.969938933830794,21.28945109531643,0.1299613590396493,0.1132773533145614,0.4291488888806383,0.553961156275929,0.0939549345295166,0.875,1.2908367483388858,Sec18_AA,40073,1.7088320558620262,0.1898230891415815,40,[30434.60541246 52534.83665377],Ring_Rand,0.77,0.23,4
1161,1161,4,74,Sec18,58,69.62380411654293,69.62380411654293,69.81448122718812,64.12979492446955,3.6830894143529727,58.0,0.565814783432736,0.6930596806199457,[37851.46523913 45247.26224123],[37829.96 45247.02],[37854.29862069 45249.61534483],[11.03724845 -7.20282423],29.47143894733157,17.53231800678625,13.17958763688504,0.3076474504294058,0.6875,0.9012179589514367,0.2755195879946037,-0.0516717508113717,-0.6096033942804308,3.188822626895726,20.226946666235943,0.0644141629223902,0.0690417125928011,0.5237962385776332,0.4720545770373744,0.6946882468770407,51.15565283535533,20.73390469493317,[  3.13855484 -11.56932233],11.987482878288928,47.22802823098996,19.73977192173325,[-7.12061184 -9.81025291],12.122053258040443,26.209130929017046,0.2700423512286555,0.0681395793033819,0.4712009512061785,0.4558761773367208,1.6372271585473182,0.5625,0.9674772009049868,Sec18_AA,40074,2.3429731790678687,0.3695073957619317,37,[37853.33029834 45245.60070921],Ring_Rand,0.67,0.33,4
1162,1162,4,75,Sec18,86,79.46698966074088,79.46698966074088,81.36389608450749,79.02029065217395,12.476122916000344,93.0,0.6759749349749051,1.2719424830120811,[39156.92683319 40873.59258422],[39188.95 40883.04],[39160.60011628 40885.51569767],[ 2.95313494 -7.43021692],47.76559894440096,14.848307864956029,7.995569362943898,0.1908954989969012,0.8125,0.6186697960931017,0.1862239155886988,-0.011327239101459,-0.3186345941592984,4.7282542398798695,27.45580191712186,0.0241854567649535,0.2784627275189811,0.6174298588219205,0.3819852048591501,0.8859331967282293,58.18555220893773,19.157345087099635,[  3.39776889 -12.3318137 ],12.791343264960188,54.13097505541359,17.735669815528784,[-2.10142253 -4.28490912],4.7724650680143,29.81654829625511,0.1798753812677988,0.284648680112151,0.6191464607733053,0.3484983864404588,1.5109306285518034,0.75,0.5628690601012064,Sec18_AA,40075,1.7702920302045446,0.2432554758921337,54,[39166.16937674 40883.28782228],Spot,0.47,0.53,4
1163,1163,4,76,Sec18,68,79.44762722463983,76.82317179674811,81.45060055857002,78.22384760944452,19.330643517346232,70.0,0.671460993431168,-1.3787120124607448,[16584.09335439 57740.6412997 ],[16577.88 57733.91],[16587.78367647 57721.66617647],[3.30700201 7.21342803],1.9113812484939987e-16,28.193516527956287,7.935351676889377,1.5585856253045929,0.3125,0.7582490285713587,0.7219966320622907,-1.076389840512704,-0.9565413569011126,3.6836399310692,9.675923678705642,0.0596195938433273,0.1776220112495871,0.5667260370048973,0.4297194670250592,0.6108783639602241,55.86870587286593,27.446383038537714,[-10.86982068 -13.12735833],17.043489617639818,48.557864752608346,26.4894223010868,[-13.32766403  -7.24744512],15.170764293563453,12.623963013181877,0.3079602488375356,0.1744166822165227,0.5009833492615664,0.4041771358743568,0.877997313143783,0.375,0.8067676030951948,Sec18_AA,40076,12.852426319400372,2.3579423237273827,48,[16583.62649285 57723.21661539],Spot,0.38,0.62,4
1164,1164,4,77,Sec18,61,74.30578717608792,74.30578717608792,74.3254090302121,64.1863760765848,1.2198234336558815,63.0,0.6783592714581391,-1.0530024528972803,[19972.93704788 48303.75942352],[19993.01 48332.26],[19972.33327869 48304.81934426],[-1.26159985 -8.93440109],38.214545482542256,19.820844425744777,9.02303479755448,0.3902212316675034,0.4375,0.9057889423055764,0.3606462914770816,-0.0761039388688438,-0.5407727124031625,3.353761728286884,23.292303552268603,0.0898354384437654,0.3681316548048774,0.5204823954952769,0.4714471985043395,1.441256294015506,56.231462388752576,17.656128641654107,[  8.49192252 -16.51815075],18.57315407370764,52.999577317913136,17.41755187867845,[  6.54802256 -15.88818429],17.184615198781895,27.741602190159814,0.3487494018673229,0.2406140110899199,0.4640737767905242,0.4143000779066603,2.018176138398115,0.5,0.8927461507778085,Sec18_AA,40077,3.047725248163013,0.665005681437018,40,[19973.24494319 48303.04699711],Spot,0.47,0.53,4
1165,1165,4,78,Sec18,46,66.30806840625111,62.59870538997457,64.01017820360052,61.8122755765404,9.548613457310047,48.0,0.8200577447023396,0.3601763682040305,[29325.64918448 57450.63052394],[29334.79 57493.03],[29316.71326087 57447.26521739],[-17.51810783   3.80577856],22.067808239551272,11.945779591355103,17.926741263148912,0.2459359174015315,0.3125,1.6788721301785627,0.2253052341946987,-0.0311620403724323,-0.5623835972355529,2.529066221331093,18.62700390426577,0.0809888365144836,0.3768379869843806,0.370842936909352,0.6225978714506781,-0.6319270337857413,46.75101053920415,17.123960829068878,[-12.49425723   5.50144268],13.651825341715323,46.03290250519122,16.48489817006106,[-19.48392929   3.44555206],19.786240919464245,25.14126411080649,0.3403434920921947,0.3776319633101923,0.2932600990312949,0.5909062083591953,-0.3401143882113836,0.4375,2.014956041790525,Sec18_AA,40078,1.6680185465198265,0.2389810301907488,27,[29319.06333125 57445.72844306],Spot,0.39,0.61,4
1166,1166,8,3,Sec18_b,51,73.84895282044491,67.90484370831217,65.48425658970267,60.87062638083816,3.4623708424772133,85.0,0.6186324541653221,-0.8235609781154681,[19162.90864938 58890.81716298],[19163.75 58900.38],[19159.61288462 58891.87826923],[ 2.41351559 -0.35556814],33.58743884510942,17.783966323113024,2.4395668023749284,0.291877963778639,0.5625,0.8571640657287289,0.2686435753524649,-0.0432207388070844,-0.5512066135185478,2.80396472364969,18.801530048915502,0.0476711904434657,0.214281889378471,0.5372317265950365,0.4604957310066664,-2.8882893594415804,47.023618911729365,15.34448855463988,[5.86481889 5.47232683],8.02137529418063,44.40153493272621,15.051509057182018,[3.53369626 6.35936837],7.275202766813301,20.76961501119852,0.123818799880504,0.2695286956407972,0.5572877458463501,0.4273811589498017,-2.475627970726442,0.5625,0.7668949517286444,Sec18_AA,80003,2.084425588193973,0.4261226189836303,35,[19161.60712289 58894.56082826],Ring_Rand,0.59,0.41,8
1167,1167,8,5,Sec18_b,53,64.02471181352745,64.02471181352745,64.15893844938856,60.96468201041411,2.9628361470406044,65.0,0.6800238704476018,1.3506795889808156,[25086.34704611 51963.36770786],[25085.12 51958.62],[25086.99396226 51966.2590566 ],[ 0.43675971 -5.2485489 ],39.806447479400326,13.55823652483413,5.266690099450729,0.1536205471939131,0.8125,0.5522029830215858,0.1490869551071539,-0.0080351676484524,-0.3508374855457016,2.913924124577129,23.446122955361684,0.0484626730354471,0.3014421966669549,0.642732542222144,0.3549188271001153,0.336227938855867,46.21787296533211,14.21019551538803,[-2.38666378 -6.24384135],6.6844385541113445,44.18178234679981,13.951313313729187,[-4.62050254 -5.82322319],7.433637873905028,23.77209502707698,0.1562779456125111,0.2684455779012576,0.6218581586500285,0.3537190450651044,1.0400354534937315,0.75,0.5688098485882722,Sec18_AA,80005,1.118374464823091,0.1447173872437605,34,[25082.40441108 51964.55736506],Spot,0.47,0.53,8
1168,1168,8,7,Sec18_b,67,68.24315578548195,68.24315578548195,70.3838172980382,58.59167879098169,12.304666152450432,85.0,0.7107420069770043,0.638534693899388,[31922.85584198 51420.82886579],[31937.85 51434.38],[31932.7361194  51428.16268657],[-7.25199057  7.700332  ],2.858709462589955e-08,34.987640251261695,10.577640578173432,2.420229802112275,0.625,1.2888646077390151,1.1213001418381103,-2.595703521660122,-0.9564815668921256,3.628660230605482,15.02757426494331,0.0388641017495133,0.3765665505503653,0.4362379400769934,0.5622516415182102,-0.8586034717704312,48.19915825792288,19.59330278056189,[-6.25875831  5.97187159],8.650740185085077,44.11290472487504,19.083898891419924,[-6.81916142  2.88402162],7.403954567428147,15.809683816844997,0.1357851109498459,0.4282552903420634,0.4185357573987352,0.5630266462456028,-0.5931922174139651,0.5625,1.345229496626288,Sec18_AA,80007,19.810434719288025,1.4962988846944714,42,[31932.59112095 51432.95731735],Ring_Rand,0.72,0.28,8
1169,1169,8,9,Sec18_b,48,58.73281692546329,56.0189138897026,57.7261074841215,51.7228724825194,9.95358544482629,60.0,0.6966228779388338,1.5531219190188257,[31276.06883124 39753.98369748],[31284.22 39759.62],[31275.89291667 39744.03166667],[ 9.16538616 -1.38562484],33.40379219097341,13.903098347785477,9.269533945997168,0.2036961639927761,0.5,0.5048159382297922,0.194461892690237,-0.0171778750970006,-0.433662712312142,2.6390256222585315,15.575512652249294,0.1273005425575613,0.3227397392382742,0.6537640563681488,0.3300305154964018,-1.3071094450832292,43.88503067225439,11.013062325296072,[-1.29830898 17.97579858],18.022623030225297,41.86948722457117,10.898651099942551,[-1.43119289 16.39223185],16.454591402274325,22.331438251284755,0.4154982333724525,0.1251404108796678,0.5600498548866963,0.2673113631776746,-1.4935327802734433,0.5,0.4772992276406435,Sec18_AA,80009,1.4112484213694816,0.2203924228985776,28,[31279.87132393 39747.29543948],Spot,0.45,0.55,8
1170,1170,8,10,Sec18_b,42,68.52861672242435,68.52861672242435,68.65125689920896,65.91880211554266,2.929770133780418,49.0,0.6434996978201448,-1.3072775110972374,[20191.40161684 44694.2907755 ],[20190.5  44694.34],[20192.1647619  44691.46214286],[16.39879843  3.89308298],44.11017122809707,11.966782293093804,16.854574597860463,0.182530640517923,0.5,0.5048351742528197,0.1791404869360051,-0.0090387639288258,-0.2764263986158601,2.3091474194762154,20.96554354321403,0.0843259871060085,0.3340431212839397,0.6597992556836574,0.3330898722149398,-2.2923286661936144,49.25078306686488,17.18760118367633,[5.44318073 0.07513937],5.443699325632137,47.492533672431385,16.07951804941236,[ 3.4346182  10.30966944],10.86673299796574,21.96880563110269,0.1217365220768098,0.3304189686458734,0.6494987424538818,0.3356814767387606,-2.635007556361179,0.375,0.5168316038157624,Sec18_AA,80010,1.1829337507109583,0.1988713940192188,29,[20198.33371327 44694.46169745],Ring_Rand,0.73,0.27,8
1171,1171,8,11,Sec18_b,35,63.1274934968908,63.1274934968908,65.10270241674121,55.56929801348794,11.36772702592866,43.0,0.665353132124198,-0.1601637996163972,[19164.84166204 44324.4130759 ],[19151.75 44327.  ],[19153.61942857 44326.226     ],[-10.17891828   7.58796936],30.743350978576707,14.28880525427285,12.69597008727167,0.2779939990660504,0.25,1.3222824384719858,0.2617586675455031,-0.035362653547225,-0.485968762078369,1.92428951623018,16.426038934673738,0.0944731679640247,0.2835351056914808,0.4267675645805374,0.5643072559543038,-2.980929415358612,46.68978393160904,16.905852636447484,[12.0747661   0.96521679],12.113282788192937,44.10625868888213,16.404235695722626,[13.10962348 -3.06504058],13.46316090213269,20.657140378683685,0.2751773925749531,0.2109314489307555,0.3515486811850997,0.5727287214305504,3.068470609404409,0.3125,1.6291590669600422,Sec18_AA,80011,1.6446346776976746,0.2497746536498579,24,[19156.24093415 44324.84396085],Ring_Rand,0.58,0.42,8
1172,1172,8,12,Sec18_b,82,67.84889435041406,66.17145577195463,66.53918504492673,62.30040230481261,4.989866642908788,103.0,0.6956396594113978,1.1766706714877435,[22771.10404073 58666.0899898 ],[22773.28 58666.81],[22769.18792683 58661.48268293],[ 3.85805238 -1.63338545],34.80590721995816,15.60450995576278,4.189572310837674,0.1796880711207536,0.9375,0.5442140435763188,0.1700393969235963,-0.0143131470418902,-0.468453329669344,4.508335438024992,21.79763945240408,0.0164571237386076,0.328082597567878,0.6474032322377614,0.3523259308404907,-1.5863584237796542,47.44961499140192,16.1760654896432,[1.47642278 3.90834225],4.177913756039252,44.611005692262175,15.909976949145944,[0.29799804 3.02810078],3.04272857474858,22.153769607874533,0.0858082291920711,0.3146219574775905,0.642646973101082,0.349989974701839,-1.7812310412205097,0.9375,0.5446068982679065,Sec18_AA,80012,1.6271446887274514,0.1863650760596604,51,[22770.6660145  58662.99095011],Ring_Rand,0.84,0.16,8
1173,1173,8,14,Sec18_b,109,72.72053215972599,70.18001715185065,69.3886645350133,60.25058671423599,5.89982762296442,134.0,0.5371715329221246,-1.472370703320497,[24398.20325512 50178.93001588],[24392.47 50177.53],[24398.07254545 50173.03163636],[ 1.84923004 -4.96348392],31.29333135882343,20.18182257986078,5.296774902257145,0.285942112655146,1.0,1.1877744027531631,0.2502981323911508,-0.0463988290461133,-0.6482929365920395,5.882827949617977,19.79622983273914,0.0357595314402383,0.0907704955596431,0.456501024353495,0.5422202315576797,-2.612911721256,48.59089224059318,17.574421277946303,[9.10574558 0.56593624],9.123315534512262,45.135553465913446,17.143164890846275,[6.54301626 2.95825072],7.180690019011736,24.772010032370325,0.1716524165955864,0.0456536683559551,0.4487178717465018,0.5218175761303934,-2.9608861056214697,0.9375,1.1629079405715943,Sec18_AA,80014,2.985323299925155,0.4828005351621056,60,[24404.59300183 50170.4040781 ],Ring_Rand,0.66,0.34,8
1174,1174,8,15,Sec18_b,102,56.73898447898371,53.98074861622439,54.03222979213152,52.97719983827484,1.6843570719602812,126.0,0.6160222791297045,0.723546522643583,[27937.16618596 52700.40580951],[27947.41 52712.06],[27935.90382353 52699.29068627],[-3.0049624   1.20498991],1.402248613620539e-13,28.82420701718727,3.237560769126161,0.9926278046441708,0.875,1.1305935171524142,0.4598171313898961,-0.4365941954736358,-0.956547131353336,5.4979700463719405,10.744443024303516,0.0603515904785195,0.1022597759675941,0.4676432541005604,0.5287144314261527,-0.5795452820277492,37.62831998372203,16.550809812996857,[0.36278068 3.63938896],3.657425574911634,34.658537215631384,15.61902400436866,[-6.87311152  1.64918218],7.068200892889448,11.842138742477344,0.1265246378313121,0.1367900225388904,0.4692490008399208,0.5147425151817344,-1.2382046780715112,0.9375,1.0969496243154138,Sec18_AA,80015,10.02504941495931,0.3488521523675456,57,[27937.04426149 52697.60170551],Ring_Rand,0.52,0.48,8
1175,1175,8,16,Sec18_b,89,68.18755363943885,68.18755363943885,68.19800941652463,65.03971741360517,0.8529711113710978,104.0,0.5838993478000104,0.9998531654021772,[26717.89633573 38404.81018241],[26718.75 38395.81],[26718.35730337 38405.52786517],[-4.13272863 -2.02347414],34.42790898678613,20.12215463550377,4.601509916016343,0.2879262385440505,0.8125,0.771514280366801,0.2590434429897698,-0.0448168002680503,-0.6008789624868605,4.893193341271028,20.53334900697728,0.0818329144955898,0.1709268748592365,0.5607086463336265,0.4325947277715309,1.5532025648022785,50.301912412461306,16.43388340781865,[ -0.46491437 -12.56386487],12.57246379008703,47.67402402237161,16.212534539236785,[ -0.33512283 -12.7801013 ],12.784494375755717,24.65542326692287,0.2651943542344457,0.0720328919963615,0.5307300255543346,0.3989419289278407,1.5383795363361377,0.875,0.7516852443220178,Sec18_AA,80016,2.7162907018486013,0.321621660252654,49,[26717.60147048 38405.61217203],Ring_Rand,0.63,0.37,8
1176,1176,8,17,Sec18_b,28,67.49590608536663,56.34214032505192,40.86965380863444,54.53464038406461,8.484196503688887,37.0,0.5674772953329288,0.610734006537364,[19896.66447107 53958.95643527],[19919.75 53996.62],[19894.14032258 53967.05645161],[-14.00181892   6.00616824],2.9786661331196686e-26,13.27518163266174,15.235648661722934,0.5788266913810317,0.3125,0.970658518773558,0.2679979483739351,-0.148416755886545,-0.956759791828749,1.5394316129841437,8.44808939259973,0.4364829233180298,0.2391591253685429,0.4107675936445497,0.3987150640071973,-1.3754254914956232,30.961463086844507,13.194716374319407,[-7.86166556 -3.40789487],8.568519872614836,31.27010262205141,11.877940190639178,[-4.81128023  6.1855781 ],7.83644012769205,12.302060207694277,0.4433592061121539,0.3474194279126291,0.436014166524803,0.3674184478307975,-0.725679715997413,0.3125,0.8426754817607437,Sec18_AA,80017,3.062862955201088,1.286670396364268,22,[19895.15732132 53980.12758784],Spot,0.46,0.54,8
1177,1177,8,18,Sec18_b,49,55.72986341491279,55.72986341491279,56.87292756230647,55.32987740758399,8.103671795090134,59.0,0.6797549766308277,-0.4148820993394843,[20492.99442476 42008.87154656],[20517.5  41998.12],[20500.41061224 42005.60510204],[8.02413562 3.58642523],6.234408056017784,21.48748843169304,8.78915230936928,0.8023364425708541,0.375,1.5420727486208623,0.4316101830174989,-0.3226029741436249,-0.9315800209267088,2.584045921794812,11.08536029170222,0.1046758636195237,0.2412755146237143,0.3890694961865617,0.5999734673889453,1.1200632305045155,40.4797231668048,15.620558906344986,[-17.70539315   1.57044992],17.774905333136708,35.588448239968706,14.827505876514463,[-10.91957366  -3.20371792],11.379846110695514,20.623697155478265,0.4139473239469562,0.1784553874045155,0.2993651052542917,0.529282507742862,0.0733200404447928,0.625,1.7680167075360036,Sec18_AA,80018,5.616355097995979,1.323102402058028,28,[20499.19701092 42002.04521272],Spot,0.26,0.74,8
1178,1178,8,22,Sec18_b,75,67.49697759306198,63.43012936718422,66.00524832364512,61.51762604636018,13.04058607063908,98.0,0.6738563986358301,1.032308266616801,[15427.85495076 43244.99151857],[15443.72 43264.31],[15434.54266667 43256.18666667],[-0.85120912  2.85892852],21.90184841548534,25.51949072504793,2.98295645820538,0.7416821831443098,0.5625,0.9997685913392972,0.5236961517495121,-0.3261838365131558,-0.8397793814464766,4.123477534778956,19.7782475665427,0.0513053892217012,0.3099554208835465,0.4987415850795249,0.4986261719572848,0.4849670796500479,46.12841351564942,17.484680223433454,[-7.86885443 -3.62851158],8.665158184350108,44.80613370113177,17.045360320549054,[-12.36011656  -9.62371432],15.664876597517786,20.7880255347992,0.2138707162207648,0.2786589885765018,0.5050122834906395,0.4492470332525775,0.4735031795199792,0.5625,0.8895764478190249,Sec18_AA,80022,6.423156121372749,1.225083996519501,45,[15431.08816151 43253.78434692],Ring_Rand,0.57,0.43,8
1179,1179,8,23,Sec18_b,48,53.42341774230776,53.42341774230776,54.01436412174016,45.31010423773721,5.691470892644079,54.0,0.5257188676187303,-1.2102348313267874,[39571.23815744 58311.49324708],[39557.88 58302.62],[39569.23020833 58316.81875   ],[ 5.60717958 -2.80340935],13.416664742600746,22.048324182907525,6.268936655224872,0.6222542206385684,0.6875,0.8772227238161349,0.3923735129696907,-0.21691431036715,-0.88842479467508,2.6390256222585315,13.77221289972892,0.1260970599809234,0.0790509707587897,0.5242316316433827,0.4598678998207848,1.8398925146370024,41.10466381488343,13.37697547187326,[  4.5556172  -14.58375399],15.278727974662736,38.3718650367852,13.174377046928123,[  4.68991719 -12.95434503],13.777168733968484,21.242763096679656,0.384605353817952,0.0331058338525297,0.4687371157599724,0.3833416060545955,1.8917852297278064,0.6875,0.817817905102472,Sec18_AA,80023,4.3111037014806985,0.3926248979125125,30,[39566.93794117 58314.82019927],Ring_Rand,0.62,0.38,8
1180,1180,8,24,Sec18_b,45,51.266312805902494,49.013098128883655,49.24424270626994,46.27522481727679,3.404053070586948,61.0,0.6851576349691574,-0.6969231000025199,[41139.877257  57906.4507077],[41151.62 57896.38],[41142.48755556 57904.26577778],[-2.06879001 -2.15036597],16.546397031726563,14.83612430630904,2.9839513899819763,0.2705711548782326,0.375,0.9660288133711864,0.2108641472162138,-0.0442703675743135,-0.7759413368433276,2.419106820403654,9.355262241493788,0.0381910998489593,0.1696377373866368,0.5078976630968643,0.4906437767954625,-1.079961993674662,33.97306562201099,15.272738619430385,[6.10426132 2.76436931],6.701025591548264,30.93176589243646,14.457071651978762,[0.3618006  6.82235043],6.831937139630783,8.230469589695415,0.1180089703092201,0.2434711054904145,0.488780302795694,0.4972935801308637,-2.469236105293485,0.4375,1.0174173903622463,Sec18_AA,80024,1.815046485175056,1.0901646940088678,26,[41141.64223158 57905.12550889],Spot,0.38,0.62,8
1181,1181,8,25,Sec18_b,94,53.33517461110775,50.76382924280665,50.18032145164144,45.43643290648334,3.64253082495364,115.0,0.5854708485778575,0.3428595808447459,[15955.65326753 41886.94609072],[15939.81 41895.62],[15952.32715789 41885.46115789],[-0.46669944 -2.29157482],20.29312315091482,17.710606268241158,2.3386157303131765,0.2992376062138132,0.875,1.2359433464457492,0.235626457201925,-0.0541205436212215,-0.767576950705117,5.168091843589624,14.991694024136017,0.0855687771589605,0.2295556424145989,0.4439638356461397,0.5487141487293805,-1.4825551822873813,36.43506033588252,13.031288301422636,[1.01008365 7.67420152],7.740390041174195,34.18755953332687,12.792106515526015,[-0.23415675  8.17380951],8.177162790231565,16.325500814777673,0.2394572334653515,0.273401019438049,0.4048388162479012,0.5378214170932191,-1.7425827926086008,0.8125,1.3284828319522766,Sec18_AA,80025,2.901216232448363,0.2501483936661679,45,[15958.27924142 41886.58966388],Spot,0.45,0.55,8
1182,1182,8,26,Sec18_b,49,57.82639074932955,52.11500824843692,52.121933873916845,47.654473294171446,0.606893235370134,62.0,0.6130069488822754,-1.5165852591605218,[19024.90819034 48601.92420241],[19040.44 48594.25],[19024.87530612 48602.53020408],[2.1866104  3.64765839],19.38393097737324,18.22938543580063,4.252843372249104,0.4096168665198192,0.5,0.4657924800145688,0.3134646947197658,-0.1014177722041063,-0.789855418327848,2.694005322722252,10.153153060517925,0.0504355483290291,0.368342994575686,0.6804894069690113,0.316966848495739,-3.015734989964641,37.23410729323264,16.280602649634183,[ 0.1322851  -0.81251642],0.8232146037532352,35.383427019834976,15.464990070926609,[4.44060387 9.25920079],10.268970837204565,10.039872823345007,0.0557698698485446,0.3633497405996553,0.677624843984648,0.3192648776324285,2.8180953081397324,0.5,0.4711528517092884,Sec18_AA,80026,2.8673180656387345,1.878380162175432,28,[19023.14301685 48599.78207351],Ring_Rand,0.6,0.4,8
1183,1183,8,27,Sec18_b,37,61.24948502498168,58.10452140503169,61.733077698217606,54.756901854721015,14.89482642661037,44.0,0.7145205484891963,-0.6760456332540806,[23063.60367674 40298.05718841],[23092.75 40293.88],[23075.22243243 40288.7372973 ],[-5.72810709  1.70026791],31.4412070932652,13.192481964610014,5.975125248057805,0.2024658365516819,0.5,1.0574906133221154,0.1931193741253835,-0.0171004170066156,-0.4373499725559156,1.9792692166938988,20.33165017919756,0.0202468622558786,0.4076972641703651,0.4858297083333027,0.5137603562354888,-1.916551716484273,39.815392514569616,12.293771712697405,[0.36086396 0.32594567],0.4862749993470316,37.92802366362965,11.910381510907188,[ 0.37175797 -3.1628055 ],3.184578880088033,20.33165017919756,0.0238050606827751,0.4049076233249492,0.4845539855982924,0.5148793334875972,-2.029808466989369,0.5,1.0625840438642995,Sec18_AA,80027,1.231551604242055,0.2566672110231777,27,[23074.47752543 40289.34776532],Ring_Rand,0.52,0.48,8
1184,1184,8,28,Sec18_b,64,72.13205338839548,72.13205338839548,72.1322583306013,70.46459227887236,0.1228194424427575,78.0,0.636189626089489,0.8892786327194783,[23848.65081036 39146.37397748],[23842.75 39168.88],[23848.5734375  39146.27859375],[-17.1675624   23.26378063],1.5375529594762825e-17,17.521093163234173,28.912431378831734,0.937584102809724,0.5,0.8812627604497513,0.4343304211183599,-0.3895218273428631,-0.9565359892955376,3.5187008296780427,19.07999873374045,0.1843578416506285,0.2521165021567151,0.513491366825854,0.4525208193960678,-0.549950253785315,55.30787731309013,17.110323241656825,[-18.64769333   7.52436633],20.108519465915474,53.01176618840215,16.869646887987965,[-20.22267307   5.59169894],20.98150621794808,27.569643225847607,0.3836139687816582,0.3585326833693015,0.436299003539185,0.4165413194163999,-0.3607831050778666,0.5625,0.954715266451415,Sec18_AA,80028,7.500672822477792,0.3081306851494856,40,[23838.74621922 39150.21175513],Ring_Rand,0.52,0.48,8
1185,1185,8,29,Sec18_b,34,57.6360081479078,47.144652413608654,43.535198257358665,50.1196703713508,6.27951104321022,50.0,0.5826069286840831,0.201887887133242,[28849.15567232 54535.4089206 ],[28837.03 54542.78],[28843.03857143 54533.99      ],[-12.45895986   1.10478619],5.9338338781922485e-19,13.101316123705518,12.507846874355783,0.5699641634061001,0.25,1.5538575987047756,0.2639935923564437,-0.1439365904997822,-0.9565997765893308,1.814330115302741,7.5199149573420305,0.1399953368477951,0.246228885313454,0.3838903571436781,0.5965109485171943,-1.300327971526528,32.06620865554532,10.207621176282602,[-8.81138083 12.15409738],15.01207897525008,28.874354100208844,9.859499010488674,[-3.72726063 10.8283339 ],11.45186826705372,17.642635656682124,0.4280295215339711,0.3332627232835385,0.2558297874223053,0.5609609412730944,-0.7977230264545383,0.375,2.1927115951791047,Sec18_AA,80029,3.323433618606716,0.1585459809410411,21,[28839.37149475 54534.5498163 ],Ring_Rand,0.5,0.5,8
1186,1186,8,30,Sec18_b,53,57.727489301868815,54.88060487638995,55.1172033238522,54.31565020451819,3.643929159098119,68.0,0.5799237086816337,-0.0163369974930221,[23382.60410428 50609.50386784],[23381.25 50596.5 ],[23386.24754717 50609.44433962],[ 0.20101584 -2.70098952],30.171126808169017,16.043293157315844,2.708459299089278,0.211037232470997,0.625,1.33611247282387,0.1940673101281392,-0.022662779023685,-0.5533522687187928,2.913924124577129,20.94074392463537,0.0533214129162422,0.1615148988814475,0.4268445284739489,0.5703122984506667,-0.3716715282736645,39.78815186477526,12.988615782279464,[-6.70930911  1.18672947],6.813454010253761,37.46055229667035,12.773035424692932,[-5.44655546  0.32337736],5.456146928806158,20.57865149596296,0.1663242899943667,0.1282578027400474,0.4126428837571335,0.5596933468007362,-0.1074805744528258,0.5625,1.3563625324268314,Sec18_AA,80030,1.5363742431184977,0.2076136462473564,30,[23381.64681804 50608.7446507 ],Ring_Rand,0.65,0.35,8
1187,1187,8,32,Sec18_b,76,61.41274016677838,61.41274016677838,62.31034825618893,62.59481464376551,7.527325900466133,88.0,0.7014838532385146,-0.7395587247666978,[25538.43275151 41159.99944724],[25534.62 41148.  ],[25543.99368421 41154.92631579],[15.31521425 13.4595963 ],1.1350657906419988e-20,17.552582826705784,20.389127495952,0.8276570486515096,0.625,1.0979407856879349,0.3833817823759293,-0.3035262568090685,-0.9565647568326722,4.123477534778956,10.366449538498363,0.1758265976859802,0.3536152977438447,0.4619220018778557,0.5071630056683166,0.7435884901595783,44.84351605102013,16.809218005415904,[-11.04084539  -3.99625761],11.741820203678248,42.20062998129265,16.257415178501624,[-9.84496651 -8.7504474 ],13.171700547662187,19.89100983438957,0.3339775096711393,0.3802521990309572,0.4104324893132374,0.4780265337206266,0.4413463906532429,0.5625,1.164689799583098,Sec18_AA,80032,7.215346869962114,0.871046624426815,40,[25535.71118136 41152.89042859],Ring_Rand,0.51,0.49,8
1188,1188,8,33,Sec18_b,38,55.2464429188882,52.38979673432815,53.691350695474064,49.21055894123787,8.393095365619958,47.0,0.5996837754269705,-0.5567501461835096,[25038.2960705  39754.60878447],[25003.38 39773.  ],[25031.17052632 39759.04394737],[-0.19844239  2.89286037],3.309271478980737e-25,12.256140420110023,2.899658688604714,0.5898010530704388,0.25,1.1251713069966245,0.272879026499421,-0.1540350139767269,-0.9570701067580728,1.9792692166938988,3.252001704477982,0.093809388845427,0.0603589940011085,0.4664093644127212,0.5247904341517263,0.4009207930080209,34.11618499383605,18.66053223249619,[-1.05369992 -0.3521714 ],1.1109942504352983,34.98818030619456,16.35808435554078,[-17.77612737  -6.13926056],18.806414448745148,3.953301648657991,0.1287114046739461,0.0264124790991704,0.4742880398708156,0.5091453344360443,0.3684327180289972,0.25,1.0734939354041544,Sec18_AA,80033,3.6357778705132615,2.2007254810559687,26,[25029.2741503  39760.91148055],Ring_Rand,0.59,0.41,8
1189,1189,8,34,Sec18_b,80,71.21315671229841,69.30014869128628,69.58923089282041,70.61437156184036,4.526027204409205,110.0,0.7142944559109872,0.7206939446262839,[42619.50124636 39126.22925353],[42621.12 39116.  ],[42616.100625 39123.2425  ],[-1.42209187 -7.94331382],35.23019529172011,18.206799280624487,8.069608401180977,0.282645472334333,0.625,1.172922709054505,0.2614079124262301,-0.0398220921082855,-0.5389684095588724,4.343396336633833,22.459401610788607,0.0528748783477335,0.3371013061622055,0.4589230178709955,0.5382812293687169,-0.55114897571105,49.50369351723148,19.121074037532743,[4.27961654 9.86810546],10.756143500958103,45.6139427698403,17.512742932147194,[-7.32720538  2.68323852],7.803057583848639,25.39908089137133,0.1770571369715763,0.3183913041194031,0.4374972438364389,0.5311535264109895,-1.891792812433031,0.6875,1.214072851644214,Sec18_AA,80034,2.52805795868842,0.3716139905239385,50,[42615.88446642 39126.30981063],Ring_Rand,0.69,0.31,8
1190,1190,8,36,Sec18_b,59,73.42045998431163,73.42045998431163,74.14966192056926,68.42717085704194,7.40960554966299,66.0,0.5493984500963325,-1.1493106557458006,[14574.27216705 38965.93774286],[14566.12 38973.38],[14577.30355932 38959.17661017],[-17.78293176  -5.4393068 ],46.3655904254724,12.854581177549267,18.596201777243166,0.1948453713458611,0.625,0.6493762439229369,0.1910643013792815,-0.010525436155652,-0.2827290651950018,3.188822626895726,18.63305969097016,0.1841844364586995,0.2143648537099095,0.5857220855010258,0.3803540078653654,1.3186562543717126,54.37611909720969,16.37077017037355,[  5.38885988 -16.10378116],16.981506951598124,53.196205542181886,15.33736448775915,[ -2.01360005 -19.46535359],19.56922521978256,25.821469850856563,0.3731834062774559,0.0884920927238071,0.4549494624833229,0.4057846827958322,1.6898980476308718,0.625,0.8919335360478793,Sec18_AA,80036,1.4966356956051414,0.1987020043878187,37,[14576.07894938 38954.44434758],Ring_Rand,0.76,0.24,8
1191,1191,8,37,Sec18_b,62,59.858226323271175,57.89651120637558,58.610619945886064,52.21749075609285,6.515239614184945,71.0,0.6101602241321562,0.2790811615517115,[14619.93815821 38352.76831758],[14597.38 38348.38],[14613.675      38350.97354839],[ 1.67857377 -1.2219675 ],30.128415908791503,15.708415455157834,2.0762500983113146,0.1807704067410944,0.625,1.517882508798717,0.166898378868656,-0.016396551401376,-0.5434668536275788,3.2987820278231648,18.745712152142435,0.0696283227782637,0.2098475742858975,0.3952336509704234,0.5999182456966626,-1.517710863324694,39.31641688641159,12.62831322691888,[-3.17888048  2.8178279 ],4.247991904198363,37.354567695206406,12.460201058016,[-3.4555512   3.23912248],4.73632226113924,16.918574555767854,0.1276687959964092,0.2141111831745031,0.3887694744764304,0.594931204052397,-1.031317584906828,0.75,1.5302929965209122,Sec18_AA,80037,1.423387606067695,0.1747235851422893,41,[14614.71297036 38355.13901412],Spot,0.49,0.51,8
1192,1192,8,38,Sec18_b,57,63.329255217839695,63.329255217839695,63.67234422730903,51.69536240750783,4.714981169203159,67.0,0.6151341438653982,0.8946355312187473,[15030.06047457 39402.53320999],[14988.   39395.25],[15027.10982456 39398.85561404],[-8.46978708 20.62606432],3.1492182492994767e-25,21.767475732108352,22.29735011910989,1.3644116442679752,0.625,0.7758033740414588,0.6319621879269243,-0.824834416588063,-0.9565997491376546,3.1338429264320062,14.79078609275533,0.1449387791424368,0.2761482324003495,0.5512956921985462,0.4276970581021537,-0.2273450150367022,47.42834639544782,16.921822150461004,[-14.17034475  -1.55809304],14.255747059766508,44.21325102912635,16.611079736086037,[-13.26559599  -2.92263276],13.583733626562532,22.31965422812109,0.3084765868600583,0.3092483844355811,0.5019847185592196,0.4028574767999494,0.1537585934220549,0.6875,0.8025293637547732,Sec18_AA,80038,10.301082015778745,2.3463317241119057,36,[15027.5320018  39398.27534606],Ring_Rand,0.77,0.23,8
1193,1193,8,39,Sec18_b,93,57.96316737667327,57.96316737667327,57.98207999821666,51.32063593719533,1.057728742899293,120.0,0.5352249640811121,1.2867980831260306,[16926.76658638 41059.56836987],[16923.16 41052.56],[16926.47021505 41058.55301075],[-3.23314409 -5.46051608],20.221677809261585,21.544805191706818,6.345900771849837,0.3747435679048678,1.0,0.9066816832826782,0.2734983696776422,-0.0841712236322945,-0.8212487310783518,5.058132442662186,17.851258523898917,0.0897130146880731,0.1043132398037089,0.5202502251386626,0.4717013498569149,2.529042439903612,41.90640882697068,16.740870899205518,[9.27350006 1.43132696],9.383309662773083,37.86532951707198,16.15665227177066,[ 4.78754857 -2.83460184],5.563774700864454,15.04818461068344,0.2378914611306845,0.1162642918372344,0.4871222305239182,0.4562854221971898,-3.122565963089604,0.75,0.936695953511376,Sec18_AA,80039,3.613896093802994,0.632961462292835,47,[16929.13118085 41058.55990076],Ring_Rand,0.68,0.32,8
1194,1194,8,40,Sec18_b,89,68.09165658210046,66.5460516005031,66.76823624424391,54.1595645277746,10.09230076891556,133.0,0.6769212893478116,-1.2019281016313317,[18616.4678885  41693.99632266],[18631.12 41707.41],[18619.05111111 41684.24022222],[-1.10199793  7.1824809 ],1.5702122506318165e-12,31.607569885996103,7.266528150647612,1.70256671824286,0.625,0.6138632908493334,0.7887935546481543,-1.284536636351201,-0.9564868475298368,4.893193341271028,11.531774029708682,0.0930871689023455,0.3285528628871508,0.6142619294996374,0.3770728494861087,-0.6178281628159721,51.60580174615335,20.132246763460383,[-13.77806576  16.67287274],21.629141952353628,48.384945740454015,19.610418126817144,[-11.87631876  19.86595686],23.145262780181888,20.095938378702805,0.4653388829591899,0.1217866797512886,0.4765799770191389,0.3068797469871543,-0.9052350934280052,0.6875,0.6439207725565659,Sec18_AA,80040,16.061982295970672,2.2869123854099485,52,[18614.67584119 41683.65111752],Ring_Rand,0.53,0.47,8
1195,1195,8,41,Sec18_b,89,57.40091725712128,57.40091725712128,57.43096566395275,59.40883978417256,1.3268258761847418,102.0,0.5486683299244233,-0.477063513032067,[39481.95446414 46785.87283751],[39442.12 46792.5 ],[39483.13314607 46785.26359551],[ 5.17999706 -0.9609279 ],32.84058839498103,16.5679122330215,5.268372805192044,0.2092175945792875,0.9375,1.1587095355250534,0.1943748942273284,-0.021422418714392,-0.5267810322324704,4.893193341271028,21.648218134563155,0.0966395893052231,0.1533195703493263,0.4589134265059721,0.5317473632729457,-1.6078729195428438,41.82888144452957,13.391176261414032,[-1.16946591  8.1996309 ],8.282608128538504,39.70918955615123,13.217930594714067,[-1.41634303  8.27488196],8.395218822153456,21.96324464030243,0.2094057738991174,0.1870260109334834,0.4211880740239276,0.534961147833784,-1.422866147077814,0.875,1.270124157891975,Sec18_AA,80041,1.9737548397552669,0.2935301789243159,43,[39482.60903778 46787.74264802],Ring_Rand,0.61,0.39,8
1196,1196,8,42,Sec18_b,39,59.75127160231222,59.75127160231222,60.00255717433409,53.443085988224816,3.9183249080003,56.0,0.6804869104697671,-0.7742517424053131,[39245.91420497 45584.62858559],[39207.75 45605.  ],[39243.11282051 45587.36820513],[ 1.46153813 -1.63066783],24.63844413971754,22.50501105047037,2.189787950073689,0.5052042773395431,0.375,0.9266139860929536,0.3909308763958106,-0.1543371035521742,-0.7814538831500675,2.1442083180850573,16.056743077565592,0.0247059453974622,0.2522508133568397,0.5187285172203665,0.4806610990416511,-0.883693198895635,42.68272231559072,16.071326307779305,[-0.29616172  0.43483753],0.5261135302602339,39.97593498420203,15.66457620123711,[-2.91504064  3.66317827],4.681488760184887,16.056743077565592,0.0353596354324301,0.2501340489704003,0.5198267841334078,0.4789229120486779,-0.8974348362983954,0.3125,0.921312496136728,Sec18_AA,80042,3.154999700767756,0.5435258433119199,27,[39242.68069339 45589.31692674],Spot,0.46,0.54,8
1197,1197,8,43,Sec18_b,51,55.24480946770935,48.91020396967314,47.12399734763919,40.17330751779483,4.072965936559933,70.0,0.6650443314158607,0.3503973459550296,[42292.74945502 37672.85300302],[42306.62 37699.75],[42295.82846154 37675.51923077],[-5.25019863  4.98093209],7.509965006075904,19.65375731748233,7.2370069884948895,0.6121443552865853,0.375,1.4875748400139808,0.3451263470001652,-0.194579085811806,-0.921009680179772,2.80396472364969,7.854253557911602,0.0710150141805918,0.2810745677800909,0.3999706267150291,0.5949862410459011,-0.2682419385795934,37.85487597176003,14.942638614642275,[-16.74292875  -0.10724757],16.74327223653249,38.460053574983846,14.315663571714564,[-22.53845194  -4.54055806],22.99126971925585,15.520466884944552,0.5330874715530115,0.0983988624080359,0.2467680592307916,0.4690496884424256,0.006871617359842,0.5,1.9007714770887083,Sec18_AA,80043,4.371585101215655,1.0059156626471126,28,[42292.75597563 37680.45476602],Spot,0.3,0.7,8
1198,1198,8,44,Sec18_b,43,51.26783763704444,51.26783763704444,51.86153658838889,46.09711491328907,5.5891568369690585,56.0,0.5195152065873129,0.2416853462300954,[42627.88910046 39168.6136903 ],[42603.5 39168.5],[42633.31581395 39169.95139535],[ 3.78409282 -4.46199688],22.576319834820016,9.56549010591672,5.85053627260041,0.1144900267739116,0.3125,0.965661521393266,0.1090888180659549,-0.0055185549534807,-0.4418526645285666,2.3091474194762154,11.735874651829793,0.1096446465695941,0.0798745087982857,0.5026186048442091,0.4853594466344197,0.30881383893575,36.69233063852879,15.570263461382789,[-7.69064847 -4.78412929],9.057260455234417,32.618417532346626,14.67694045897204,[-5.9711069   2.08924796],6.326063122993363,11.78019076622178,0.2655974816098754,0.1249489475267255,0.4934857652343091,0.4359722125281828,0.5020876043361976,0.3125,0.8834544848951852,Sec18_AA,80044,0.7507613122156155,2.1068950287689936,21,[42631.79843594 39172.29722911],Spot,0.37,0.63,8
1199,1199,8,45,Sec18_b,69,67.59898902877974,67.59898902877974,69.85169124036562,68.90803744386494,12.56890095178982,90.0,0.6673586909552597,0.1421176245696865,[26104.16174998 46723.00315399],[26103.5 46734. ],[26091.71956522 46721.22289855],[ 4.79348245 -3.42465147],31.242530809169057,23.177742598515103,5.891155375061243,0.4066536758398538,0.6875,1.362118348808316,0.3399717110090222,-0.0980468972611853,-0.7091961535394081,3.793599331996639,19.94267489439194,0.0684833203842774,0.1702692530023134,0.4213633221770096,0.5739467126521348,-1.4911952156836248,49.20007911684209,18.657187069671544,[4.85508287 8.10157313],9.444962513566884,45.92254857053028,18.030965295226505,[-0.98271992 10.07918501],10.126979256790616,23.24144918421006,0.2070608313925405,0.2248473997695219,0.3832030319835414,0.5739227801194885,-1.9272410250918657,0.625,1.4976989538645886,Sec18_AA,80045,3.377919127674681,0.3782733657734405,50,[26091.23209153 46725.11645953],Ring_Rand,0.68,0.32,8
1200,1200,8,46,Sec18_b,86,73.97374186650147,73.97374186650147,74.9948506017579,73.90351344449192,8.809582301715913,113.0,0.608104103938202,-0.9548601033253412,[25888.75340909 46374.5986944 ],[25882.25 46364.32],[25893.84290698 46367.40802326],[-0.42697466  4.78362407],11.871112338638548,35.42283437756432,4.802641630056502,1.6610352526130538,0.5625,0.9766559921849776,0.9143536707335426,-1.4073000679489744,-0.926602881040868,4.7282542398798695,18.07562200281229,0.0843221030290793,0.190297543009312,0.5023078304299283,0.4905819525108251,-0.695244120870411,53.479607765695256,21.157700480835054,[-7.95917808  2.19653939],8.256712480826735,51.49420073558754,20.181444340325186,[-12.17737909  10.89769236],16.341611311101413,20.27441218821522,0.196329099814993,0.135244967661544,0.4942916097913828,0.4671632747744517,-0.4823571624646756,0.6875,0.9451167398362664,Sec18_AA,80046,15.403807240302797,2.097114048711086,51,[25891.59055795 46368.15966993],Ring_Rand,0.55,0.45,8
1201,1201,8,47,Sec18_b,52,79.07199880865186,72.71183759359117,74.07625621850787,69.11467752785185,10.108604364619318,68.0,0.6181816862006271,0.2188121219351135,[25604.44372856 46349.994277  ],[25609.44 46339.47],[25594.57615385 46347.8       ],[-7.5061849   3.29003459],41.041596396100026,18.52307804737673,8.195556069289788,0.281934487766373,0.5,1.3086005234037985,0.26655891642703,-0.0354450198711571,-0.4716434477823284,2.85894442411341,25.442015796254434,0.0747977661066154,0.1872851163894104,0.430739438939098,0.5636658552463621,2.825288824853538,54.5211132061022,18.027685717568545,[16.00662496  4.34568571],16.586049166337496,50.9115391832931,17.674337912340228,[14.33846937  1.14916562],14.384445960006463,28.354218512548123,0.3118000534101051,0.0988441995581624,0.4081662896782372,0.4946144370152184,-2.9325901836283457,0.5625,1.211796391625407,Sec18_AA,80047,2.033058503926665,0.3738231495240314,41,[25600.882799  46348.8142171],Ring_Rand,0.51,0.49,8
1202,1202,8,48,Sec18_b,98,73.3174789305843,71.6946017359859,71.77337677091575,65.78961831451394,2.4012852657723305,117.0,0.5656002338853742,-0.6805059302785117,[26541.60671589 46748.71353186],[26543.81 46762.6 ],[26539.74030612 46750.22438776],[-0.35216991  5.58148396],40.17572748514264,21.784235090103984,5.592583200611879,0.3056691060510418,0.75,1.062300380817809,0.2799259133564681,-0.0481936791461684,-0.5632425178176914,5.388010645444503,26.66903002638846,0.0545137648792973,0.0788736981154145,0.4834544272562813,0.5135738221824034,-2.814021644338581,51.54839450949554,17.13518201100091,[5.27509887 2.62720136],5.893119295948946,48.92482340164994,16.862779327938565,[7.05554813 2.38805173],7.448728117306305,26.595749259878893,0.1320494374185463,0.1011389477510188,0.4779976182183503,0.5045653278590951,-2.736796946560039,0.875,1.055581259462696,Sec18_AA,80048,3.0259697676309023,0.3845581455950849,57,[26539.25431072 46750.98022334],Ring_Rand,0.69,0.31,8
1203,1203,8,49,Sec18_b,130,70.80487102389932,70.80487102389932,77.48657619067964,68.13650172212941,22.484004847919824,156.0,0.6870128062945808,1.2802178084477267,[26447.27104518 46484.43543684],[26431.62 46468.38],[26440.82923077 46462.894     ],[-0.24975581  0.62502694],35.38160436835307,20.166549540486788,0.6730799610738093,0.376837872140788,0.6875,0.6152823333967903,0.3411637109618051,-0.0756406176453233,-0.588352622840394,7.092381359819804,22.002812963497547,0.0619037847402344,0.246936960215435,0.6167144287029903,0.3794534927318443,-0.6990452156411766,50.83591912248635,17.45651964476622,[-3.93821396  7.73925577],8.683640315168379,47.3423934203524,17.050165321042943,[-3.33187553  4.05512738],5.248376191396707,25.55654870634229,0.1689148300308869,0.2607755656909691,0.5967553818525417,0.3747123983430948,-1.0343464098631354,0.6875,0.6279162446425767,Sec18_AA,80049,4.296612810615776,0.3279796387709899,57,[26436.74322523 46463.53014167],Ring_Rand,0.57,0.43,8
1204,1204,8,50,Sec18_b,94,68.81530778614537,66.75678436679011,69.43891975046608,69.63963166474097,13.651928867199612,124.0,0.6242100270740668,-1.535617878948009,[35174.92761134 45786.32592926],[35158.12 45765.12],[35175.40776596 45772.68244681],[ 1.61346438 -9.54553822],41.28630568275901,15.390706439052355,9.68093834112917,0.2065899606912984,0.75,0.6698372218358394,0.19922496431383,-0.0158882542238748,-0.3860319134774159,5.168091843589624,23.748725406789504,0.1400863884754659,0.2367581624032949,0.5871086061227356,0.3932671976411653,-0.1233634234723174,49.007411873937215,13.788729448994838,[-9.55688347  6.05674017],11.314509409453382,47.38808457063891,13.573487562200214,[-11.38615937   5.14948592],12.496472715773317,24.75028947797773,0.2576845268736717,0.307571594806866,0.6014049522495013,0.3321937323603905,-0.5037956070213161,0.875,0.5523628149682667,Sec18_AA,80050,2.002963982375277,0.2440597685463916,48,[35173.65285317 45771.31997248],Spot,0.42,0.58,8
1205,1205,8,51,Sec18_b,40,71.71118742244768,71.71118742244768,72.83336526807024,69.13243324228456,9.097114779620338,56.0,0.6715333852770433,-0.377465919856684,[37636.83094241 57239.54811306],[37637.94 57242.31],[37628.37425 57242.901  ],[9.83783104 1.65147668],34.30405975951357,20.481628926173727,9.975484685501469,0.4093339985602439,0.4375,1.6304463629257104,0.3662355261543167,-0.0916533105382693,-0.6113780865748044,2.1991880185487767,18.52208718429488,0.0387970014733573,0.2461665663321335,0.3795913905524771,0.6189034021241993,-0.3992393104692052,52.33224375029048,20.572581016618305,[-6.30611079 -8.67035577],10.721105470177584,48.08068997474561,19.153374445716352,[-7.40806415  0.0587688 ],7.408297250955927,20.30778781764637,0.182996246816978,0.1985550876644515,0.3781885253237405,0.5883238483271592,0.5276188503167366,0.375,1.5556364324473797,Sec18_AA,80051,2.58885551838891,0.3444842039680806,33,[37627.71329281 57242.64577312],Spot,0.49,0.51,8
1206,1206,8,53,Sec18_b,71,66.02713662033001,62.60106213258717,61.0099501146531,57.61419902695354,1.6493139836983817,87.0,0.5733524663785046,1.2043820672512169,[35689.89235333 45762.48483436],[35671.78 45757.04],[35689.05486111 45763.90569444],[-5.76853024 -4.13154232],35.44899219411724,12.575058206362646,7.095462150444594,0.1332576739403551,0.8125,0.9102006555604876,0.1289784363132593,-0.0062950387831972,-0.3662596486544839,3.903558732924079,21.28966758455921,0.0781117765609151,0.1943664954012467,0.5203110717553753,0.4735874786071224,0.3759363416037568,44.10062137757036,13.6913927101306,[-5.09130408 -3.64851331],6.263627274529325,42.3942391922313,13.427289848956075,[-5.97151247 -6.19773179],8.606441804229755,21.775749016836706,0.176575620769237,0.1445303245363719,0.5078862592634537,0.4609347908865049,0.5440910929567425,0.875,0.907555151334398,Sec18_AA,80053,1.1228491190465326,0.2099949174922117,44,[35690.44269594 45765.10131864],Spot,0.36,0.64,8
1207,1207,8,54,Sec18_b,46,77.67695985980126,71.22943111116426,68.41212442991693,60.63707342104787,2.743193089818721,65.0,0.6576233692037765,-0.7841485076762951,[18999.58667963 56103.14452156],[18992.94 56093.16],[19002.12340426 56102.10042553],[-2.64891092 -6.77745656],36.36830960333916,16.542764357873907,7.276719490991927,0.2510810686871162,0.4375,0.7680529773851899,0.2371364285044278,-0.0283065796032896,-0.4754174867067507,2.529066221331093,18.80483735340312,0.0985633748943989,0.277242991541281,0.5600993147807027,0.4301859463487234,-0.3845562573056219,48.83656467783565,17.221306222269387,[-3.60505398 -2.41641903],4.3399879199832965,46.28484372385866,16.82655498342965,[-6.33002172  0.68749586],6.367246301771938,23.577222993828705,0.1206191533635978,0.2851926931985181,0.5624315559848974,0.4230194638569515,-0.0581195685528228,0.4375,0.7521261198016966,Sec18_AA,80054,1.7029146603517635,0.2965420778463298,37,[18998.93295235 56101.91675905],Ring_Rand,0.7,0.3,8
1208,1208,8,55,Sec18_b,45,72.81131663799273,72.81131663799273,75.07909913742641,80.34331747962571,13.081052209307822,55.0,0.7302225106574093,-0.9619612234576757,[15670.35521422 48778.41253048],[15621.   48795.25],[15662.874      48789.14311111],[15.91412409 20.72733293],1.983813855255407e-12,24.552201763885307,26.132004822325896,1.6745573131426137,0.3125,0.8494968487843345,0.7756808061516793,-1.242500312289943,-0.9565627067935796,2.474086520867373,18.56568683853772,0.1873425546354471,0.2983711788967548,0.5217109549858874,0.4431918122367771,0.7448018001753641,55.82555132111553,17.84162145822864,[ -5.42622853 -19.55012773],20.289195411093445,53.32558170091345,17.1554532246721,[-13.15147817 -16.12839519],20.810730633232914,28.018186660701684,0.4100633804124521,0.3726750082825826,0.4731094731612971,0.3587385508834155,1.2227639420324403,0.4375,0.7582569600357818,Sec18_AA,80055,11.23327195321886,2.9286446130424943,31,[15661.77507108 48782.51594386],Spot,0.48,0.52,8
1209,1209,8,56,Sec18_b,66,71.3684401491334,71.3684401491334,71.78118474404852,72.45339399605575,5.490447824679896,81.0,0.534600824110023,1.3875050806669424,[15158.67760769 48100.16591587],[15167.88 48123.38],[15159.67833333 48105.56439394],[10.0177353   2.10436778],44.41269518060344,13.153443642657503,10.236375540544213,0.1733259445003499,0.75,0.8518179600956273,0.1694816731086453,-0.0088971148139454,-0.3028746162461319,3.628660230605482,25.44926253596636,0.0868681231741014,0.1198243838141279,0.5359349301941965,0.4565189989820128,-1.7746970234527546,51.6696753519725,14.640854339824488,[1.01542131 8.36798201],8.429365537573831,50.00744391512372,14.423706668378554,[ 2.02173197 10.29559229],10.492217155721104,25.56866332334498,0.187150719401101,0.03959881465761,0.5140102804185505,0.4509643278091,-1.7318167463875778,0.75,0.8773449578515956,Sec18_AA,80056,1.4081066296406437,0.2010581182694875,42,[15166.36678285 48107.78513134],Ring_Rand,0.58,0.42,8
1210,1210,8,57,Sec18_b,133,60.8390057950276,60.8390057950276,60.8987968689933,57.862476049588736,1.927093873597767,167.0,0.6493952343243635,-0.0945152881054884,[23250.84007865 50502.52713193],[23241.   50457.88],[23252.75857143 50502.34526316],[13.16469356  0.87552281],10.03681513876938,23.52977661328532,13.19377491816306,0.6032793306597407,0.875,1.2742735546942832,0.3478532972773755,-0.1920922275894697,-0.9153669388494102,7.257320461210963,14.121519382429083,0.1125105871492078,0.1348782009413582,0.434134832083585,0.5532065356957556,1.5679239817304416,44.40196279124224,16.851231715992263,[  1.18505013 -10.8367217 ],10.901324734281877,41.35295153541597,16.54047707916767,[  0.68833173 -11.38055601],11.40135323720674,19.144916106028727,0.2782428698923553,0.2271539957877077,0.3863433589220695,0.5362375464319964,1.6210219345144132,0.875,1.387981788863006,Sec18_AA,80057,6.957356642904561,0.4268659179329127,57,[23254.39519196 50496.40033703],Ring_Rand,0.6,0.4,8
1211,1211,8,58,Sec18_b,77,61.00922126953066,59.48546120587842,59.54216882257193,55.53458554193404,1.8557375479096825,91.0,0.6190614754592482,0.4692676286984748,[28139.45629675 41337.70635828],[28123.88 41308.25],[28141.11142857 41338.54558442],[-1.46663648  0.09950461],31.01539786089249,16.006813161818854,1.4700080764135963,0.1954456475262631,0.75,1.446955296833834,0.1808078028880309,-0.0190206073807129,-0.5382464930556079,4.233436935706394,18.7302000421826,0.0560794213693483,0.2283931744289802,0.407385905164974,0.5894691933339051,0.8318950971764282,43.46365311398849,14.578981878548625,[-7.48413166 -5.26398328],9.14995883423335,40.55846063936124,14.299839723018875,[-5.4423682  -3.80622895],6.641291324867258,18.09814365473909,0.2029800828265441,0.1628788327979873,0.4067014910853819,0.5520975948903474,0.5920765223554694,0.75,1.3575007886421575,Sec18_AA,80058,1.7150285967137526,0.292128008716281,43,[28138.34253806 41332.59903233],Ring_Rand,0.59,0.41,8
1212,1212,8,59,Sec18_b,46,71.18496590948787,71.18496590948787,71.90634258835044,62.00853669060543,7.257042072498363,63.0,0.6447200423675427,0.2712572678958809,[26000.29026978 57692.54530939],[25980.5  57689.25],[26007.28195652 57694.48978261],[-3.88292882 -7.69925457],37.7197013807497,20.21397869361288,8.622972642302623,0.3726052986595804,0.5,1.6274341947389843,0.3420836508050466,-0.0710384025303792,-0.5573292567477045,2.529066221331093,24.2801300163993,0.0783503833135118,0.3013910971865697,0.3782630291653635,0.6155981882692623,0.7900441251636031,52.2961063761803,17.50729256130749,[-10.11428736  -6.87219842],12.228079158112465,49.98114406207634,17.223896063207864,[-12.44133141  -7.39146861],14.47136950643431,24.441044373641247,0.2567749356674006,0.2519466724752754,0.3490042195967492,0.585062412816253,0.5715543808464868,0.3125,1.6763763300405168,Sec18_AA,80059,2.5271320889702173,0.5294570155512993,34,[26005.6831158  57694.38964692],Spot,0.35,0.65,8
1213,1213,8,60,Sec18_b,62,63.86215487813591,61.384433078691046,61.39219562935136,57.25130510359872,0.6973198693054085,68.0,0.6017402514040134,0.6145309448307849,[26078.26619262 45766.28931551],[26099.5  45753.25],[26077.69645161 45765.88725806],[-7.73649446  7.25383336],1.3577233561351903e-10,31.553030774348496,10.605255533927592,1.8816593858079376,0.625,0.9183655161595612,0.8718071944303076,-1.569030251946262,-0.9564667066986452,3.353761728286884,13.81720422284424,0.0868157595936872,0.2155837373609192,0.5173482402211939,0.4751147836649773,-1.217355382297714,43.33199565493359,17.502242748266653,[-2.92029376  5.95206665],6.629872777597522,39.7099566276908,17.116369578172158,[-4.21171425  4.76474534],6.3593502090094125,24.18368905050742,0.1938660426893116,0.2302864323049897,0.5066451425835504,0.4557708149084355,-1.1733125383571168,0.6875,0.8995858769795168,Sec18_AA,80060,14.816200820059931,1.8259958287356448,37,[26080.30197222 45767.8485427 ],Spot,0.48,0.52,8
1214,1214,8,61,Sec18_b,47,71.32756668050092,71.32756668050092,71.33411083868826,73.70109951082888,0.6901643492991568,64.0,0.6227521046204497,-1.080422147220822,[26396.09602678 45078.83181183],[26412. 45097.],[26396.42106383 45078.22297872],[ 2.37901788 -5.18446181],34.708035819333325,19.835256162153755,5.704241428892712,0.3777337063953596,0.3125,0.9410004180774592,0.3417533136785023,-0.0761237829954762,-0.5896874544148607,2.584045921794812,21.67620236958945,0.0665431916208987,0.166967674441755,0.5129169444667137,0.4826550591821905,-3.0204313654264707,53.28346895850757,18.86344467228148,[13.41108792 -7.97153642],15.60136763650221,48.36767311410896,17.96667357311755,[ 8.10172237 -0.9326655 ],8.155229624935584,25.64310534149304,0.2716582573761428,0.1145023667302911,0.4716647456149894,0.4545370455843678,2.650076092969793,0.5,0.963686707158303,Sec18_AA,80061,2.589611821975884,0.6603760129248456,32,[26402.82533365 45076.92412829],Ring_Rand,0.6,0.4,8
1215,1215,8,63,Sec18_b,53,63.79406793890056,60.63669417111527,58.4767586293239,54.99124407693192,2.762886882212579,70.0,0.5998934619373658,-0.6983607275382767,[21727.74008693 48657.62681853],[21742.62 48681.88],[21730.50296296 48657.61907407],[-12.86922487 -13.41379139],5e-324,25.39513699836188,18.58888775863161,1.5333586320804276,0.5,0.9906475081855232,0.7104241213890092,-1.0419186702007264,-0.9564722600896804,2.913924124577129,17.383393791817586,0.1516474609457097,0.1815946637886908,0.4907966094304956,0.4862064381582239,-2.429400608442487,42.87449099135046,15.201836658946856,[2.61736268 7.82182041],8.248118695456453,40.95363389589111,14.611000986190971,[7.67262275 7.11999712],10.467258418219368,21.67434697556636,0.2647517425449586,0.1769636919939159,0.4639575274964119,0.4659489873229959,-2.155410094278985,0.5625,1.0042923321824957,Sec18_AA,80063,11.163019341222368,0.4643937560883484,34,[21732.69099953 48663.59649995],Spot,0.47,0.53,8
1216,1216,8,64,Sec18_b,74,65.15434552229274,65.15434552229274,66.07122851969854,63.22708961428366,7.834984914091407,82.0,0.6286997022615394,-0.0191497349306946,[22005.29462945 48220.68213345],[21992.62 48228.75],[21997.46108108 48220.83216216],[6.26812281 0.6536791 ],28.302253148873707,18.874662068898616,6.30211550817707,0.330150615928743,0.5625,1.570844524886558,0.2860324207303275,-0.0626699115798831,-0.663638707035917,4.068497834315236,17.731316724762397,0.1120086291134639,0.2335031956290487,0.3840971546296426,0.6033569123744799,3.119886619528701,49.87336189618035,15.898581209447205,[17.80076922 -2.15017199],17.93015963573368,48.00798815890518,15.647657448644956,[19.19886824 -3.89332347],19.58965312078233,24.684312096952223,0.3848237851633455,0.1001518098617397,0.3156787134211053,0.5362319409514501,2.9841517325009894,0.75,1.698663603700557,Sec18_AA,80064,2.840062985333512,0.4608745008527621,43,[21997.83766634 48218.2874201 ],Ring_Rand,0.66,0.34,8
1217,1217,8,65,Sec18_b,63,62.75556240163577,62.75556240163577,64.29306327573872,59.21786898876505,9.983081939790583,72.0,0.5671512845369813,1.4775533259647735,[22285.35351161 48157.63330024],[22292.94 48171.41],[22286.28301587 48167.57301587],[-8.39092017 -8.54769714],39.53870242334278,12.2461592075601,11.977924183670378,0.1803967700558676,0.6875,1.0331785524925583,0.1760147433639527,-0.0100787743204224,-0.3174168055563973,3.463721129214323,20.057011450245856,0.1372262945991677,0.1234439374829542,0.4825788383748817,0.4985901056957005,1.041959890578516,47.97989288224936,13.275681663653383,[ -7.241454   -15.50209102],17.110040386864384,45.70975076365206,12.900712394350764,[ -9.69175942 -12.35163379],15.70009738454712,23.883522368195827,0.3568492017012207,0.1115294503394141,0.4645149288241741,0.4081437184210272,1.046616384260337,0.625,0.8786449973828844,Sec18_AA,80065,1.431854972661388,0.2207823202812216,37,[22280.76001704 48164.78564465],Ring_Rand,0.55,0.45,8
1218,1218,8,66,Sec18_b,62,66.593160329935,66.593160329935,66.64055634333228,58.228059768614095,1.7949400280491226,75.0,0.7145477387101907,1.3384796802281638,[22544.14244717 48091.51075237],[22513.56 48097.03],[22543.72919355 48089.76403226],[-4.0441047  28.14311531],4.952818556269039,14.540105842394214,28.43219517086389,0.492099118230671,0.5,0.4897830108846038,0.2717384028964654,-0.1237821980357186,-0.9256665811368412,3.4087414287506035,18.0582826017098,0.2165621647442751,0.4217674344816514,0.6397581539309816,0.313342674870292,-0.1254556716370832,50.90184411642751,14.770112877328168,[-17.93025783  -2.63202713],18.12240912939436,48.76150320232902,14.594602979041737,[-17.6416801   -4.10873865],18.113823724140083,25.53929545039563,0.3658242160219135,0.4691900109934264,0.5903758886905074,0.275796754281445,0.1658421869181791,0.5,0.4671545020125744,Sec18_AA,80066,3.8747923317425728,0.3385513448384387,38,[22534.99161174 48088.59744705],Spot,0.41,0.59,8
1219,1219,8,67,Sec18_b,52,55.22328626155096,55.22328626155096,57.44635584399861,53.96512560128995,11.304515402492264,56.0,0.6308691776534799,1.5554794798127654,[42061.38954955 45258.52238755],[42046.62 45268.88],[42061.56269231 45269.82557692],[ 0.36876038 10.16996032],27.548077270266617,16.012681383506802,10.17664370758987,0.2364012520590283,0.625,0.8321278039763945,0.2129857040772703,-0.0301158376354531,-0.5981288089322122,2.85894442411341,12.418757513536438,0.1042328831623222,0.1245022029390385,0.5398834644181918,0.4492520416494778,2.7098765019331963,40.37979777268833,16.11244402576004,[ 2.00931567 -8.40039064],8.637355630241318,37.51829098290546,15.06099585164243,[ 8.47394964 -2.59302469],8.861805657175147,13.528486032355335,0.2200614805115223,0.1958113486821308,0.5490788103045198,0.4024941344905571,2.105602575494961,0.75,0.7330352709610728,Sec18_AA,80067,1.704713671765427,0.2325033707286724,35,[42061.35397499 45270.18403913],Spot,0.47,0.53,8
1220,1220,8,68,Sec18_b,38,67.03732286073979,67.03732286073979,69.374251486493,61.21497971138693,12.753233143021363,52.0,0.5529528695695564,1.127933085415734,[37524.44459421 57798.61843451],[37494.25 57791.  ],[37518.97947368 57787.09552632],[  0.94750502 -12.34990377],38.60066989010561,14.567621977526263,12.386197511761033,0.2890713134236571,0.375,0.8863505102348813,0.2784917726683573,-0.031484604756288,-0.3910937543387282,2.089228617621338,18.03569601129203,0.1125802892263271,0.1818934671480552,0.5234052065725464,0.46392047190517,-0.0347228315942982,48.95200090940625,16.09246855607669,[-9.85156511  2.52716437],10.170540541389869,47.07838186039846,15.76528294343319,[-12.72071481   3.20048624],13.117152791278478,22.837261435051705,0.2447374664558605,0.0847371297424684,0.4855145780432275,0.4545889944695389,-0.2411678834857132,0.5,0.936303491239484,Sec18_AA,80068,1.7819552523254258,0.3880183449399628,26,[37515.39058759 57786.49221763],Ring_Rand,0.73,0.27,8
1221,1221,8,69,Sec18_b,83,75.01688913912051,73.30526672483388,73.30527210962462,77.41373101448988,0.0200696118973876,96.0,0.6140050135538455,1.5346634190663404,[31437.96903827 53144.97439386],[31447.12 53142.88],[31437.96831325 53144.95433735],[-3.25772949  6.88384582],37.38067208934488,18.56690281983761,7.615781953146323,0.2895065506992159,0.75,0.9017583337446676,0.2697161509558679,-0.0405202403233461,-0.5189274735243865,4.508335438024992,19.23888047161257,0.0634687677367201,0.0538868379821983,0.5237109772832487,0.4722607382387337,2.64179070933432,51.53889453518868,17.96231930287414,[ 0.31785909 -5.32106021],5.330545580568399,48.72927113403232,17.515947039056144,[ 4.06414682 -5.35339242],6.721316822299476,21.58378081852064,0.1118319572583315,0.070493585240882,0.5284859759475237,0.4590076373882469,2.1652851609883634,0.6875,0.8685332407644142,Sec18_AA,80069,2.6375302008723778,0.4041049742869338,52,[31434.3921313 53148.6340085],Ring_Rand,0.65,0.35,8
1222,1222,10,2,Sec18_c,54,68.74401427392677,68.74401427392677,68.99602962056247,58.39000501859474,4.208385997977191,67.0,0.6182560431623779,0.077255502150858,[20150.60972244 46715.28424211],[20124.64 46715.14],[20146.41388889 46714.95944444],[-11.27215747  -3.89609424],34.74457718426529,17.664895218003743,11.92648667348114,0.3051830413206028,0.4375,1.488458024126624,0.2831281210615821,-0.045854547214261,-0.5306876804359009,5.590495050862628,15.884143878713784,0.0980442883992572,0.2081784095619538,0.3979923743579642,0.592394943154319,1.4981946449681087,48.418233736766446,18.116729257742545,[ 3.63602839 -9.02120884],9.726402795903002,45.61233395810866,17.45558961527969,[ -2.38626449 -11.96283165],12.19850808089225,19.5793069652393,0.20214500861531,0.2925706544465647,0.3569915418392244,0.602145853652692,1.8642669930543256,0.4375,1.6867230258465784,Sec18_AA,100002,2.242628188158575,0.2826849295927511,38,[20148.35022604 46713.39792595],Ring_Rand,0.5,0.5,10
1223,1223,10,3,Sec18_c,109,70.69957265594223,70.69957265594223,75.16082886083828,68.22428079153885,18.22087585704583,110.0,0.6725449321263608,-1.5668316418526431,[24949.41517562 60247.60935909],[24964.64 60289.75],[24949.34293578 60265.83009174],[ 8.75586603 -2.9914245 ],5.8600911629290086e-21,34.29817379255373,9.252773121278912,2.0391711124214376,0.5625,0.7157512444408697,0.9445956286501348,-1.8425066243565216,-0.9565539212382396,11.497433217811816,14.32065564788674,0.1201964676070644,0.1541353018806924,0.5744147424447632,0.4111380667300209,1.8331789545868449,54.16418008872387,19.9466604753464,[  2.03955697 -19.4776652 ],19.58415774068717,50.144791301364,19.60040105232255,[  1.97241709 -18.5624949 ],18.66699349598068,24.02090278947424,0.3835054202920873,0.0558127035823284,0.526128997937678,0.3267945946689116,1.6760442410557923,0.75,0.6211301714026067,Sec18_AA,100003,21.289571437795903,0.7861528340257196,61,[24948.43727396 60263.92107155],Ring_Rand,0.51,0.49,10
1224,1224,10,4,Sec18_c,40,67.63720074254658,67.63720074254658,67.64680062566792,70.55362548030436,0.814007032918861,50.0,0.6107637097236279,-0.3223250315917658,[25427.28258687 60012.20439479],[25429.48 60016.31],[25426.5105  60012.46225],[8.11390269 2.48438171],29.86682812482294,19.98257636846839,8.485727390789908,0.4338008877144495,0.3125,1.0951518426990248,0.3754455615065006,-0.1083247782945293,-0.6651052837018181,4.1137605091253295,14.710791032489771,0.0482053190631876,0.1526389805867757,0.4761832659960272,0.521492981217989,-2.060806241055513,46.41824162208958,16.77108931865501,[-0.61479736  7.47020829],7.495464474963737,43.946735934185895,16.321464611098822,[ 1.0496066  10.73080778],10.782017887148715,18.07248618473228,0.1433289721867729,0.1184114059831464,0.4817673529140288,0.4976894528178543,-1.5983108104759387,0.4375,1.0330493542319106,Sec18_AA,100004,2.7435977123612307,0.6673088824429944,32,[25428.86687707 60010.61245081],Ring_Rand,0.58,0.42,10
1225,1225,10,7,Sec18_c,103,77.51345662952806,77.51345662952806,78.06027004741284,73.10389983294996,6.588092273549018,108.0,0.6453370628909596,0.3239484784123739,[20933.03098877 39933.15098854],[20957.14 39952.12],[20939.27640777 39935.24805825],[-4.92463278  4.94835125],45.879978254544376,18.53739606516549,6.981274097951633,0.3480027774216085,0.625,2.070218177219944,0.3332343726243144,-0.048746678072417,-0.42035142433856,10.759065946943169,27.396446413866705,0.0757679652773867,0.3846026720271474,0.3238399221315333,0.6704192933061913,1.875529149779572,54.8894339142713,16.9294931277692,[ 3.32870205 -5.98196667],6.845741932678181,52.573953890285416,16.637446317263578,[ 7.0734856  -5.61653534],9.032146349491688,27.87429492618409,0.1234944988153693,0.3460437637667134,0.3380469065281272,0.6467022022342136,2.0828380845016,0.6875,1.913054637523816,Sec18_AA,100007,3.531842452402828,0.513160234049611,56,[20940.97938283 39930.40388545],Ring_Rand,0.81,0.19,10
1226,1226,10,8,Sec18_c,33,51.27222696482045,51.27222696482045,56.31703783201198,51.086700165556174,16.64097923556434,35.0,0.7256788362397125,0.4859060508841842,[21672.76633728 40336.83543859],[21656.75 40313.84],[21658.05151515 40329.06393939],[ 1.85603808 -1.7084993 ],14.899290319826378,21.54573406895392,2.522666681317066,0.6491547935491241,0.3125,1.8468089905020844,0.4256757701838545,-0.241415977358491,-0.873652673493594,3.3753932382566805,13.90072853429848,0.0953180574953725,0.293220512008783,0.3480790145111014,0.6428354534042076,-2.4942964000901258,35.20235983852928,13.255245905198958,[1.42250208 5.51028245],5.6909335614156,32.67404607354832,13.014204111084773,[0.67643515 5.75005464],5.789705771117958,12.2778125653357,0.1621114411224962,0.3155772235694337,0.3362277241017971,0.6374921565553904,-2.2063442920181293,0.4375,1.8960130615593789,Sec18_AA,100008,3.729110378843404,0.4994250146006683,25,[21658.89647745 40328.28653173],Spot,0.46,0.54,10
1227,1227,10,9,Sec18_c,103,72.50834053112617,69.20778631419627,69.27912454263232,61.614026373848006,2.24510929714731,115.0,0.6303671382280576,-0.3535047323259982,[27437.91293993 44782.69179288],[27442.83 44770.22],[27440.0192233  44781.91456311],[3.83215698 0.40260205],29.344100170519376,18.22459202409893,3.853247396558399,0.298727680480474,0.875,1.4602280411499882,0.2643966759227918,-0.0497956200242242,-0.6304631199114744,10.653584908247648,18.67998294810562,0.0581458763271805,0.197257940436395,0.4050921460923976,0.5915269109737467,1.3526092438838666,48.666954223925806,18.038694408097992,[ 2.25661785 -9.00965488],9.287960229743456,44.87960267619992,17.548818960110545,[-0.70478368 -6.05871052],6.099565001157162,21.40261929236977,0.1705083042882961,0.1655986303328432,0.4186796636976944,0.5522472544710353,1.7082094727680317,0.8125,1.3190209660380894,Sec18_AA,100009,3.031754836687846,0.5696961994459357,53,[27438.45458205 44777.57593137],Ring_Rand,0.72,0.28,10
1228,1228,10,10,Sec18_c,79,68.9471095379234,67.23716677597974,67.78789770541069,58.9081976114748,6.1595487203006,82.0,0.6553706160418492,-1.5044996950116505,[27165.39941009 44081.88500466],[27168.61 44086.62],[27165.80746835 44075.73898734],[ 0.95600857 -4.42480738],32.71849337521446,18.53955177517424,4.526905426714699,0.2524456139956683,0.8125,0.7645275838162815,0.2288688986189828,-0.0338255238806186,-0.5854501508559927,8.33300205694618,18.985421731609552,0.0400457729494226,0.1369700465393382,0.5658150913739607,0.4325812446949227,-0.9761265190342876,49.38101426587847,18.9724843241994,[ 0.33922398 11.48129842],11.4863086421201,44.81284847241953,17.927170084272525,[-2.8072969   3.89160845],4.79849270164903,23.56135188137758,0.1992852410837207,0.1569483782822749,0.5774156556600255,0.3828697370261779,-1.469434049811272,0.8125,0.6630747422124044,Sec18_AA,100010,2.2437856969921053,0.315591797113355,47,[27167.60205136 44075.7023817 ],Spot,0.48,0.52,10
1229,1229,10,11,Sec18_c,79,62.73574599854936,62.73574599854936,62.93782335177794,65.87471162547075,3.599587721937973,80.0,0.5390323273695226,0.1158415672710685,[34594.78580302 61235.54432984],[34598.21 61219.12],[34598.36126582 61235.96037975],[ 15.97987656 -10.84261692],5.697340647455879e-65,22.7857503896997,19.31110552064279,1.2077486861327882,0.8125,1.0992768026902862,0.5595969009129879,-0.6464174941216706,-0.9564476995735804,8.227521018250659,16.996766870977673,0.1742374979100177,0.1204630940148313,0.4618930162422756,0.5077482780797811,2.120618413960316,46.434804209396354,14.923707066028731,[  9.2407342  -11.54348709],14.786590637592909,45.06215685085461,14.58643635757746,[ 12.76702506 -12.10918845],17.596288633613874,24.096715909447195,0.3661341961154337,0.2078458888331594,0.3896141240070399,0.4763316264278653,2.212615106629168,0.625,1.2225727895307474,Sec18_AA,100011,10.734705129605684,0.3423310657321464,49,[34599.34579687 61231.77779803],Ring_Rand,0.61,0.39,10
1230,1230,10,12,Sec18_c,49,73.8860340525916,64.98337232735156,62.257553854969856,52.85155296310221,1.598460550121366,52.0,0.6392843314344938,0.424223413915674,[25735.96797932 51435.59759699],[25759.75 51450.81],[25736.2278 51437.1748],[-1.03382804 -1.82730364],32.964051910638126,15.172427109797946,2.099485414547415,0.1949723017567718,0.625,1.4112194617728635,0.183841964385673,-0.0172475911926269,-0.4811836688483454,5.168570896080542,20.04510905578132,0.0442462985119918,0.2151729747977045,0.4139159793999719,0.5841262856680159,-1.9137551499730672,44.61776368369348,15.108141717983482,[0.45315803 1.55278786],1.617560614791751,41.9526791258551,14.811520645871772,[-0.98655733 -0.33190073],1.0408907086447134,21.075405114223184,0.064157364619403,0.2091836928674444,0.4176568238821054,0.5782270086829875,-1.945326360947208,0.625,1.3844548337757008,Sec18_AA,100012,1.364806112297403,0.3413669860325668,33,[25737.20529239 51435.98289377],Ring_Rand,0.6,0.4,10
1231,1231,10,14,Sec18_c,85,70.32207576178483,67.50865780163721,69.30428530431146,65.19699899026544,11.195504823206829,94.0,0.7199821371473192,1.0604136238049042,[30529.01145859 58931.65833582],[30530.73 58962.92],[30534.48058824 58941.42705882],[-6.29145629  2.56314577],38.49208531677823,18.77667902869748,6.79353652253901,0.2987563631299504,0.6875,0.7227793279503284,0.2791927098996745,-0.0425285472759923,-0.5098698244417585,8.965888289119308,21.259418409362,0.0934615357570518,0.3889413332878358,0.5753870651055977,0.4158778762283357,1.9397198056819829,50.19757478477539,14.71393350044182,[ -2.81577702 -13.6621448 ],13.949293921804848,47.47641171122751,14.51928975659721,[ -1.65875248 -11.69847305],11.815486934634594,25.0377301011166,0.2806277994692592,0.3434824425752344,0.5358804834670637,0.3853675546979774,1.3698959712424288,0.875,0.7191296689976634,Sec18_AA,100014,2.754397571775716,0.31563707649424,47,[30533.90867659 58936.83265618],Ring_Rand,0.65,0.35,10
1232,1232,10,16,Sec18_c,74,76.27548016497913,74.30292413772693,72.50632076326757,64.23282244806727,3.55621902621808,80.0,0.554832918992996,0.0859278577936504,[37741.07560971 47836.56349455],[37765.7  47827.89],[37744.61373333 47836.2052    ],[-3.42158833  6.2321369 ],30.7856900137812,19.443356052592648,7.109627068031053,0.309889194577945,0.4375,1.0827156686373631,0.2729541452588525,-0.05400304805351,-0.6384430235480465,7.594634786077531,18.27998287368797,0.1008957975900319,0.0520921194234398,0.4752545212646672,0.5145655167640042,1.7114159045234207,49.63464703420606,20.917034140245164,[-3.05556015 -2.27356127],3.808612438445338,45.54520707889403,20.131778042081816,[ 3.13840982 -3.901469  ],5.0071026159799485,16.067389832585327,0.1327384590793226,0.0480785398697303,0.475527091911557,0.5068534095696899,1.316713169192104,0.75,1.0658770408478837,Sec18_AA,100016,2.6657676485013457,0.5061224524053595,52,[37744.85833315 47832.86006125],Ring_Rand,0.68,0.32,10
1233,1233,10,17,Sec18_c,50,64.64243431418342,59.30444258144494,59.39978148629644,48.78908415258357,2.4029245280875307,53.0,0.5439848950980148,-0.6566046850562229,[37502.20708299 58207.66678026],[37492.67 58226.78],[37500.3038 58209.1336],[ 3.40160826 -5.67214384],34.17165393856977,14.52655674378538,6.613936386335809,0.1761781374471943,0.75,0.9904600914331314,0.1678019599532722,-0.0131067429491929,-0.4433490055022665,5.274051934776064,19.00844992843509,0.0986992660582358,0.0281440735842207,0.4975022906219533,0.4927561642576121,-0.1884721596485657,43.42603675877485,12.904528617681216,[-9.55379656  0.38633826],9.561604780294012,41.30665141656076,12.742371278795932,[-8.56173383  0.95278991],8.614586167020244,22.311601385123115,0.220998985299878,0.0779689760391613,0.484486019929585,0.4666734285668394,-0.0588178952265113,0.6875,0.963234044678246,Sec18_AA,100017,1.2457675568572677,0.1372567398875706,30,[37495.47352819 58211.09461245],Ring_Rand,0.51,0.49,10
1234,1234,10,18,Sec18_c,68,68.86900368124078,57.050359657339015,55.27272110490237,53.646290616872086,3.6001424612296944,88.0,0.5818707788107081,0.3009565476275416,[23315.8439952  48043.68670968],[23327.38 48042.14],[23312.24463768 48043.76188406],[1.10878941 0.67299921],29.143713234182503,16.761428292423975,1.297051228516294,0.2326735148728922,0.8125,1.470409270370259,0.2101822614346985,-0.0289933841580337,-0.5928651181244008,7.172710631295446,18.512870294403303,0.0557316419934614,0.1934312097265038,0.4035339391077093,0.5933600449730033,-1.2947464790609526,39.58212770268314,13.075540420978808,[2.54696857 2.7253163 ],3.7302007725419055,37.34695686079986,12.869234822925982,[1.4336927  2.05531968],2.5059556568787844,18.270399174179207,0.0894601579620159,0.1949504295638094,0.4026464430815847,0.5893504370558265,-1.898196386457759,0.8125,1.4636921477446443,Sec18_AA,100018,1.9186749562093128,0.274911329245298,38,[23311.97771894 48051.97645439],Ring_Rand,0.64,0.36,10
1235,1235,10,19,Sec18_c,86,76.77873655780009,76.77873655780009,77.69915111950947,71.80403315792228,8.517200402346317,81.0,0.6908281692612055,0.8149435893339227,[22601.46540028 47164.22878545],[22588.7  47169.88],[22595.62337209 47158.03093023],[-19.70187419  24.13757442],2.746645515815427e-17,18.62916380069708,31.157444465949528,0.9411566199174658,0.6875,0.9068377755126598,0.4359353064807674,-0.3924711265865909,-0.9565854407390992,8.860407250423787,17.91968812450169,0.2165827318271874,0.3429935783994653,0.4998285289465857,0.4532633913276869,-0.6566818434781846,55.33421866452871,17.032990679476587,[-11.28994079   9.22141277],14.577284263657509,53.35425810670364,16.478832279186573,[-16.24287039   4.32843319],16.809704708664842,27.12418038033002,0.3239859373702263,0.4163477844069926,0.4759223087948807,0.419110803591455,-0.6599461720012617,0.625,0.8806286148945562,Sec18_AA,100019,8.727927437624832,0.2985247818402065,48,[22591.21838436 47163.03371227],Ring_Rand,0.72,0.28,10
1236,1236,10,20,Sec18_c,31,64.93682578220331,64.93682578220331,65.89601915329189,74.93989701851481,8.001721676427579,33.0,0.5738781368375911,-1.2200882185120774,[22613.17619147 47470.7366361 ],[22611.75 47462.46],[22610.42709677 47478.25129032],[-6.33911378 12.69072577],41.85350121968259,15.326022794627974,14.185869169538355,0.2594511714936276,0.5625,0.9997216995958822,0.2505448582836592,-0.0246231219692184,-0.3787930358318224,3.269912199561159,21.41988000426988,0.139772465612869,0.0191018024016831,0.4903000542798722,0.4901636035766271,2.3752786991708583,47.74496611244759,14.056443572375498,[ 7.07761437 -8.83544054],11.32067288883729,46.79217028572474,13.635279056457158,[11.35615444 -9.74893056],14.966759531631334,24.640852154019072,0.2754839845399754,0.0196574221007023,0.4718911680302206,0.4522174062317579,2.3400517930203235,0.375,0.9583086882499086,Sec18_AA,100020,1.4445629865367202,0.281903936244732,22,[22606.74313843 47476.24649444],Ring_Rand,0.69,0.31,10
1237,1237,10,21,Sec18_c,43,60.7404202581646,58.12973269175165,58.20652705979974,52.38523846780505,2.1349819036617674,49.0,0.7229986570613274,1.1757840197319056,[23780.31739672 47030.83568713],[23770.73 47036.68],[23779.49581395 47028.86511628],[ 4.56294199 -5.17190104],28.37838243005551,15.214407291240864,6.89702834219237,0.2445219920243225,0.4375,0.5607535779945411,0.2244717951656547,-0.0306033659643292,-0.557557280096473,4.535684663907414,17.066767495163994,0.0581267166290014,0.4300629092885872,0.6385513375497242,0.3580699472642077,-1.3247885250224745,44.378148449315816,15.77974373396484,[ 7.69610388 13.64466452],15.665467911442128,40.88038920419,15.115886692841444,[ 2.43301019 13.0293338 ],13.254549325325216,22.536543020438604,0.3619989998211147,0.1755319492148134,0.5407541119506359,0.3282026121778766,-1.93137393435796,0.4375,0.6069350281849312,Sec18_AA,100021,1.603437930539359,0.4771342514909857,28,[23780.46044895 47033.0682162 ],Spot,0.45,0.55,10
1238,1238,10,23,Sec18_c,97,56.361475986597256,55.08369466686125,56.16160052680472,50.06757916116975,7.821736966524393,98.0,0.6694258365659612,-0.8166065358310715,[28973.77769567 58287.78642398],[28958.14 58287.23],[28968.42216495 58293.4871134 ],[-0.51988749 -2.23536776],3.1045138109191434e-16,22.24009982657032,2.2950276752511103,0.8054280921516003,0.75,0.9184517908117088,0.3730844675299699,-0.2874409021929255,-0.956565306817924,10.02069867607452,6.929902673101585,0.0675537590373763,0.1432779431294495,0.5188749044450811,0.476561585194839,-3.051201873275589,38.45071870293804,19.286356814998125,[ 3.09486632 -5.41072737],6.233311172581903,34.43107176247588,18.58136162048679,[ 5.75624781 -7.65343516],9.57650555625704,7.714918327050056,0.2005968711321268,0.0753477609047494,0.4999713451839038,0.4597895501080971,2.383723028939116,0.75,0.9196318039766324,Sec18_AA,100023,7.932546749173039,1.7412323670498469,49,[28966.94931804 58290.86635432],Spot,0.48,0.52,10
1239,1239,10,24,Sec18_c,61,63.90568419858215,61.92363043474227,60.19263323486211,57.99678912730596,1.7252812532877575,82.0,0.586307004693079,-0.4480289815444265,[29624.75576959 58253.61618103],[29609.7  58254.81],[29626.02870968 58252.4516129 ],[-4.04919092 -6.99172032],27.57858684727167,14.009161387771943,8.07961014742175,0.1932792409992624,0.5625,1.295026844431064,0.1793408895905021,-0.0183806014210338,-0.5302677152833226,6.328862321731276,13.315726302300767,0.1419946353774549,0.1516268396196475,0.4269394608179081,0.5528980627061154,1.1201923396402114,43.813282386974414,16.12559893153692,[  1.14801633 -14.49186299],14.53726364555362,40.61131295150207,15.648051893934191,[ -3.32245908 -12.89203019],13.313270697752891,16.7898286078266,0.3176610041751928,0.2104579403399956,0.4057468907401681,0.49334459568624,1.5175107028184247,0.625,1.2158924860429003,Sec18_AA,100024,1.509559129373974,0.2000522342462642,41,[29627.00984495 58253.34692314],Ring_Rand,0.61,0.39,10
1240,1240,10,25,Sec18_c,74,77.74145851460526,77.74145851460526,77.74222628250416,71.55190048475906,0.2467910191691919,74.0,0.5639030771082131,-0.7980728508983447,[33751.58538992 64040.62180816],[33753.82 64048.53],[33751.41310811 64040.79851351],[-4.17666198 -3.29983587],42.777481617972775,23.48062658754532,5.322914812240652,0.392907753711505,0.75,1.0557598564117654,0.3588474833722721,-0.0802863319398151,-0.569431007735631,7.805596863468573,28.267530730586607,0.0424938187430379,0.1919216461818511,0.485559766261287,0.5126345091073468,0.800513141624044,55.91673638406813,19.950359014879524,[-6.56805329 -0.06433447],6.56836836349602,52.47202727692833,19.600280800991843,[-7.11318087 -1.8301277 ],7.344842377295866,28.743596999576216,0.1343862759349108,0.1830387915603006,0.4888561750629744,0.4930841537773718,0.0873273324771387,0.75,1.0086487170052678,Sec18_AA,100025,3.379920297369441,1.3085211542679875,51,[33746.93041202 64038.69203425],Ring_Rand,0.73,0.27,10
1241,1241,10,26,Sec18_c,57,73.73918359505507,70.86515289823983,71.93132559416925,70.17665855284342,8.81342049594772,61.0,0.703096210880229,1.4453225157511942,[37752.23295404 49787.70044944],[37760.34 49790.09],[37751.13       49778.95631579],[-5.40891396  4.87874904],42.1334529565882,15.876735152522553,7.284129487783853,0.2333945151503609,0.5625,0.6570223864780581,0.2248805336919053,-0.0204939869315747,-0.3904666495118735,6.012419205644712,24.055471748382008,0.1197871130705804,0.227469773880065,0.5948326682762459,0.3908183792659702,2.813174635309044,52.0307465853168,14.664743157634428,[12.03206299 -0.49953218],12.042428003519666,49.79940821130226,14.319880826936709,[10.24261009 -4.23679891],11.084291879656591,26.29929953274417,0.2275762370156485,0.3281607477152656,0.6059868155877628,0.3422222407580345,2.9964845069604635,0.625,0.5647354562097263,Sec18_AA,100026,1.7620899474855158,0.2618954830547712,36,[37755.16005048 49777.08969347],Ring_Rand,0.52,0.48,10
1242,1242,10,28,Sec18_c,123,69.80216606043128,69.80216606043128,69.83994898892892,68.0856224508666,1.6406954797355613,125.0,0.5776334356250368,1.521333698018955,[38481.69242084 63667.44007098],[38495.02 63667.77],[38481.61130081 63665.80138211],[-2.20359519 -1.5908613 ],21.241174689709126,28.34016807516116,2.7178431586137672,0.6699412335757946,0.9375,0.7159678754258598,0.4510913881372742,-0.2606837885994318,-0.8626066056017715,12.868686720853594,20.141850837394024,0.0646132191599625,0.1837309435381856,0.58032854004487,0.4154965918649166,-2.5526760640600608,50.49419244992929,20.34549077534597,[5.6229395  8.93273831],10.555153352978255,45.854599505954056,19.87084506490641,[4.74533888 6.31303176],7.897633255224646,19.37396215233097,0.2258317416645661,0.0774284034704154,0.5208657533512381,0.4281342711055106,-2.200286941307613,0.6875,0.8219666360303106,Sec18_AA,100028,7.430007708121309,1.3191256809017924,67,[38483.91608484 63669.22724857],Ring_Rand,0.64,0.36,10
1243,1243,10,31,Sec18_c,45,53.91852515099957,49.20333088855184,49.22814511699922,43.53829981939367,1.1163216592781358,47.0,0.5756075521298903,-0.5822658834767287,[22331.94118278 64090.09121855],[22327.25 64076.8 ],[22332.87355556 64089.47733333],[3.79822656 4.02049911],3.9078281890332915e-09,24.716226581418542,5.530907525352095,1.249751144167154,0.5625,1.4111926384382676,0.5789787755812784,-0.6921087112782802,-0.9565069479475582,4.641165702602936,8.57329737905827,0.0756830968675221,0.1669379048025527,0.4123569610317542,0.5819151078167871,0.3342422371113492,34.79440912791264,15.401368858818934,[-4.35790299 -4.43357049],6.216740768250609,33.27276292491505,14.529427993876936,[-12.1273538   -0.20547377],12.129094348897056,9.927543879942291,0.2548375410541474,0.0607485649238835,0.4388010155181803,0.4962568121512954,0.6630777297548031,0.5,1.1309381578464797,Sec18_AA,100031,8.383585539947688,0.6395837835183518,29,[22331.99897081 64087.95728442],Ring_Rand,0.62,0.38,10
1244,1244,10,32,Sec18_c,38,59.65106606373468,55.57400948179805,52.68883249490502,54.57976380166591,2.2467948887478624,45.0,0.6038792815543974,1.0567381278494865,[40566.89892536 46674.9526679 ],[40573.98 46670.91],[40568.68179487 46673.58538462],[ 9.73852611 -3.92073601],8.500346280054497e-15,24.03210845808816,10.498145626911244,1.2868343211281723,0.4375,0.6987156180807628,0.5961365276950882,-0.7337763775643983,-0.9565228680050178,3.7973173930387656,13.02255972768258,0.2305145132573331,0.1883852661253074,0.5573993958138305,0.3894636633639043,1.776271943788964,35.16226157507516,12.880976547452496,[-4.01213952 -6.81190137],7.905647583395624,34.48099896542075,12.549641314939407,[ -5.0878621  -10.72684424],11.872300882820596,17.210605082830565,0.3756700950615024,0.1273797920660762,0.5128596325508916,0.3460123471255902,1.4781435098257982,0.375,0.6746726105241966,Sec18_AA,100032,7.932579508663583,0.724372353257619,27,[40566.35804011 46664.50554029],Ring_Rand,0.63,0.37,10
1245,1245,10,33,Sec18_c,93,55.90816535911425,52.764057747658114,51.75051925297005,49.13010354096933,1.4197446402257867,102.0,0.5885717274482491,0.5712747191221966,[17207.76020031 43608.54524364],[17201.5  43613.55],[17207.19202128 43607.24414894],[ 5.81270786 -2.7874429 ],2.6532772313036133e-16,24.50496410948489,6.446503749563699,0.8733904792659051,0.75,1.2460372049954722,0.404537211076597,-0.3379833024142156,-0.9565954605409804,9.387812443901392,8.05097447570469,0.1075763546098459,0.240055819770658,0.44007611527114,0.5483512126577166,2.15198958277015,35.387952290476505,15.732771347047382,[-7.57920235 -6.52269233],9.999491162297476,32.26659701517571,15.317694677616284,[-9.46230355 -6.49138923],11.474899682248036,10.114297638960844,0.3186639444582897,0.155906696263417,0.3961709473984941,0.5022823431037899,0.9657258091925812,0.75,1.2678424463027629,Sec18_AA,100033,8.422672760016647,1.198656519981924,45,[17205.80032423 43605.36781008],Spot,0.45,0.55,10
1246,1246,10,34,Sec18_c,127,69.77971670649423,67.3104788711101,76.2657062826906,63.555936442636096,26.151178341957493,136.0,0.7551816393094063,-1.2614721559927211,[17245.95197721 49778.58993242],[17219.45 49782.19],[17238.37109375 49803.61820312],[-1.28858702 -8.75618705],25.99748630973399,23.718720921845748,8.850495357822494,0.5435226901748589,0.75,0.6350493211320548,0.420791801997442,-0.1786548311117108,-0.7811416872857269,13.3960919143312,18.261640988416698,0.0948058157362107,0.3555401765071914,0.6061051764581923,0.3849066808443993,1.4629590733339657,55.03763198546149,17.338933366022815,[  9.67249651 -25.47397328],27.248495431226537,55.204280867634125,17.049523030904105,[ 12.02547574 -29.98685901],32.30826179060752,27.97381678905521,0.543854818686054,0.0763895418917759,0.4834314462711794,0.22079048992078,1.950595925664392,0.625,0.4567152005186859,Sec18_AA,100034,6.125189643703637,1.3591868636712066,56,[17238.27966803 49803.93010959],Ring_Rand,0.62,0.38,10
1247,1247,10,35,Sec18_c,100,42.42067710416801,39.78062826055731,39.20347181110346,39.62584058848116,2.6910814880085474,102.0,0.5731529450066312,1.5228278653489642,[19239.78402146 58752.71611755],[19248.06 58757.34],[19239.22722772 58750.08326733],[-2.74824749 -1.84124052],6.532555633297203e-09,20.37594084014802,3.3080252312506224,0.5577715435119996,1.0,0.8469944024979711,0.2583636697462977,-0.1378493811830937,-0.9565705866615486,10.337141792161084,8.025400368204057,0.0847221088259909,0.0845777680729438,0.5375339323894716,0.4552882318866052,-1.9181189835453063,28.26159284679705,11.094451319710412,[0.50117515 9.14213175],9.155858752932572,25.56490110780388,10.837733190643398,[0.15291811 7.38697572],7.388558335180798,10.756347327016194,0.3140609142423354,0.0681675699876313,0.507279986423295,0.3940857557219736,-1.676249613064597,0.8125,0.7768604444669192,Sec18_AA,100035,5.5777154351199965,0.2573533265660089,39,[19243.88872606 58754.76006142],Spot,0.39,0.61,10
1248,1248,10,36,Sec18_c,77,75.37395912310531,73.64672747584137,74.11159582212305,68.915961592238,5.919880350808047,81.0,0.6328715848240498,0.1417197998269811,[21300.31583278 57412.37669843],[21308.66 57407.95],[21306.17636364 57413.21285714],[-7.26225357  0.39073851],43.92396415186368,13.255111390470883,7.272757631782251,0.1642322035818272,0.875,1.5331729982883655,0.1604482653423082,-0.0081392194838446,-0.3088797333470489,8.122039979555138,25.844241898582723,0.05568114274471,0.2130262356769832,0.393537911155786,0.603361699186857,1.253772602185231,53.06939491204629,17.10930919692902,[-6.934861   -1.00141616],7.006791811054312,50.24023327613772,16.461389939514483,[-2.1332556 -4.8210036],5.271892938362394,26.01131672889308,0.1223969071056442,0.1977508314258047,0.3899661810775395,0.595052816053433,0.4763379884666637,0.6875,1.525908770881634,Sec18_AA,100036,1.4411317376934667,0.2819262427724441,46,[21306.22559052 57414.02037689],Ring_Rand,0.82,0.18,10
1249,1249,10,37,Sec18_c,60,63.34737377770392,59.81722099673506,60.004104485511455,57.270986863467954,3.3800606304212755,59.0,0.6349137442303889,-1.4736046717521505,[26199.3281634 63816.7378912],[26191.64 63809.77],[26199.00016667 63820.102     ],[ 7.23420656 12.57406107],1.697741922366995e-06,22.508277515176943,14.506576317715556,1.189398520456423,0.5,0.7580599865488684,0.55100387979287,-0.6268672063061598,-0.956518777508881,6.223381283035756,10.274846009767174,0.112066794183547,0.1555080477012122,0.5616651543158109,0.4257758793256117,0.5365586487712556,45.57975198432831,16.593317609851937,[-12.2086822  -15.24865047],19.53390032863561,42.18184670008145,16.233465447690303,[-15.09993615 -11.35151673],18.890870909638,17.770634720832774,0.4394198849205649,0.347357513136246,0.4681435746756529,0.3387665900607446,0.933481265241904,0.4375,0.7236382349057221,Sec18_AA,100037,9.213041323462935,0.5420875473491277,34,[26194.92645758 63816.01111034],Ring_Rand,0.62,0.38,10
1250,1250,10,38,Sec18_c,44,72.28031985715612,65.77974013057833,63.33133618676733,64.27891486875178,7.016711724468944,53.0,0.6082920469486186,0.3863223565500993,[33604.53414364 46548.1167361 ],[33600.06 46554.27],[33597.52444444 46547.80311111],[-0.39504944 -4.1937104 ],25.43183481309156,19.474426683397105,4.212276220285302,0.3972270859556856,0.5625,1.0978475220383028,0.3283669847508747,-0.0941311215500284,-0.7216637552015903,4.641165702602936,14.863042171029276,0.166136905168315,0.1695648088838396,0.4635220236579902,0.5088765050831041,-1.3629626556596508,46.76428419559938,16.96005600704218,[ 4.45929195 10.84832272],11.729083105491464,43.39965765770999,16.403105675749995,[-1.07302555 10.08621334],10.14312986475016,21.691870399070154,0.3130678862723584,0.2310013282125029,0.4062821349444699,0.4957063636404878,-1.7503341725120043,0.5625,1.2201037678120903,Sec18_AA,100038,2.6349064013625245,0.8810391437990496,34,[33596.73799068 46557.46187602],Ring_Rand,0.59,0.41,10
1251,1251,10,39,Sec18_c,79,75.70503177143362,73.68188743242068,74.11533643885969,65.88056346742661,5.717077882185902,81.0,0.5711950277804049,-1.0019969576943035,[33941.22509304 46569.54121786],[33968.81 46563.25],[33944.30443038 46564.7243038 ],[-1.10567047 12.16146158],34.564511837417605,23.066909332623634,12.211619666056755,0.3883579140734962,0.6875,1.0296103771071274,0.336385626251398,-0.0867382636532077,-0.6639588043616577,8.33300205694618,23.869374658382,0.0097492441657052,0.0903479293858538,0.4926585730525264,0.5072463791856711,2.5401884787759954,53.36652951667684,21.205660334938084,[-8.71652523  1.449215  ],8.836177687308492,48.67011725582088,20.115079412842707,[ 1.09371531 -1.51396302],1.8676983687642248,28.074766590023582,0.1304693525489408,0.1009024808185293,0.4812832362218302,0.50169451182363,-0.1970533006135277,0.625,1.0424101112725894,Sec18_AA,100039,3.451800643788376,1.1390379299667497,51,[33940.77567998 46564.20813597],Ring_Rand,0.68,0.32,10
1252,1252,10,40,Sec18_c,109,68.94776074360246,67.76955505223418,69.57674841933122,58.98137049674115,11.253374292801237,116.0,0.678358872933013,-1.5522575582786036,[19575.89338239 48308.70883469],[19577.34 48320.88],[19575.68477064 48319.96027523],[-3.67937192  4.95890442],26.811893257436225,15.802070687673869,6.174828800398099,0.2148135218454401,0.8125,0.6444889989277652,0.1928514985085637,-0.0250631001576876,-0.6049927307762607,11.391952179116297,17.208592573395126,0.1112857802052628,0.2263069919674942,0.6005607065587232,0.3870547685653828,0.0418930865718467,50.12549281412569,19.748435294737305,[-14.65543775   0.79949078],14.677228656438432,44.975858961262645,19.058485093238698,[-9.55192919  2.75460682],9.941187558176653,22.19722456393025,0.3055483419640897,0.309569699906832,0.5610316969789688,0.3456085137440268,-0.0750281127942462,0.625,0.6160231509289973,Sec18_AA,100040,2.242719010324947,0.3995710190789135,60,[19571.26116783 48321.57977753],Ring_Rand,0.62,0.38,10
1253,1253,10,41,Sec18_c,53,61.598594098328846,61.598594098328846,63.11060073821716,48.59432495862763,9.808397345829528,53.0,0.6448726199391787,0.5515701614480526,[21435.92578347 45508.91015276],[21451.47 45526.78],[21444.27962264 45514.05      ],[-3.06512686 -8.95343073],27.585185783257483,15.49120678268643,9.46355770827378,0.287565131000139,0.4375,1.4657459893650215,0.2612672576088104,-0.0436434222827161,-0.5808949319678084,5.485014012167106,15.812678059997756,0.0922882795989633,0.4166146008355941,0.4021026000751967,0.5893802733734669,-1.3048663915509673,47.65663032119574,20.23046429803902,[12.43413972 15.49743107],19.86902615690348,42.045761410006335,18.187354032626704,[-17.88474017  -4.90507499],18.545179742602752,21.286166463366246,0.47339676656677,0.2095230288960995,0.319707015594933,0.4561884858091941,-2.2721219802218955,0.4375,1.4268954497613602,Sec18_AA,100041,2.0935057540063595,0.4435274681143636,31,[21445.71563216 45518.65139163],Ring_Rand,0.61,0.39,10
1254,1254,10,42,Sec18_c,118,76.03903899452605,74.2427231043651,74.32902536882993,69.85657089157488,2.557709267750312,126.0,0.5543720533809328,-0.5788801946156508,[23286.81150502 51580.34757513],[23321.52 51589.45],[23284.67050847 51581.74686441],[2.47563175 5.27134099],42.50706135266214,19.478366878307387,5.823726338339093,0.2439256636537641,0.875,1.2089770510918,0.2301431610328885,-0.0268902736230646,-0.4790045649614669,12.341281527375989,25.680561232314965,0.0923612872077265,0.0992005576204859,0.4488364386290442,0.5426329539962876,-2.590182542107501,53.13301467684322,16.2153639762735,[8.25397913 3.54733782],8.983973346129321,50.92047763369807,15.997899869941053,[9.73929605 3.33508907],10.294498852743764,26.99252963692808,0.1996115107813559,0.0764446716017441,0.4538172080619134,0.5063380367016712,-2.694028423277855,1.0,1.1157312409197857,Sec18_AA,100042,2.649710940441175,0.3437086844733383,63,[23283.07299953 51586.572643  ],Ring_Rand,0.76,0.24,10
1255,1255,10,44,Sec18_c,57,64.30530412380362,64.30530412380362,64.74402416618355,55.22353672700872,5.374568173279302,59.0,0.6174703502018168,-0.353137947868093,[31165.01940606 47605.6570283 ],[31164.25 47611.  ],[31159.97649123 47607.51578947],[ -5.71951892 -11.51017483],34.82319570847389,12.96910415927413,12.85289933554639,0.170254678523326,0.4375,1.595826684860537,0.1641968809782805,-0.0107806892579156,-0.3856404402638841,6.012419205644712,18.702451018096465,0.0591401064665488,0.242866817144686,0.3838863563653762,0.6126160914417491,-0.6340326293973019,46.98563486403135,16.931661003923235,[-2.09935486  9.66751723],9.892834795081905,44.003543796316336,15.65381557554167,[-7.76704989  3.35336275],8.460029888241666,23.76656202435334,0.1738962636382311,0.1676266826104764,0.4145531954193489,0.5552068940733139,-0.9949727071904052,0.5625,1.3392898672791176,Sec18_AA,100044,1.2853946346813578,0.4046111498819934,38,[31160.64788194 47614.98039682],Ring_Rand,0.64,0.36,10
1256,1256,10,45,Sec18_c,43,58.271388059706375,54.35945884517647,54.48277230676446,54.05985653633162,2.616832511455052,46.0,0.6029273394560342,-0.8095116301468985,[16583.83523779 48806.49143358],[16588.8  48796.08],[16585.64046512 48804.59697674],[ -5.13861631 -16.26761692],5e-324,13.93793815515225,17.059916109578698,0.8076493525023958,0.375,0.7762774504977381,0.374402900908837,-0.289152163598053,-0.9562344635818908,4.535684663907414,10.521442130083184,0.1487792049401307,0.2203712232967631,0.5505135179773696,0.4273512302000131,-2.8777423599166605,40.9958392295768,15.419672775210593,[12.1261654   5.09774509],13.154120735762003,40.12303478868238,14.786304693210464,[17.87132929 -1.21670652],17.91269900048847,19.79790863325793,0.3640144445281779,0.3108177906958683,0.4212111222582518,0.4462823619165902,-2.753225887355033,0.4375,1.0595217892726174,Sec18_AA,100045,5.296110978226777,0.3348349992592562,29,[16588.34295989 48806.02288605],Ring_Rand,0.53,0.47,10
1257,1257,10,46,Sec18_c,60,52.692136755561535,50.64696275809868,49.07650298996344,44.089048115257285,2.2008662866642608,63.0,0.747994352175978,-0.3359575713771038,[32611.41030848 51853.43387088],[32613.8  51876.45],[32609.25016393 51853.01245902],[10.63282779  4.29238958],8.531952186442731e-24,23.813397772042908,11.466544161635907,1.2225043754781348,0.625,1.8103558874932024,0.5665554871329085,-0.6623871386329738,-0.9563547495137532,6.328862321731276,9.391696862010486,0.1137920297099881,0.358707455952873,0.3512193520995368,0.6358320218749446,1.239847473295067,36.08363473401317,14.816496991148012,[-6.86088916 -2.7538916 ],7.392950634093133,32.75716439227516,14.13989129793146,[ 2.85492861 -5.67303565],6.350901576683424,11.723091491872829,0.2697246602544725,0.3503383413396415,0.3084367187831544,0.618811888867455,0.5640612889395901,0.5625,2.00628476177802,Sec18_AA,100046,9.469478173785031,0.7316508068979193,29,[32603.4040903  51848.85809545],Spot,0.35,0.65,10
1258,1258,10,47,Sec18_c,53,59.36737787476923,54.71302544683896,56.35686549213503,52.259184567416256,9.651613340666456,62.0,0.6020890166624292,-1.1972228523113089,[38901.56532462 58496.67934944],[38919.86 58503.14],[38898.04301887 58505.66528302],[ 5.59188388 -2.78670014],8.625081030429917e-15,28.32234003121502,6.247788646251602,1.496504570439178,0.5625,0.8483404997804144,0.6931953422005089,-0.9923150746153862,-0.9565681258471594,5.590495050862628,13.361853840112175,0.1108316268431527,0.0979235493718202,0.5343800834362729,0.4533362670550273,2.19883537226653,41.68559574562667,15.638000545831922,[  3.37670943 -14.10613612],14.504662798541736,38.41601172472983,15.32793747817115,[  4.63356372 -12.72643162],13.54370608948062,17.48219310335354,0.3699352068094237,0.0379188370720211,0.4952302373843165,0.3679177053785523,1.8432027845024803,0.6875,0.7429225390634517,Sec18_AA,100047,10.894717722607751,0.6820356251972659,34,[38900.00522821 58507.69919357],Ring_Rand,0.62,0.38,10
1259,1259,10,48,Sec18_c,49,58.13778273017213,54.495318200702734,54.58862037440348,50.23682210491163,2.278758230695902,50.0,0.5332762024468304,0.4787201673329317,[21339.96067323 50552.03112095],[21326.81 50526.47],[21341.98326531 50553.08081633],[ 3.41597269 -5.58647075],5.4037936250138756e-27,23.81290455845298,6.548093222683891,1.179413542952054,0.4375,1.098110575705513,0.5462917660928601,-0.6163327464500041,-0.9565870072107924,5.0630898573850205,8.145421917768642,0.1379758428333561,0.1362713464070126,0.4675457424185403,0.5134169243758847,2.5983880686368512,38.58102947389192,17.58223418632606,[ 6.77867747 -0.57979881],6.803428170581058,35.68260437438076,16.80397335312485,[ 7.77547399 -7.21910301],10.610063341140314,8.708644460355005,0.2745431919808742,0.1087819973402544,0.4471515045599725,0.4774745311769804,2.952224826004561,0.625,1.0678137640325014,Sec18_AA,100048,8.255894800664379,1.876391094800103,32,[21343.68148789 50555.99548196],Spot,0.45,0.55,10
1260,1260,10,49,Sec18_c,87,75.84972102062467,74.05237656723433,74.22665088660132,68.31998727580962,3.631019041333838,86.0,0.7520306152281598,0.2386123974172419,[27730.96933033 52407.79926333],[27734.73 52421.46],[27734.49747126 52408.65747126],[ 5.61491081 -0.96038235],38.495213267278416,19.100766517303686,5.696451323625862,0.3344820695986586,0.6875,1.6214430451943824,0.3116733802709236,-0.0540439613785374,-0.5184114940864082,8.965888289119308,22.04724019387778,0.109280103744097,0.2824991120923656,0.3769137234306817,0.6111441354949978,-1.4543983132387706,52.05019657404442,18.16256893076727,[2.52230743 9.5370459 ],9.864952068411284,49.3686714287938,17.793769359330803,[ 1.65634462 11.78959527],11.9053783681382,25.423786894892928,0.2281973123852364,0.3840614454072818,0.3235587758419577,0.6243672107781971,-1.7760326672839817,0.625,1.929687146186909,Sec18_AA,100049,3.119841049608324,0.7079158498708037,49,[27734.16173516 52413.45436964],Ring_Rand,0.51,0.49,10
1261,1261,10,50,Sec18_c,65,65.29069404487524,65.29069404487524,66.61726785269255,63.57342539749272,9.448724330689918,70.0,0.5840237789856965,0.333674040929474,[29032.88057   44009.5006164],[29032.86 43998.83],[29041.80815385 44012.59523077],[-5.85013559  3.813946  ],28.94291875759553,21.951064257098835,6.9835714667689714,0.4252833914292508,0.6875,1.393866356488754,0.3527758446423079,-0.1077116756682893,-0.7179356500405725,6.750786476513361,18.3971992181154,0.0811099669276626,0.2083282196363162,0.4149860624308668,0.5784351108341268,1.3945121847873518,46.2814266645256,16.782474058164034,[-4.98342542 -6.95621402],8.557069729901055,44.10770647040722,16.269535219790903,[ -5.79465769 -10.76569364],12.226128466203212,19.004362136987496,0.2240503382200725,0.2054439135430391,0.3804596719473118,0.5693417739961593,0.9182264686879926,0.75,1.4964576168666963,Sec18_AA,100050,3.428744317773162,0.3134337217448713,43,[29036.9409899 44010.9875151],Ring_Rand,0.72,0.28,10
1262,1262,10,51,Sec18_c,60,69.80057249401476,69.80057249401476,70.22705252133565,62.13747868088552,5.519861417882778,62.0,0.6452925340047231,1.0419591523413092,[19134.21723261 48072.64218293],[19171.23 48080.45],[19137.00216667 48077.408     ],[-2.01724111  2.14317014],37.4721028035509,19.89560239819212,2.943202328556326,0.3458768083100349,0.6875,0.9455169320481976,0.3181626088222322,-0.060813179456484,-0.552620673946985,6.328862321731276,22.594413459279817,0.0853389945501473,0.2259838685459505,0.5102588621339106,0.4824583938752594,2.160591110902732,51.01431464472875,16.38748793001695,[  3.43069452 -10.24281036],10.802075218796492,47.86350284725638,16.066089058428414,[ 3.39263049 -7.19365773],7.953530860023631,25.65835663528289,0.1982968842339422,0.2795986591282322,0.5219504045632253,0.4387279411398853,1.887035575526103,0.625,0.8405548444914386,Sec18_AA,100051,2.679150236848281,0.6126584250987057,38,[19138.68776231 48075.90708346],Ring_Rand,0.77,0.23,10
1263,1263,10,52,Sec18_c,69,76.9207178886209,76.9207178886209,77.07455841214119,71.82871272199218,3.476650534874344,79.0,0.5587306088114381,-0.9856044054584572,[18985.2628243  48260.95749511],[18982.56 48271.86],[18983.34246377 48263.85565217],[-4.33920754 -1.04821512],47.12843027437541,14.969943315228567,4.46402027494812,0.1932942880065457,0.6875,0.7604057244655751,0.1883513173265707,-0.0118667571714494,-0.3259450372938478,7.278191669990967,27.04933386604614,0.0328106686263396,0.1429573625132091,0.5674393386374303,0.431484121386862,1.5102596790073524,55.2922404249851,17.206252209878457,[ 1.67096387 -5.9720878 ],6.201447653533328,52.517996880115405,16.94469573332014,[-0.11762863 -5.14538385],5.146728232017735,27.1189019040204,0.1094088587581253,0.1064141435253196,0.5438365147362172,0.4441931868890273,1.713735523711273,0.6875,0.8167770549656437,Sec18_AA,100052,1.605622945320932,0.2579801132783489,48,[18983.84652997 48260.00749144],Ring_Rand,0.74,0.26,10
1264,1264,10,53,Sec18_c,92,59.89371670036104,51.70976214210325,48.20534209941064,52.83413573249341,2.6647130911689896,104.0,0.5440485914690609,-0.3864736664127252,[31116.91516287 46807.59000973],[31121.41 46811.44],[31119.09263158 46806.054     ],[5.50902262 4.58770112],1.2963611218721104e-14,22.22807817741245,7.169123500983995,0.750816554938972,0.75,0.9829841906697522,0.347820351565873,-0.249795774734215,-0.956524852571972,9.598774521292436,8.1333960935187,0.1023861338069736,0.0689408978193993,0.4990040184182465,0.4905130611858141,0.9855427598156032,35.87984398545123,14.808883437636924,[-10.06430868  -6.93560519],12.222639998228695,32.2240932764555,14.425948448281789,[-10.24539469  -3.80542886],10.929290970231229,11.11927873349334,0.3701215449816313,0.2199607230019832,0.4690771880368851,0.3939328539035249,0.7220236018357257,0.8125,0.8398039042404866,Sec18_AA,100053,7.201579404802756,1.4003489035020908,50,[31123.06591354 46796.88512192],Ring_Rand,0.52,0.48,10
1265,1265,10,54,Sec18_c,76,63.26063129214386,61.43577547459847,60.14975613967864,59.91664536326556,3.9273245818424014,82.0,0.6339084617961298,-1.5395637590400468,[29970.46853136 46789.5340759 ],[29980.   46781.36],[29971.71519481 46785.80987013],[ 1.72462804 -1.47451179],32.281958872963735,17.14435297826277,2.2690365561664247,0.2161443202822402,0.8125,0.59564910429642,0.1988139356154432,-0.0237551021063004,-0.5527977302005539,8.016558940859616,19.801905543608942,0.0577942919651328,0.2556337027613716,0.6246108979302893,0.3720489218859595,-2.9112977271016085,43.20259167028812,14.001218309235757,[3.80471049 3.05739189],4.880928919374248,40.85098107865867,13.756143158541226,[2.22989332 3.8359197 ],4.436970157570261,20.18533027989806,0.1210865799050785,0.2669340526135029,0.623763614377605,0.3615744257892861,-2.5204501564226223,0.8125,0.579665785972571,Sec18_AA,100054,1.8843024986611483,0.4627640766372108,42,[29974.18762924 46785.34691702],Ring_Rand,0.52,0.48,10
1266,1266,10,55,Sec18_c,64,60.538027287130014,54.93918456759632,67.56128774358014,59.38134660132234,29.874635516792416,68.0,0.763476296389622,0.6654984409312001,[17129.47468795 60731.86708425],[17117.66 60737.3 ],[17105.13707692 60714.54153846],[-13.11203624   9.70545565],3.701545216912429e-25,20.05197544959429,16.313226646998633,0.9493449768671508,0.625,0.8186356409844413,0.4398191400680755,-0.399375506485422,-0.9564961898404868,6.750786476513361,10.871418175311993,0.1664568277603045,0.3318519803353826,0.534627224156713,0.4376649003352633,-1.335284019093947,49.28765380143474,14.056956230749709,[18.8465826  24.73708121],31.09850257164917,44.27062380626864,13.450653885915823,[ 9.98638097 23.79248118],25.8032936923964,24.971474363507905,0.6730902624075438,0.2857063984852512,0.2397833499055624,0.3071661487465815,-2.11930034446812,0.5,1.2810153368345114,Sec18_AA,100055,7.594759814937205,1.8307480470479784,35,[17101.77447993 60725.04339918],Ring_Rand,0.7,0.3,10
1267,1267,10,56,Sec18_c,52,74.94163114106117,74.94163114106117,78.63111607339206,71.912791689798,17.002465860545946,57.0,0.6344085524615558,-0.6864663726265148,[17217.41683144 60231.36898979],[17243.44 60248.62],[17230.56807692 60220.59269231],[13.61108672 10.41348421],34.36157353399768,15.722821978082028,17.137745918358643,0.2806094131336345,0.375,1.1794587883673235,0.2648106338771065,-0.0355446810394308,-0.4783402928432742,5.485014012167106,20.21631549036328,0.0676379224361923,0.0789895382186097,0.4567304125049359,0.5386946989435797,-0.3910080316081265,55.71284354011222,19.63136549552385,[-15.37886701  -1.40665981],15.44306454126396,52.03218360217203,19.311006855189632,[-14.65265384  -0.36077645],14.657094671051436,28.929383850102788,0.2908549538639517,0.1072175167182636,0.4113009313188986,0.5041024644938998,0.0704258179547099,0.5,1.2256292804332318,Sec18_AA,100056,2.0235032548623546,0.505192205453691,37,[17232.93848031 60218.18763327],Ring_Rand,0.71,0.29,10
1268,1268,10,57,Sec18_c,34,57.985858711930575,53.77236015706907,53.789626559054376,50.55358625510669,0.9734245516027772,36.0,0.656177750833637,0.2763020471200216,[34128.85320253 44249.77680289],[34127.75 44252.83],[34129.78970588 44250.04235294],[4.44265086 2.64908073],26.709753717688248,16.749450941023934,5.172501853051425,0.2605548337216322,0.625,1.3967672802437925,0.2299731333867248,-0.0380541665112017,-0.6350764042542554,3.586355315647723,11.79992822450819,0.0993780440947441,0.1935229878689009,0.4131081112936382,0.577015893058265,-2.25294648994687,39.6618009724231,13.28831701058612,[8.60653376 4.87318297],9.89041634756633,37.37586764873623,13.017965512449646,[7.045177   6.44594985],9.549072646607796,16.840843496597852,0.2618357913053625,0.1129771963014097,0.4003835516162306,0.531058466775264,-2.52729154461504,0.4375,1.3263743343889558,Sec18_AA,100057,1.5192827014002537,0.2243336299566483,26,[34129.33021119 44256.09029441],Ring_Rand,0.73,0.27,10
1269,1269,10,58,Sec18_c,60,62.23928136247982,54.87949396340137,50.86658199521824,43.89729795289989,9.580573030374882,68.0,0.7117556705500935,0.3366150847058964,[21473.54171813 60943.85602239],[21482.83 60926.16],[21482.91555556 60945.83555556],[5.38254323 0.65911443],4.1160727145402615e-18,23.382675898328262,5.4227486973590535,1.0876585717924263,0.5,1.5197111220779194,0.5038227864732986,-0.5241828964376516,-0.9565605234309822,6.328862321731276,7.39388741105016,0.0964761162903861,0.3395823127416394,0.3931769599717185,0.5975153990138055,1.195909073102069,39.154674414085534,15.00180105492825,[-14.49702892  -8.5767216 ],16.844108791777327,41.9099655223631,14.407302047471491,[-23.31636318 -12.47176726],26.44234804792833,14.656300934500878,0.5176933989121418,0.1031849717288589,0.2614870791395355,0.4705064655832585,0.5824062770644168,0.625,1.7993488134539348,Sec18_AA,100058,8.424967069823625,1.979687449395684,40,[21474.59752826 60942.49037565],Spot,0.39,0.61,10
1270,1270,10,59,Sec18_c,75,62.29944163289343,62.29944163289343,63.49536036460484,51.84668887552134,8.761009402200436,77.0,0.6206137623086789,-0.0168675368608639,[27726.68429645 49670.74076369],[27707.25 49682.53],[27717.92453333 49670.88853333],[ 1.60995507 -2.40509164],3.2866134581693305e-15,28.8314226497162,2.894204749634356,1.442022441445798,0.6875,1.5073153445713154,0.6680341584605827,-0.92143441949081,-0.9565193104348858,7.805596863468573,9.58511258632196,0.066419603513203,0.2130586975796757,0.3970734827690245,0.5985149535001245,2.1409998721784715,43.56372823762552,21.581074269107656,[-0.77345292 -0.42035522],0.8802999068001565,38.64193929051353,20.77213411309644,[ 0.56164699 -4.3251852 ],4.361499099013265,9.541558610683056,0.0680685601314413,0.2111608040482614,0.3974516100126563,0.5979150611089761,1.7949149676159988,0.6875,1.504371968929592,Sec18_AA,100059,12.488280671193197,2.0607070531966087,47,[27718.15403529 49669.16997966],Ring_Rand,0.52,0.48,10
1271,1271,10,60,Sec18_c,50,76.76835539363957,73.59148527332351,68.38882394552292,72.10951226982347,3.132096328340854,58.0,0.6234768035894341,1.4140064255195537,[27912.2694109  49224.62427328],[27899.05 49198.16],[27912.98692308 49227.67307692],[5.91640576 3.23945287],32.41392438991406,14.04253214150734,6.745214003614342,0.1769310492229018,0.375,0.680347607563147,0.1681493838995824,-0.0134520555898307,-0.4521570638379615,5.274051934776064,20.54871836745925,0.1332575485535846,0.1845959210886606,0.5845471623445487,0.3976952634089402,0.8496119755643963,53.79551595830711,19.48795235853196,[-14.60829998 -13.86770084],20.142382052426694,45.765089686812665,17.52152818475868,[-6.86122207  0.03003818],6.8612878191762405,25.16192321222833,0.4098019849459429,0.2208208996647298,0.5471952764382827,0.2848670566960825,0.9177845004399684,0.4375,0.5205948752889357,Sec18_AA,100060,1.2510914470796468,0.2523113808340751,38,[27909.11573109 49221.11619982],Spot,0.33,0.67,10
1272,1272,10,61,Sec18_c,287,74.4018686035832,73.01984626047678,71.67233830913037,69.01241998058686,2.3840638273831853,313.0,0.5544510869663497,-0.1876594361604529,[22018.79207191 63674.83048497],[22017.19 63676.52],[22021.0512069  63674.06886207],[ 1.89973456 -4.8245743 ],21.472271670679905,25.78985108524667,5.185123779512957,0.4006620623319493,1.0,1.1928792040491607,0.2798249867562841,-0.0947782680656098,-0.8453645935930327,29.640171873441474,15.20540327484084,0.0591637788650806,0.0955761401332016,0.4544252348375428,0.542074412432861,2.6881135759079644,51.18956541059304,21.592944039709515,[11.67670961 -1.72239422],11.803058467827746,45.27051971339316,20.794874143011995,[5.21118362 1.13789102],5.333969509082068,16.471807225627717,0.253636097839194,0.0395862340698059,0.4306204067705988,0.505048323102308,2.943908859962677,1.0,1.172838804574718,Sec18_AA,100061,6.78764578562627,0.9728464835178195,110,[22026.32428215 63668.71332438],Spot,0.48,0.52,10
1273,1273,10,62,Sec18_c,275,73.2712211903162,69.13839030864276,67.89390826625412,58.93800541433604,6.604173393059323,292.0,0.6390983547164767,-1.5697016862085953,[22737.14832049 64122.17521932],[22758.2  64138.62],[22738.50483871 64115.7118638 ],[  0.34939142 -28.47312462],2.914428390147491e-11,18.190278878906383,28.475268214060296,0.739408981138027,0.9375,0.6296492451556371,0.3425123218163227,-0.2422537998916172,-0.9565544067387548,28.163437331704177,18.386876064732483,0.2296151337911825,0.2735011579706323,0.5812765496317517,0.3660003407023057,-3.067724640467684,48.78203648556607,16.15617104081988,[14.05837682 -3.49621915],14.486597501928944,45.66845923756605,15.913811585450915,[12.87926367 -3.3944828 ],13.319082031295627,23.29767619132972,0.3766445459595143,0.3022639849523224,0.5123632028223953,0.345775683176556,2.9862236349854085,0.9375,0.6748643955534314,Sec18_AA,100062,12.261710785269043,0.6062619125702985,77,[22753.59643101 64115.01429232],Ring_Rand,0.75,0.25,10
1274,1274,10,63,Sec18_c,156,64.93038999854305,63.29817036673754,63.31690236923215,53.78343303568452,6.84843287007128,159.0,0.6858376977804984,0.7709579505812606,[35473.17031659 50244.17511028],[35497.73 50264.66],[35477.6389172  50249.36477707],[-1.58395309  0.83168653],19.38730667181897,22.67625811733399,1.7890248418746204,0.5323392705800016,0.6875,0.8348475775305463,0.375355283364805,-0.1679394730856356,-0.8404690935851397,16.244079959110277,14.05569142231977,0.0288527133931524,0.3220349235528482,0.5445506935647457,0.4546168273651068,-3.0542584384290725,45.38018939073073,18.411542622664346,[ 8.47123825 10.25560837],13.301856279167431,40.72702557721129,17.950365953216583,[5.64483785 7.71865621],9.562523099069962,18.841404671063632,0.2827390304913599,0.1955365439123441,0.5277518413054368,0.3923067993313691,-2.222567132001889,0.875,0.7433546766240864,Sec18_AA,100063,6.648915358481947,1.5369082888304644,61,[35482.54669953 50247.77117284],Spot,0.4,0.6,10
1275,1275,10,64,Sec18_c,190,75.29759107237838,71.44576719838216,72.03510381875729,62.06713634116048,6.568265217401037,207.0,0.6445367246397933,0.9198196447028516,[40682.99002801 42446.09383741],[40677.16 42474.34],[40686.97015789 42451.31884211],[ 5.0893297  -3.15288333],26.721326491844447,24.53768404595571,5.986814686357364,0.4221477368156739,0.9375,0.7937376641746858,0.3260156814898335,-0.107767800490598,-0.7830438148770785,19.93591631345352,17.409076551125853,0.0169005938857002,0.1378847332258583,0.5573358857836593,0.4423784841426512,-1.4976032232611474,50.690090355096665,21.721351986331484,[ 0.36579586 -2.03812355],2.070689308596436,46.40038794947336,20.96895254570008,[-1.636414    5.19884621],5.450307579682123,17.78565365607611,0.018632304261635,0.1317113934467045,0.5556777416655,0.4439750955724019,2.0163296914234623,0.9375,0.7989794484869983,Sec18_AA,100064,5.818904984851801,0.7183801341474043,76,[40690.16805016 42453.64352734],Spot,0.46,0.54,10
1276,1276,10,66,Sec18_c,70,68.19652412256815,68.19652412256815,68.29821244647174,61.1976543590011,2.661126141059885,69.0,0.7446973157841765,-1.1680277213243462,[20258.15535908 63288.74153327],[20275.36 63304.64],[20257.11228571 63291.18971429],[-0.74779461 -7.48942059],36.27230508888456,18.04450595060489,7.526660449132644,0.319552403170989,0.6875,0.6511785191880215,0.2976270625253329,-0.0494299542680045,-0.5197275067852051,7.278191669990967,22.04490570602953,0.11469324501557,0.398582834788753,0.5976612753132753,0.389184184234523,0.8194972931108068,49.22878117862322,16.94167415692154,[  1.91932294 -11.30240822],11.46421528874605,45.4907195906366,16.37633186551139,[-3.23550894 -5.97400566],6.793913577986178,23.36136631293348,0.2476312794728109,0.3578477508471634,0.5649025784355537,0.373776170991105,1.560305558749752,0.5625,0.6616648343617834,Sec18_AA,100066,2.673567221160673,0.3317518584579794,39,[20258.29756912 63290.1960443 ],Ring_Rand,0.71,0.29,10
1277,1277,10,68,Sec18_c,127,62.9099069985635,58.827121205301246,58.8564133189087,55.030361613226745,1.3261882355887766,136.0,0.638047616816014,-0.0435592685460733,[28211.57341618 59581.3075133 ],[28221.02 59592.16],[28212.89834646 59581.24976378],[ 0.97510172 -2.92065128],26.15078975254701,15.763792003913789,3.079127682246539,0.1902399355976017,1.0,1.695356631832923,0.1697760195796265,-0.0198966255739175,-0.6160293295456659,13.079648798244635,14.322034907807328,0.0708763421184273,0.2529548384438821,0.3691446736127449,0.6258318705151669,-0.0552157449850572,41.40477126375942,15.879262439207617,[-8.23358835 -3.03664537],8.775716048649421,38.56258626926528,15.503194237604763,[-9.30614185 -0.93393914],9.352888239598904,17.64025119702613,0.2348957631329942,0.1621298344458581,0.3658422906477297,0.5789816898144385,0.171594457493223,0.8125,1.5825991270428086,Sec18_AA,100068,2.1438951940836137,0.3396191791067677,60,[28207.78753714 59577.52866683],Ring_Rand,0.65,0.35,10
1278,1278,10,70,Sec18_c,76,56.66437023482448,52.18166329783783,50.86176517680128,46.19560542406555,2.136121188153404,85.0,0.5955473077662019,1.165320647013987,[38548.22191881 62551.94804793],[38543.59 62554.5 ],[38548.31948052 62549.81415584],[ 0.64388921 -4.068648  ],7.482068113584586,25.656046653886683,4.119282685610261,0.9377824329336482,0.75,0.6475098730845277,0.5048660464344481,-0.440979055094218,-0.93140744549552,8.016558940859616,14.114492766837868,0.0668552829940863,0.281141044735941,0.6042636753805382,0.3912666957552425,-2.977359281824643,36.660798633756734,14.338994414478666,[3.64228646 3.64356467],5.151874821888787,35.427600111210346,13.67042172657935,[5.92730042 9.86116043],11.505449810007669,14.435616836048675,0.1873483599211202,0.228984508251063,0.5724596721392488,0.3924409198956177,-2.393298398183729,0.8125,0.6855346131703717,Sec18_AA,100070,8.175397712370964,0.2765484589043118,39,[38548.94050038 62549.19863747],Spot,0.37,0.63,10
1279,1279,10,71,Sec18_c,157,68.75880842049322,65.82806462076191,66.10721451004406,61.7264155400337,4.334820957719769,159.0,0.5769983360186707,-1.270551156639982,[23416.98706583 55582.78376468],[23420.55 55577.08],[23418.26910828 55578.64286624],[-4.10854408 -3.22291364],36.054366195230656,17.63796807328596,5.221810683970061,0.1831986774514492,0.9375,0.8571199758657281,0.1711203224306084,-0.0160289362945038,-0.5113058702958551,16.349560997805796,23.595003805986227,0.0808630046755651,0.1170031067408592,0.5349472233271955,0.458513951147644,0.3738447126507638,46.37674977315257,15.40768094892092,[-4.58452206 -1.29334875],4.763464445288022,44.08331464544991,15.115755992596396,[-5.17295639 -4.09396068],6.596968381427152,23.890882655841324,0.1430259809174217,0.152502199200765,0.544347166638913,0.4351964021436961,0.3084639795719037,0.9375,0.7994831769417091,Sec18_AA,100071,2.29547284909531,0.3865966574378999,66,[23409.89193896 55580.5562811 ],Ring_Rand,0.51,0.49,10
1280,1280,10,72,Sec18_c,178,67.39233828299295,66.6967906119259,74.53726195264453,64.26967237696364,23.76910124970029,178.0,0.7370014441699392,0.9974424636576652,[23088.86863573 56295.33235094],[23114.77 56310.36],[23101.76224719 56315.30044944],[ 4.14615835 -1.51407087],29.755403104322824,23.47517285183599,4.413959631254505,0.4326460425909242,0.75,0.7262443369893793,0.3537805083356424,-0.1121830711838674,-0.732926944856606,18.670143849107266,23.992469983823483,0.0553270176796605,0.3431739597448821,0.5775190103466843,0.4194199107679902,-0.971759074305342,47.31468158874665,18.64167624705606,[-2.043999   -1.11202313],2.326913695361688,44.19135116889488,17.939613879058108,[-0.46352866  6.37796194],6.394783599356996,20.76700221220099,0.0787681824166023,0.3716752525431687,0.5864390129175577,0.4073565605212272,-0.1301841595323203,0.75,0.6946273210825656,Sec18_AA,100072,5.772218158921806,0.672087965420925,66,[23100.2313752  56317.32015241],Ring_Rand,0.71,0.29,10
1281,1281,10,73,Sec18_c,113,69.98405615985065,68.87814734307534,71.20946737711984,64.55284938981299,12.908410933015416,113.0,0.7680361665552519,1.0765790122576744,[21402.2283211  55148.37060775],[21415.94 55114.66],[21396.10530973 55137.00681416],[-4.47091589  6.26016114],32.61805682337427,21.345380414596697,7.692769751843008,0.4026084845154469,0.6875,0.5497606752909742,0.3508646863899179,-0.0925296170192868,-0.65502546167117,11.919357372593902,20.03398246239982,0.0753825459445794,0.4428620911724567,0.6415942071702303,0.3527232645966829,3.0653028768341577,53.57371162444055,18.37731612692478,[10.91135565 18.18172458],21.204546464913577,53.221639917956566,17.93750993175768,[15.87470534 21.94951394],27.088511068576864,27.04407484643681,0.4299948774067075,0.2525904357944401,0.5342453703174729,0.2808590350865178,-2.175318421460946,0.625,0.5257116873462443,Sec18_AA,100073,4.279786895843322,0.9043046131129931,53,[21394.62545495 55136.77452207],Spot,0.44,0.56,10
1282,1282,10,74,Sec18_c,115,64.76070606231019,63.64220574392773,62.67052976725601,68.66808405401119,0.8844095812250042,117.0,0.6781828826139195,-1.298136164017368,[22414.57153775 54420.45141526],[22390.16 54450.98],[22415.45396552 54420.39224138],[ 0.17882862 -5.55796013],31.845490017751715,18.80277932355952,5.560836309189262,0.2837504618877457,0.6875,0.7572709659991913,0.2546224622229059,-0.0437733703812515,-0.6058661602004025,12.130319449984944,17.309353050885296,0.0402544978571377,0.251839604525003,0.5681420763897884,0.4302374990124814,0.1550026297428317,44.952894013849416,16.18058922099847,[-4.08808481 -2.72076997],4.910705308339474,42.25376493511271,15.784652877231618,[-6.31122868  0.37648236],6.322447814305413,20.18363603356736,0.0986943144540689,0.27108226123399,0.5744554129117755,0.4158040193826661,0.3805989402483828,0.8125,0.7238229635178406,Sec18_AA,100074,3.0428847055834267,0.4442969522381549,53,[22413.45349613 54420.07615376],Ring_Rand,0.66,0.34,10
1283,1283,10,75,Sec18_c,198,78.07374776097637,78.07374776097637,79.63022160580368,72.28273459723181,11.190878746302069,202.0,0.6236905960158914,-0.5563241639359974,[38174.64936087 53026.17495174],[38181.7  53002.16],[38184.15267677 53020.26540404],[ 4.4982216  -0.95966558],39.43870847188477,21.51906248607345,4.599451664041752,0.2871316391700583,1.0,1.243270475518536,0.2625882343988697,-0.0427075243653588,-0.5664323959917511,20.88524566171321,24.09466482025952,0.0665213035064746,0.1189816925650452,0.4438051171469506,0.5517697990328488,-0.1678653286544397,57.10792828434522,19.211427623464584,[-12.29604042   0.41077452],12.302899888322942,53.32399919012001,18.848629763063208,[-9.35924957  1.08169125],9.421550216285247,27.05031188185357,0.2084140187177964,0.0765258486523694,0.4385576454006945,0.5180059514012034,-0.0585660151249465,0.875,1.1811581825871942,Sec18_AA,100075,4.040300296521528,0.403978929004073,86,[38184.18525911 53018.38117755],Ring_Rand,0.72,0.28,10
1284,1284,10,76,Sec18_c,229,74.82180514202024,73.59761417389595,76.85559857113978,75.30906727853811,18.868237809386777,248.0,0.7402904923920077,-0.096734124491544,[30096.42030383 45007.00230781],[30095.38 45006.92],[30115.27581897 45006.30952586],[23.95804004  4.54772427],5e-324,24.804804910626512,24.38584586537983,1.4061461160452449,0.875,2.354020792204539,0.6513632725816922,-0.8761183070032054,-0.95655299673103,23.627752667796766,16.256487614487693,0.0691655363146987,0.4206843632569352,0.296723303236341,0.6984928253499592,0.8472115966879697,50.03290465012531,20.13015602791358,[ 3.29215823 -9.31334243],9.878089540312324,46.56706439175227,19.305369145260897,[-8.1863149  -6.34300793],10.356133509894502,22.862792412910142,0.1497991029601433,0.4111969242037693,0.3029613391627949,0.6745988895895415,1.8232245306655497,1.0,2.2266830858806337,Sec18_AA,100076,21.27885194328468,0.6053961688312283,91,[30115.59895888 45006.78853279],Ring_Rand,0.67,0.33,10
1285,1285,10,77,Sec18_c,141,73.04252093587878,72.10938174920004,72.13196169889468,62.94728321308647,1.2890754238837658,158.0,0.5552590380260845,-1.044037003842273,[31144.53888752 44786.71737905],[31161.78 44801.84],[31145.18695035 44785.60304965],[ 6.35447482 -0.05883236],40.08852120262295,18.455715514079483,6.354747160159111,0.2169147865812245,0.8125,0.8315862553800293,0.2045242423106995,-0.0213509330036582,-0.4812634804207812,14.767345417372978,25.043223303314125,0.0584013606659175,0.1840340696660033,0.544112666354111,0.4524766147182584,-1.4126524431153331,51.2195832522301,17.895169678474513,[-1.42871662  4.85948224],5.065155357670101,48.549897877230194,17.51546142178104,[-1.05639211  8.00860695],8.0779793031326,25.80511480953524,0.1333239910768753,0.1585800455895404,0.5297323508681491,0.4524923625351843,-1.3045221057486875,0.875,0.8541905394179147,Sec18_AA,100077,2.5757203796022816,0.3007893379346286,64,[31145.66796158 44788.02422057],Ring_Rand,0.62,0.38,10
1286,1286,10,78,Sec18_c,200,70.71765329557567,70.03983782511683,70.03984441318218,63.30012803760942,0.021698938417388,201.0,0.5828489712948068,0.9127832411327692,[36910.9347801  57103.53263161],[36923.84 57092.92],[36910.94805 57103.5498 ],[ 1.44972666 -1.84181031],21.60854994897709,25.42590420593006,2.34392248271897,0.4180050081733901,0.9375,1.1618157281022086,0.2940995968102959,-0.1034593829816026,-0.8415772168013093,20.99072670040873,16.0108483393255,0.0154512730831647,0.1250151672021513,0.4624636804903668,0.5372975776697426,1.816714315948998,49.88696514934992,21.866445159524044,[-1.90639908 -4.25014903],4.658124542962994,44.91134351378499,21.22897874573212,[-1.04836215 -0.92615805],1.3988680909501323,15.849840995381191,0.0779735366395168,0.1240215403632473,0.4620171651598908,0.5319029624240352,1.1711802612044353,0.9375,1.1512623394413477,Sec18_AA,100078,5.9114835169868485,1.1751061860743237,91,[36913.77733053 57099.29370979],Ring_Rand,0.56,0.44,10
1287,1287,10,79,Sec18_c,296,68.1088558077255,65.0374294589181,64.65811817418388,58.010012584703546,0.4658870514878795,301.0,0.5314444916138245,-0.4239833755190153,[37161.94235597 57465.30956358],[37162.91 57467.92],[37162.40690236 57465.34488215],[ 2.1569111  -1.57462442],25.14623596154273,23.03240980596204,2.670525707708719,0.3339556165521098,1.0,1.1233149793754869,0.2581533998316035,-0.0674421789407392,-0.7822849807443895,31.01142537648325,17.258496728572066,0.1006073674918424,0.1295116200651599,0.466194684830748,0.5236834727756133,-2.118576285159391,46.84238065512332,17.666262221299792,[5.77591099 8.19085306],10.022535689407755,43.3903811390648,17.345125723920408,[5.08917732 8.02650839],9.50392354091666,20.474071434838365,0.2326485381717866,0.1786800092884272,0.4291654337389777,0.516709223947553,-2.1961914542478898,1.0,1.2039861166028116,Sec18_AA,100079,5.745589676674026,0.4492572621081867,104,[37164.53321592 57467.20844878],Ring_Rand,0.59,0.41,10
1288,1288,10,80,Sec18_c,35,62.11956993657444,56.415047053778,56.92609539064503,47.57931209757316,5.436216531349099,36.0,0.6916727270883376,0.8395597354322841,[35030.18339716 53686.81672907],[35024.66 53689.38],[35026.55314286 53682.77028571],[-4.00953198 -1.44017811],3.696832447243329e-17,23.62019549491873,4.260335634797698,1.6957951731819094,0.3125,0.9198215113106466,0.7857717730770977,-1.274441903357434,-0.9564234679862814,3.4808742769522016,7.422811130334029,0.0910185281331854,0.3245052626384336,0.5165665775145067,0.4751490500219619,-2.1129059883146253,45.5274035370912,13.659531637491371,[27.67694744 13.34964687],30.728268600789075,44.91287016411303,13.21410744630074,[26.9049419  17.91488735],32.32366142240766,23.159899406728144,0.649317771025886,0.1426127860497368,0.2278458545302703,0.3505405776997051,-2.526075970808961,0.375,1.538498817204218,Sec18_AA,100080,10.032459540339406,2.2869849449957105,23,[35027.55819934 53685.68280381],Ring_Rand,0.64,0.36,10
1289,1289,10,82,Sec18_c,45,61.010417691370506,58.48640157174108,56.51477041593508,51.22952017324163,6.788498476559453,45.0,0.5698682068614688,1.191462981274037,[24157.30192178 59516.69892635],[24122.44 59516.56],[24154.78586957 59510.39391304],[ 9.60773587 -4.59631287],13.739881480980946,20.12242670179224,10.650571844503371,0.6393440477520508,0.5,0.9760750027880304,0.4175479344346144,-0.2336748848728149,-0.8753285050682236,4.7466467412984565,13.83509545142272,0.1015180101923408,0.1138119992389099,0.5008383245626989,0.4888557690438888,1.697201848445101,41.91162349053092,15.943718629622673,[ 4.18914918 -9.93635803],10.783328884048464,39.17245163252324,15.58856593531591,[ 7.09567322 -9.60628925],11.942753940366956,23.382427278794168,0.3148390192853527,0.0513324005278727,0.4955260817331625,0.4053503102022748,1.914019161512536,0.4375,0.8180201308163497,Sec18_AA,100082,4.288850255350372,1.907150281278504,29,[24155.59686907 59501.18367498],Ring_Rand,0.65,0.35,10
1290,1290,10,83,Sec18_c,37,63.932175133456674,54.91491181418333,54.44369991057079,53.64788712120709,13.594686553924197,37.0,0.6232769335010878,1.3914425886032742,[24326.74023386 60065.28301269],[24317.75 60076.72],[24329.36131579 60078.62263158],[-6.92486285 10.09624228],3.430954442863257e-22,21.64005810759988,12.242868684134644,1.0527108980825794,0.375,0.7729919829939758,0.4877506857591357,-0.491103189313936,-0.9564576539633494,3.7973173930387656,12.485395992014189,0.1766590368288601,0.2309860233881541,0.5464162240997518,0.4223753606069477,-0.5891971009740093,36.83018027059562,15.44884117070921,[-7.30094386  4.87362456],8.778154565031887,33.23273642904878,15.062881033919018,[-5.61379149  5.021135  ],7.531696458271095,12.283225262506136,0.306287106640961,0.3376682141786052,0.547299547119303,0.3588886611862057,-0.664178712867416,0.4375,0.6557444877767704,Sec18_AA,100083,6.403390406093302,0.2343182321783966,26,[24328.37969079 60084.38642227],Spot,0.37,0.63,10
1291,1291,10,84,Sec18_c,75,61.79263054140187,55.85463635910168,62.73475356116594,53.07075428022252,20.40294223446116,81.0,0.6819230100827164,0.5591957548606369,[38173.87519229 40684.41174477],[38188.12 40675.25],[38191.1704 40695.2356],[1.02028896 3.97209783],7.712109435926497e-15,26.897425803022458,4.101042643826638,1.2263474113386097,0.75,1.1013952027796323,0.5681539530427535,-0.6664408497746991,-0.9564935771526664,7.700115824773053,8.425852576112002,0.0958710804847174,0.043865066531578,0.4715004272476186,0.5193083086790742,0.0352754903417451,39.73507580852441,17.906741362045338,[-8.97648725 -5.26604575],10.407139913603675,34.49841873337298,17.212965917019226,[-3.47673925 -4.44666833],5.64451725628204,11.040954084046206,0.2953663141167019,0.014204623615496,0.4147422548543719,0.4980164856307419,0.3153250946026162,0.6875,1.2007854994317133,Sec18_AA,100084,10.620480120845206,1.5028966614146722,42,[38186.33166685 40698.60981897],Ring_Rand,0.52,0.48,10
1292,1292,10,85,Sec18_c,79,70.09429716885118,66.45754182915621,66.4600042378753,60.63267355455146,0.4086421794119902,85.0,0.6343972296519687,0.2571965579316445,[38366.23671965 41141.26293379],[38368.2  41137.75],[38365.84151899 41141.15898734],[-0.22410892  7.30880843],35.35285588396331,16.717983139624913,7.31224352969634,0.2374606751198081,0.8125,1.5787315743608838,0.2230139368901407,-0.0261838546093443,-0.4944357653278691,8.33300205694618,22.421779997827446,0.0387252824080462,0.3074777459634407,0.3872060056308445,0.6112943468715725,2.1073809279713323,47.82437668729923,17.099530273268243,[-5.71251698 -1.08089115],5.813877875400999,44.69886645198658,16.222627210305948,[ 1.54037437 -2.3280279 ],2.791499080469681,22.833436850645416,0.1000263980059247,0.2999594727247768,0.3752079798683536,0.6147867398336068,0.7181995244197864,0.8125,1.6385225603392348,Sec18_AA,100085,2.110596646931869,0.3378630135719792,45,[38360.93695054 41139.37893577],Ring_Rand,0.74,0.26,10
1293,1293,10,86,Sec18_c,56,68.11760178166276,65.43741950663696,65.92732356354091,65.39739696307021,5.730161899100968,57.0,0.6760704553933237,-1.5567634460768487,[41525.2886991  57311.23638343],[41521.38 57305.05],[41525.36910714 57305.50678571],[-3.14495012 -8.24749727],32.50277430628599,15.728328290547076,8.826773049511138,0.2342131037833129,0.75,0.7580267773306913,0.2191653745484557,-0.0259664973166704,-0.5058598829163982,5.906938166949192,21.476164229533232,0.0475640663154463,0.1697444859195037,0.5675326863396585,0.4302049732558814,1.5529479384569518,46.96022513045137,16.65396739389708,[ 3.19013645 -3.21922199],4.532147480903699,44.16870651597596,16.26298862080385,[ 1.3629938  -5.36463408],5.5350746056683855,20.656682407967462,0.1105560080670313,0.1612957144628144,0.5572962535402131,0.4304811155400694,2.045357650957266,0.6875,0.7724457374429614,Sec18_AA,100086,1.7526903797001694,0.3730981193632391,35,[41524.27860466 57311.5734123 ],Ring_Rand,0.73,0.27,10
1294,1294,10,87,Sec18_c,68,75.35599907432454,75.35599907432454,75.47346322665051,69.91673157334526,3.00654515054224,69.0,0.7046655482909823,-1.48106109341559,[25875.09953949 44819.63812477],[25881.78 44797.95],[25875.36897059 44816.64367647],[-9.27978412  3.09312964],41.46818045744156,15.155495613552018,9.781709681258654,0.2302583768428296,0.5,0.4794211570144445,0.2223863786688916,-0.0193567157700159,-0.3780141451499517,7.172710631295446,24.417385355915187,0.0784714910016152,0.3457785118704534,0.6717777560418381,0.3220644690581453,1.6384037567689382,56.172535414250895,18.9707413840997,[ -1.87823704 -15.95677014],16.06693149537591,52.67245142377127,18.649609839860773,[ 1.25987598e-02 -1.49995827e+01],14.999587968971042,26.24035993141141,0.2977350954860289,0.1631470270617346,0.5794771312400279,0.3318766816758974,1.5053710839359242,0.5625,0.5727174788860292,Sec18_AA,100087,1.8987592178125243,0.5439624238376852,45,[25870.15245503 44815.34653149],Ring_Rand,0.62,0.38,10
1295,1295,10,88,Sec18_c,80,67.53257581431988,67.53257581431988,68.35877874011234,69.50690786406737,7.568524871868674,85.0,0.6075663173132937,-0.9604559822167996,[28583.40962271 60175.4040746 ],[28552.25 60192.72],[28579.07175  60181.606125],[8.17787586 4.52841306],1.2060147928674091e-11,34.58120573439724,9.347950490418812,2.167129258696843,0.8125,1.046795226211388,1.0039717256372214,-2.081113246543376,-0.9565097818955812,8.438483095641702,12.959664834912374,0.088501890778531,0.0362698488080532,0.4847419041352387,0.5074255111933862,0.8148067604795943,49.38947753217547,19.62782642705895,[ -1.76271939 -10.45713539],10.60466219309022,46.68616152555232,18.68880970998251,[ -9.7730327  -10.31966514],14.212939766994692,18.610929664259807,0.2515182560107719,0.1066369562520651,0.4706662552701741,0.4660723116231257,1.181061796799011,0.6875,0.9902394879692163,Sec18_AA,100088,19.383393353899475,1.4450741732667465,45,[28582.52829171 60186.42346088],Ring_Rand,0.65,0.35,10
1296,1296,10,89,Sec18_c,54,71.34419032001419,71.34419032001419,71.34532448255088,66.82246982745089,0.2873463227855417,57.0,0.5143253505275988,-0.8221922588371415,[28885.86350137 60552.73829909],[28867.88 60569.28],[28886.05907407 60552.52777778],[4.59884034 1.58472231],37.38810176241022,16.659395012057573,4.864224216926751,0.2286288312871691,0.625,1.0061649901721748,0.216526760933078,-0.0230454469076103,-0.4655245179001024,5.695976089558148,21.52343293004592,0.0245467189588824,0.0168641662414939,0.4981631438511857,0.501234314737168,2.475034785483329,51.67605527930538,18.016849826166684,[ 4.75463165 -7.1325109 ],8.572002911474378,48.01484923014399,17.310227820811885,[ 2.2763533  -1.71828239],2.852065687417619,22.24921931154051,0.1264247537239463,0.0178011348994008,0.4848055166267787,0.4992112650190608,2.250893614251572,0.75,1.0297144894152932,Sec18_AA,100089,1.6800719314272794,0.2066072867283258,36,[28887.59293444 60551.84402765],Ring_Rand,0.73,0.27,10
1297,1297,10,90,Sec18_c,107,76.32954401041451,74.96075844145795,78.20684340446148,64.18144168667973,15.927050682870355,118.0,0.6986296061421798,0.3546516608682501,[29030.34450315 60754.03911305],[29039.75 60752.49],[29045.28037383 60759.57      ],[-2.66509388  3.49627236],2.2497056687084166e-11,39.17148047191552,4.396208115991264,2.327196080585629,0.75,1.3830359177413367,1.0780583876350156,-2.399833850966597,-0.9565461219418891,10.970028024334212,18.16525749495805,0.0415269622923294,0.2634189985449144,0.4189091335009948,0.5793663779017766,-0.1807746492700898,53.67655761508251,20.47223028108177,[-17.22802614  -7.04389909],18.612399067783908,49.72019971747615,20.086142802847533,[-17.42699099  -6.03359919],18.44191785606584,20.89567757489749,0.3363659603156645,0.1285357036876873,0.3647361384475579,0.5221218022933628,0.3648067187432552,0.625,1.4315055385399764,Sec18_AA,100090,24.07270344044813,0.6951081675867029,60,[29049.26271409 60755.69658455],Ring_Rand,0.6,0.4,10
1298,1298,10,92,Sec18_c,177,62.24765469131148,58.87580783982688,59.614203321099566,55.11884618416238,6.681244263365312,181.0,0.6132840001601311,-0.8105773223359514,[31038.15614356 57581.31513161],[31023.39 57575.14],[31042.7600565  57576.47333333],[7.22131165 9.49948064],4.0394172049526e-17,29.154991257208,11.932622279424429,1.259530208531458,0.875,0.9660664293142308,0.5834781251051214,-0.7029617966718297,-0.9565299142130242,18.45918177171622,13.102945647856046,0.1304497537957741,0.1526945073935306,0.4999743890024555,0.4830084727321663,0.5633524199989568,42.8771913951456,15.612569716727636,[-9.45713631 -4.83691308],10.622295204257036,39.649554007357295,15.316915216387924,[-8.41727719 -3.64423392],9.172295035403494,16.747608478735376,0.2706020915908098,0.248236722925241,0.4996559916469814,0.4271185163796976,0.4976949554154173,0.8125,0.8548251667548636,Sec18_AA,100092,16.756959547542742,0.7282051374094944,63,[31039.67995778 57572.42811343],Ring_Rand,0.62,0.38,10
1299,1299,10,93,Sec18_c,52,53.54045904254994,47.63562416376915,47.6361427278981,52.69096864266564,0.1587651982268449,62.0,0.5593723431639902,0.8291631628366041,[24985.91910137 51276.73523958],[24968.9  51297.49],[24986.02634615 51276.85230769],[-2.80703069  4.18801145],6.011732935792493e-10,24.36552846438616,5.041712130890288,1.0461642212935611,0.4375,0.9831723714011568,0.484607804962618,-0.4849537585943262,-0.9565552552557572,5.379532973471584,8.497862650889985,0.0963859311679039,0.0293333191212783,0.4995580649265183,0.491151687346378,-0.6184714416468094,33.59161344762429,14.052148473822024,[-5.31429276  1.77114785],5.601666917766588,30.375759092099823,13.712751693221056,[-4.06745343  1.00614762],4.190048976237063,9.603512833943714,0.2061966378362884,0.0564505069218476,0.468123373812901,0.4893595727321095,-0.3934788833413786,0.5,1.0453645344521851,Sec18_AA,100093,7.543997484859581,0.9286694916346948,28,[24978.73143953 51278.90070573],Ring_Rand,0.64,0.36,10
1300,1300,10,94,Sec18_c,130,74.2240186696568,70.86450819570048,69.80358883045075,72.97359766835665,0.5040215847105215,148.0,0.5520347360074193,0.7837545264982699,[33708.92271612 48263.94022583],[33694.2 48260. ],[33709.42671756 48263.94473282],[-0.78668348 -0.84393825],27.732550647252744,23.49882544065308,1.1537342244535964,0.4204463692113293,0.9375,0.830129756598383,0.3347889192467713,-0.1066941566807304,-0.7579821060548003,13.3960919143312,16.457768556356058,0.1531598448475916,0.105903853440731,0.5335917075854426,0.442950354340819,-0.4769004946532502,50.160906210267065,17.09719728756356,[-11.13204283   6.75798314],13.022776729348086,46.73863724730996,16.79805426345137,[-9.19677658  6.54545161],11.288207842821352,22.43829715065524,0.3039506195139546,0.1479050840513344,0.4999246986993225,0.4076893221977608,-0.57534210531285,0.8125,0.8155014610369624,Sec18_AA,100094,4.793826177469165,0.3827663027630864,68,[33704.0292423  48265.20855711],Ring_Rand,0.58,0.42,10
1301,1301,10,95,Sec18_c,133,73.45705270698488,72.43524373399552,72.82989877871495,66.32411837248745,5.408309051185646,123.0,0.6262619280567757,0.573800996880608,[43353.0765872  59290.41827745],[43357.04 59299.38],[43357.6187218  59293.35406015],[ 0.43586071 -1.55093234],33.68593320486986,20.527749628125,1.6110138711238575,0.2869506566190956,0.875,0.9843236384893684,0.2553244486398927,-0.0455217986934403,-0.6213263731589646,13.923497107808808,19.63834545598888,0.0212872528937988,0.1763148447335172,0.5037216880736115,0.495825164790624,-1.5092639147938338,51.30919191535817,19.29816112091341,[0.20498727 3.23429182],3.240781285668025,47.59479442553827,18.89274232310104,[-1.51097688  1.3095761 ],1.99951011663214,19.60385618050634,0.0655331539565778,0.1629292808858745,0.506910410723952,0.4887949950085515,-1.6107876678516444,0.9375,0.9642630821301764,Sec18_AA,100095,3.3092764090416056,0.4849894686556534,69,[43356.77525937 59291.40969852],Ring_Rand,0.6,0.4,10
1302,1302,10,97,Sec18_c,140,57.51870564389277,56.18579677845671,56.220531936138286,53.41786946244445,1.411406078525213,142.0,0.5478960122982132,0.2827699152665473,[26899.45278245 54900.14887719],[26904.56 54881.3 ],[26898.09742857 54899.75507143],[3.8037667 1.453665 ],10.992836951607105,23.45053185145908,4.072073555355809,0.4265381795442001,1.0,1.2648925784850606,0.2511974171040291,-0.0974680669136339,-0.9096813105396896,14.450902301286414,10.878164397187067,0.0523296542857406,0.1337239920262799,0.4403129829448168,0.5569486243375179,0.7928672965621592,39.29073018679063,17.36726308790194,[-0.19006924 -6.34956874],6.352412887605898,35.156899936518634,16.84847685446898,[-1.25100118 -3.67321841],3.880404290869184,11.735095376525098,0.1699704156022982,0.1450750923824509,0.4353131123972785,0.5357969454227035,1.2276041165339342,0.875,1.230831165346843,Sec18_AA,100097,5.0468678014431125,0.4366348520398871,65,[26894.97808937 54898.60769128],Ring_Rand,0.51,0.49,10
1303,1303,10,99,Sec18_c,60,72.95913399292029,68.0786634287052,68.78549101918506,65.90396673292713,7.025440668566339,62.0,0.6715107421844725,-0.0957091158301445,[20097.71104545 54549.81687263],[20082.46 54564.38],[20104.70433333 54549.1455    ],[ 0.86162623 -0.5023439 ],32.27433119164766,21.892276090525804,0.997371118246313,0.4397420647302569,0.5,1.5051409492147982,0.3789204707365181,-0.111850307622259,-0.6712605176090649,6.328862321731276,19.626281483872177,0.0948683554314758,0.2829900934750392,0.3955865219672938,0.5954134731704332,-1.598931788643785,49.65919506733228,16.8332770526506,[-3.9590264   9.25832897],10.069287235436011,46.9995510486651,16.582542242055926,[-4.97590409  9.72284812],10.92215166994365,22.65963050868331,0.2189932038684233,0.3054339080956963,0.3568531925301987,0.5951887841292448,-1.1549038418675786,0.6875,1.6678813489356046,Sec18_AA,100099,3.406227386654298,0.3692016239489319,39,[20102.01595977 54550.30884211],Ring_Rand,0.71,0.29,10
1304,1304,10,100,Sec18_c,69,61.32014775357252,59.6302339355792,60.19696289378893,51.29709583289877,5.8862318784252965,73.0,0.616549327797176,1.0762202893553785,[31268.63452991 49321.65508777],[31277.25 49330.69],[31265.84057971 49316.4742029 ],[ 0.47622885 -0.71360647],27.948065949522352,13.977577383623531,0.8579208044964427,0.1947629077754209,0.75,1.1118548987618029,0.1812289905344737,-0.0184382325349347,-0.5223785872890878,7.278191669990967,17.063557508919736,0.025428192265548,0.1443177145045408,0.473211207656376,0.5261421993817302,0.3383040317472347,42.65260757887675,17.240218877607894,[-1.44647995 -1.72826941],2.2537123583254366,39.25059329114792,16.845869755178608,[-3.1019476 -0.7775663],3.197919369594284,16.801432418690098,0.059300760800173,0.1312684116462727,0.4689236165686706,0.52755980319985,0.5705714756244793,0.6875,1.1250442173508923,Sec18_AA,100100,1.617822217338624,0.3733209046188264,40,[31267.12951294 49315.16654524],Ring_Rand,0.66,0.34,10
1305,1305,10,102,Sec18_c,39,63.9408260899566,59.32474794887482,57.94522944386557,51.26849651077829,9.29510382842206,41.0,0.7334498139645429,-0.6378461065461164,[32042.97241823 48764.82561463],[32035.45 48758.81],[32048.858   48757.63125],[5.54692498 7.91499709],29.18941070173221,11.543155946292162,9.66517230238402,0.1755498200209888,0.3125,1.4201107294817166,0.168442399415457,-0.0121511972757614,-0.4109294472659389,4.1137605091253295,16.097942827071343,0.0890100026194261,0.4388283176392248,0.4099305074549833,0.5821467119787066,-1.127082151958096,51.79413455160283,13.633902220541586,[-25.83427527  18.70493678],31.894896743225686,52.57412063666121,13.359588975629762,[-27.57392118  22.86532919],35.821005126927616,27.16044279450862,0.6609107054518565,0.1414575644693047,0.2066838609321994,0.3565131784869298,-0.5875668186394808,0.4375,1.72492025685489,Sec18_AA,100102,1.0963082746502744,0.2420419577355663,22,[32043.38773022 48756.00242876],Ring_Rand,0.57,0.43,10
1306,1306,10,103,Sec18_c,81,65.93540439433927,65.93540439433927,66.19646891201245,63.229230515338784,4.19517116564689,80.0,0.5839560387676103,-0.3851304941696856,[35604.6019465  48427.65938988],[35604.97 48455.69],[35600.71407407 48429.2354321 ],[-1.91802715  6.34551066],26.91431365900764,22.4061993783531,6.629052247916179,0.5248404762501834,0.6875,1.1059235465990402,0.4207053047677632,-0.1660514452148149,-0.7520337834064195,8.438483095641702,19.17141418394779,0.0509124302583765,0.1935288502576901,0.4736201967331383,0.5237877277120475,-1.300286070635505,46.97969196048928,17.711399184829773,[-7.25215895  2.43689634],7.650638744467254,43.5401764798272,17.195188734162148,[-3.02516697  5.47707887],6.256998334736392,24.925461571305025,0.1802008547949984,0.1290040453838619,0.4551507124857862,0.5123769394453659,-0.6082414718914457,0.6875,1.125730280959116,Sec18_AA,100103,4.7235642862516505,0.6890663306814282,44,[35598.96694255 48428.54280907],Ring_Rand,0.73,0.27,10
1307,1307,10,104,Sec18_c,45,59.420095509063685,56.38742203885223,58.58131421770566,51.63985008094644,11.344085289881011,46.0,0.6467197482617076,-0.7055381887176891,[39943.84205096 60696.24266686],[39937.46 60710.26],[39935.20622222 60703.59866667],[-5.0656113  -7.11226244],1.254539521618592e-21,28.57191715173792,8.731820820308059,1.6975285464710557,0.5,1.3506060607625168,0.7864428753403786,-1.2769309545217564,-0.9564959738209148,4.641165702602936,10.344355025858864,0.1185893850023021,0.3053223037815276,0.4194392987504449,0.5664972590143308,-2.866683517642917,39.22273904921023,15.596250726548616,[4.01127204 1.55025354],4.300417354232538,37.25827844794369,15.125890295163856,[ 8.84458015 -1.18642735],8.923800079920655,12.100586589884935,0.1895218007945284,0.3164061676458727,0.4176153264916559,0.5464661605319433,-2.94521910231344,0.625,1.3085395239747308,Sec18_AA,100104,11.387367670967077,0.432330169651739,27,[39940.8804016  60706.68477847],Ring_Rand,0.67,0.33,10
1308,1308,10,105,Sec18_c,59,70.2632345933629,70.2632345933629,70.26470152121894,60.765965817018525,0.3243080105757885,66.0,0.7130695818833114,1.045053141862886,[19969.49351528 46499.25643855],[19953.39 46512.91],[19969.65627119 46499.53694915],[ 3.95545106 -7.54220854],36.63902436682516,18.76414503511991,8.51648418116827,0.3486175458287493,0.4375,0.8436886031680235,0.3229826483784651,-0.0601699201033976,-0.5343809925041663,6.223381283035756,18.84295863039968,0.0733422123238502,0.2987044529294842,0.5394733786293298,0.4551475412621135,-0.2821061133887996,51.83452614174417,18.82248313041422,[-9.81234891 -8.46747218],12.960720508250258,47.70280359780268,17.915351916004855,[-8.76846654 -0.89077277],8.813596404443643,22.377670982703176,0.2422326092487716,0.2281561944358611,0.4928517638361786,0.4484715991803533,0.4920498790784857,0.625,0.9099523063275938,Sec18_AA,100105,2.6777821797748875,0.3474313546811009,39,[19965.81489776 46502.62758934],Ring_Rand,0.56,0.44,10
1309,1309,10,106,Sec18_c,60,63.09830471401367,60.3408545926982,58.62441386435618,55.445045239460825,1.9460724086838008,62.0,0.6376841675608302,1.3074454782660605,[33977.11811214 49442.85434944],[33985.7  49445.72],[33975.4457377  49441.85918033],[5.32807818 4.90460438],30.977755777676204,15.781777185778331,7.241792681828212,0.2405578519650583,0.625,0.8608731285913889,0.2230888791855306,-0.0285349996356133,-0.5317168370347737,6.328862321731276,20.673712407058947,0.1392921225648098,0.1433017355172751,0.526955701345242,0.453642003246148,-2.2076643510205423,46.070951699723146,14.762836350303315,[12.81802502 14.39006226],19.27110939232539,42.60051273348064,14.409364140178456,[12.7269199  10.78418787],16.68152265734428,21.517397470863266,0.4186628015913676,0.1165631108789329,0.4363870167587919,0.3883344418048752,-2.263364622023633,0.375,0.8898854156779893,Sec18_AA,100106,1.8633531089202,0.2324663660370454,37,[33980.13483426 49441.53028109],Ring_Rand,0.61,0.39,10
1310,1310,10,108,Sec18_c,106,77.00253153708636,73.72889417004104,73.34145946088681,62.550319026195226,8.620027514233808,108.0,0.5427446028404441,-0.9816242460304498,[21919.8132806  52113.96594878],[21910.55 52101.62],[21914.15429907 52120.46831776],[ 4.27943678 -5.20921197],3.9602535025137e-16,34.048745170174186,6.741622095504495,1.7250241839771392,0.625,1.0206078238704617,0.7991493654855365,-1.3186034203979944,-0.9565133832788706,10.970028024334212,13.022575869797068,0.0685871306040573,0.0695313352147352,0.4925724793092304,0.5027233262062716,2.2955822429678507,52.61412347708374,20.627437470715705,[ 12.92645939 -13.21101058],18.48307747197156,48.69642943942007,20.09942318799036,[ 15.65926169 -10.80369841],19.024520394952244,19.77909575510246,0.3376151993629485,0.0380433100966881,0.4582220941677185,0.4277938829913981,2.3284866276609044,0.75,0.9335950588947748,Sec18_AA,100108,17.76021098248654,0.5180779829275334,64,[21910.72524329 52116.13138921],Ring_Rand,0.69,0.31,10
1311,1311,10,109,Sec18_c,53,65.00172670499595,62.81033870615259,63.28222494019954,68.8333258677101,5.509793923720284,55.0,0.5532948769138994,0.1177103224021113,[24279.6507235  49158.56177993],[24268.53 49170.91],[24274.1790566  49157.91471698],[6.76806368 2.88477359],34.735658225593745,15.814233029644669,7.357214463988876,0.2185916317186891,0.5625,1.0657868725320638,0.2064259929329006,-0.0214716424154004,-0.475847017560576,5.590495050862628,18.78187261496201,0.0749066498667364,0.0771467607210386,0.4813608833649454,0.5130281104407968,-2.268465313747758,45.75808901577012,15.366742127875169,[8.57829854 2.71839357],8.99871487292244,43.33050489857508,14.811264271357222,[6.02574381 6.91164057],9.169534551073564,23.23442765071936,0.1991822659003792,0.0197477616904517,0.4622347252688175,0.4980916996819731,-2.6152129541579625,0.625,1.0775730866872943,Sec18_AA,100109,1.5913710997891937,0.4460893126016612,36,[24277.59779042 49156.04639148],Ring_Rand,0.68,0.32,10
1312,1312,10,110,Sec18_c,54,69.07815292116635,61.64350681139816,61.86087332867448,52.40821990531985,3.700918045184936,55.0,0.5184184695033665,-1.1696077994401222,[30033.28918868 47063.61020408],[30022.99 47052.8 ],[30034.73444444 47060.20314815],[-2.98050194 11.65687386],10.98894463559076,23.85745063975802,12.03187849445473,0.9246329293827356,0.5,0.8885586714921091,0.54228319373384,-0.4567383159439998,-0.9109026069864232,5.590495050862628,15.203481220045347,0.0933547702497039,0.0887008150480957,0.5248896430040124,0.4663952438676127,-0.3938746997661277,44.959033781928575,16.286219083152783,[-13.92419107   1.19271324],13.975180208432606,42.13014261028753,15.923002937006224,[-14.43244     -2.64605968],14.673000923625734,22.228482602588382,0.3256572383852443,0.2524673638797771,0.5162776329985974,0.3776697300886988,-0.1476947680908421,0.5625,0.7315244859537133,Sec18_AA,100110,6.794636629087721,0.4819279773255215,34,[30029.094435   47058.85678498],Ring_Rand,0.52,0.48,10
1313,1313,10,111,Sec18_c,79,64.26206372598564,64.26206372598564,64.6048305679592,65.03542548194122,4.747249385760948,78.0,0.509557596096731,-1.0024342798661887,[31967.01047815 46853.37381597],[31973.43 46850.74],[31969.5656962  46849.37291139],[-0.50773918  0.41457397],31.25317865770976,17.831670438788116,0.6554926832980588,0.2653519295923752,0.6875,1.171724639622584,0.2401725276774358,-0.0375281185147257,-0.5888588582573555,8.33300205694618,19.5882913824314,0.0567893712976623,0.0993659861025172,0.4589785229313612,0.5377964443762552,0.0855909363252704,46.69987173398509,17.072874325077954,[-8.50057874  1.2933899 ],8.598412431181632,43.20734683709109,16.715518619153578,[-6.26828981  0.21587887],6.272006125102806,17.556746622148534,0.1759293785636432,0.0610724707089617,0.4841574540517459,0.4848913997064644,-0.1286414905123509,0.5,1.0015159234843467,Sec18_AA,100111,2.358499539226868,0.4163393792630495,45,[31967.90887066 46849.60274442],Ring_Rand,0.7,0.3,10
1314,1314,10,112,Sec18_c,85,62.987830015739846,61.00555883875524,60.05767864738655,60.99965451626531,3.753699227368645,84.0,0.7029350091828138,1.5381249642433936,[36927.40444236 48739.45131028],[36914.17 48733.08],[36926.49093023 48735.81046512],[1.21510699 7.66886848],5.331018385628838e-11,28.803741447831143,7.764536614630805,1.2574151700992109,0.6875,0.6260640789642471,0.5826122233433251,-0.7006779296439217,-0.956445328850138,8.965888289119308,12.490628562453518,0.0605632090182785,0.2507745577466407,0.6127262206960756,0.3836058770173326,0.1177317850200367,44.74511162492461,19.300861931721865,[ -5.58706533 -12.62339321],13.80454110353848,42.23231929916511,18.713766314856915,[ -8.83830611 -15.6080817 ],17.936774212760074,15.361732210699737,0.3523510809758174,0.1809787927931052,0.5548886599565223,0.3209600557786506,1.0131622657876636,0.875,0.5784224456917161,Sec18_AA,100112,11.592795062004171,1.995833925326111,48,[36925.89590042 48735.63331397],Spot,0.41,0.59,10
1315,1315,10,113,Sec18_c,52,62.187444989384105,62.187444989384105,62.2808023911736,58.92436768625262,2.434869164310037,53.0,0.6111393534262662,0.5535429797749044,[37663.72549436 50295.09117533],[37667.69 50298.7 ],[37661.65423077 50293.81115385],[-3.29077368 -2.42072936],8.340322745278938e-20,32.12876036768694,4.085232188422499,2.4260423038863337,0.5,0.8958207279337569,1.1238093215696183,-2.6079507822395085,-0.956551575600724,5.485014012167106,10.763706017095958,0.0778140169732896,0.1368016435569826,0.5242821560695641,0.4696628226929164,-2.428643490750769,44.70550116300633,19.637033299243644,[2.92543012 4.1136981 ],5.047836513428197,44.11689557010282,18.01292331147161,[10.54541454 13.65499663],17.252962091105307,12.376463949580335,0.2083620148580213,0.079883282085047,0.4978606561690692,0.4587246145952364,-2.24985928132903,0.4375,0.9213915759582684,Sec18_AA,100113,17.49443984621393,3.3180942006764043,31,[37659.71944795 50298.0906123 ],Ring_Rand,0.58,0.42,10
1316,1316,10,114,Sec18_c,179,63.05676261886853,63.05676261886853,63.26702320307735,63.03784452150557,3.6812343348464434,176.0,0.6056157524672019,-1.2143816448309306,[25160.97036515 58709.67028478],[25190.64 58711.06],[25159.68592179 58713.1201676 ],[-3.19640514 -1.67514888],29.16716024772212,20.10522619785909,3.608757342922629,0.2859441527821705,1.0,0.7400268431724729,0.2451111708912177,-0.0475441984676164,-0.6783490254563631,18.775624887802785,16.470978671664923,0.0770516662921447,0.2614072392448497,0.5712917847343069,0.4227712559872971,0.8865180015725506,45.0183316634275,16.4029397054596,[-4.09114013 -4.36052664],5.979265847655108,42.20712552590344,16.103914575733402,[-3.4750073  -6.06443983],6.989499706415953,18.97697951482301,0.1443998599414089,0.2678503401377402,0.5566770056147964,0.4224716748341051,0.9470772381058468,1.0,0.7589170570599115,Sec18_AA,100114,3.8256720289834143,0.4462353716871635,69,[25157.03773563 58709.21023299],Ring_Rand,0.71,0.29,10
1317,1317,10,115,Sec18_c,151,77.3933306650847,77.3933306650847,86.89819917948746,72.71423268965145,28.226212571377754,154.0,0.7468682128352767,-0.9811640067953408,[24295.67677945 58984.72670321],[24315.64 58970.83],[24311.37211921 58961.26662252],[12.86492046 19.47453364],3.3247345945827245e-14,20.753773894007853,23.340172212321978,0.9978777776906832,0.375,0.6378166540887172,0.462380552913734,-0.4412935754244256,-0.9564245023832546,15.716674765632668,8.861907324389831,0.1660991239956764,0.3986928411543991,0.5937240157988987,0.3786870652089702,0.5051295153963589,58.14990943601045,22.47582738308754,[-14.63245313 -17.59568899],22.884863023905847,58.2341921295406,21.51154491400286,[-12.64003512 -29.10388254],31.730213788821352,21.26357960802138,0.4367154539943759,0.4802219614334074,0.503467247078736,0.3058123651637501,0.9401163998919456,0.5,0.607412630986748,Sec18_AA,100115,12.262127423108252,2.188656201545444,57,[24309.09798489 58954.02621237],Spot,0.47,0.53,10
1318,1318,10,116,Sec18_c,119,68.18863700280525,63.629299107556456,101.90422027862589,65.49311223465915,57.476954181662144,127.0,0.7763897609726219,-1.4353498780611127,[27245.90778313 57389.29891143],[27261.53 57434.08],[27238.97316667 57446.356     ],[  1.45910238 -16.82939318],8.32657960269024e-14,20.17418296955389,16.892526587994887,0.8594880429991326,0.5625,0.6532084908059027,0.3983838265905321,-0.3274380989130026,-0.9562857232541436,12.341281527375989,11.599669606545737,0.2294861529696742,0.2713697216031827,0.573028816911879,0.3743072886833004,2.88230086163446,58.2661110613088,17.374999523494825,[ 15.72516333 -34.71325688],38.10893550054735,49.89989092163946,16.52393418885017,[ 17.86496629 -21.98163847],28.32577361061928,28.77350561197592,0.6921211540923345,0.2828825895498915,0.3845336567767737,0.1364346512811212,2.109379248561405,0.625,0.3548054867933786,Sec18_AA,100116,9.37590762704918,2.2993787140273496,52,[27245.90999465 57445.66300093],Ring_Rand,0.61,0.39,10
1319,1319,10,117,Sec18_c,81,63.43782543438266,59.2835625384122,60.74927568268928,51.47259983743304,9.474286056905324,84.0,0.6402571653956012,-1.4034167230007906,[36500.48211169 62532.5460211 ],[36496.11 62560.27],[36498.9037037  62541.88790123],[ 3.49552983 -3.92474228],2.9311015168666934e-20,28.32755166361516,5.255695075062785,1.2872433631686748,0.6875,0.8005133049708911,0.5963010778242275,-0.7342260957250099,-0.956540935106706,8.543964134337223,9.07423756938989,0.0935581107057455,0.110171213768344,0.5505357151121951,0.4407111648089762,2.179350778767672,43.29747786286121,19.43089294434761,[ 2.58893938 -8.65077612],9.029869022707372,39.589830565170026,18.84564805814566,[ 5.70888088 -9.83812785],11.374536489361184,11.715443393921692,0.2565462786381088,0.096586207783105,0.5022170868418442,0.4319669200750936,1.915156222847656,0.8125,0.8601199190403622,Sec18_AA,100117,11.585190268518073,1.782980979057528,48,[36495.6026625 62539.6448903],Spot,0.44,0.56,10
1320,1320,10,119,Sec18_c,90,65.67353897706663,62.23654111865381,62.69545913208616,59.8439793717014,5.40849413994919,90.0,0.5826719988086327,1.1908513552901585,[36244.61059965 55051.49699015],[36265.5  55062.98],[36246.61644444 55056.51977778],[  4.57602763 -17.68751764],1.5871538359257783e-14,21.045712470753426,18.2698743561078,0.9561693057904086,0.75,0.9747912455064326,0.4429249093336704,-0.4051098745446266,-0.9565505507371992,9.282331405205872,14.384385954147325,0.2142029967695331,0.0749771154074467,0.4831483218016137,0.4709687543733377,2.780807665799277,48.219085770402,13.16967288174134,[21.23272319 -4.34359419],21.67245589476932,46.81332902240209,13.038106224777431,[22.0515011  -4.38811608],22.48386673394949,25.107680830524483,0.4829385082195995,0.2918645181508307,0.3903927669559198,0.3763776303227081,2.90489419349142,0.75,0.9640999070180156,Sec18_AA,100119,9.07101850511915,0.2275016043776998,45,[36253.27347866 55053.38360738],Ring_Rand,0.72,0.28,10
1321,1321,10,121,Sec18_c,78,69.63106357070401,67.87056573872705,68.59317141734704,69.730489618317,7.093021555957641,80.0,0.7007623937316757,-1.4834393667657568,[33656.08795785 41872.94225654],[33656.81 41866.84],[33656.70679487 41865.87628205],[-3.11220038 -7.21740702],8.292273609686799e-14,36.72573633861861,7.859819034229869,2.1418699043395617,0.625,0.5054142210104511,0.9922085638698572,-2.032817756094852,-0.9565383480635836,8.122039979555138,17.397279008593358,0.0826928182855694,0.3238071632920501,0.6597266612357151,0.3334352365682747,-2.022569043674745,48.31017687293652,19.115038587241624,[2.29472999 7.38077693],7.729272529530641,47.41991164940545,18.267263108870047,[ 1.18443398 17.20493072],17.245652344665974,16.30340232787016,0.2293378169359032,0.2797583189644514,0.633118844655961,0.3142853210671132,-1.8573947957307928,0.625,0.49640809734213,Sec18_AA,100121,18.91648280191152,1.0868694863973007,50,[33658.06436977 41865.21783534],Ring_Rand,0.59,0.41,10
1322,1322,10,122,Sec18_c,114,62.07842535942176,60.68882014220795,61.813058681512224,59.87970625841108,8.382480920527819,116.0,0.7585544423578157,0.4343654535614114,[43016.32971112 63644.34095626],[43042.95 63644.62],[43023.93377193 63647.86859649],[ 2.64226969 -2.98612353],30.662257723880664,18.07904574097168,3.987295177864335,0.2652535595696724,0.875,1.515718412340001,0.2381104008943024,-0.0382228413690658,-0.6051783475791523,12.024838411289425,18.30166095979828,0.0601192704975376,0.3647449840675629,0.3960640699799361,0.6003216033349078,-0.2545128631044174,46.16551414345661,15.897696272333128,[-14.70621192  -5.98603317],15.877822971897084,41.72513312700246,15.392186193712654,[-9.47769062 -2.98832351],9.937640409004157,23.594806959023703,0.3337183951076157,0.2168206193157534,0.3860489679950982,0.502583064771699,0.4060763169833509,0.6875,1.301863510688314,Sec18_AA,100122,2.832133012155241,0.5512509834292876,50,[43019.93107789 63643.84860148],Ring_Rand,0.63,0.37,10
1323,1323,10,124,Sec18_c,97,72.31211470763247,70.86011673043069,70.88845753784253,69.1484368167376,1.4316518652865369,98.0,0.55384000400384,-0.6153600012971572,[31468.96993128 55576.60539373],[31470.8  55575.27],[31470.13896907 55575.77896907],[-8.12804486  2.02705949],37.81938437018453,17.01510795762923,8.376997279734626,0.1908842930348115,0.875,0.9410646238655992,0.1805503880760476,-0.0162027260954543,-0.4701316291719912,10.02069867607452,23.62348100660813,0.0845647687614465,0.1102211229273314,0.5114970350173507,0.4813517648669723,2.025454940380627,49.33558982252114,17.289583115815113,[ 0.92515273 -5.66251935],5.737598190208457,47.24273371274565,16.779172813139056,[  2.6425224  -10.10045513],10.44040796833418,23.642643443278004,0.1662022486495554,0.0707557018075168,0.5041113442919885,0.4682654682518428,1.887881615320792,0.9375,0.9288929391373044,Sec18_AA,100124,1.879992258696237,0.2642284777172318,60,[31468.8266305  55573.43502503],Ring_Rand,0.67,0.33,10
1395,1395,18,2,Exo84_Sec2,53,39.32768174322079,33.71200936959322,31.689278529087087,26.770155031813083,4.8926506876356095,59.0,0.5530394619770624,1.0813932467148295,[32685.03682675 44174.19415141],[32680.02 44178.38],[32686.77309091 44178.76836364],[0.6274925 5.4058059],1.4265482186269378e-10,13.565798907905352,5.442102928178571,0.3767287161226295,0.6875,0.9797600408927052,0.1744453605500091,-0.0628737911304646,-0.9567126111770656,5.590495050862628,5.105289235628753,0.1493164492639642,0.0330227150129989,0.4938500514124628,0.4838545465667391,-0.2118370936112263,25.657689941553524,9.672939345644735,[-11.14739868  -6.89339738],13.106617594000216,24.026515973198165,9.46905323266044,[-12.0538652   -5.68806877],13.32853302991975,9.03362022323903,0.5334892071865976,0.220350112811949,0.3487610881936674,0.366628177621748,0.4470694747731993,0.4375,1.0512301688259411,Sec2_GFP,180002,2.7426264518203083,1.1779631548274798,25,[32684.91215379 44181.48190617],Spot,0.34,0.66,18
1397,1397,18,5,Exo84_Sec2,51,61.27422201529691,58.63678302269892,68.56972844383397,59.08873228540798,25.390173010735044,53.0,0.7903411110967803,0.3095407708166464,[19564.67947267 50996.05306436],[19609.45 50992.97],[19588.86294118 51003.78745098],[27.66559832 -9.51097345],1.7516230804060211e-46,12.685898876243622,29.254810655714703,0.6794491033334188,0.4375,2.039986160882919,0.314574146332406,-0.2044984996938425,-0.9567757725380348,5.168570896080542,15.253709873744718,0.1577019307463778,0.4752440410756939,0.3207679408499849,0.6543621601888798,1.7749014842423347,39.97708030120907,14.749647166672316,[ 2.17339154 -5.31314167],5.740479526224788,37.66470126270088,14.410816092578,[ 7.46064329 -3.56844837],8.270128298051889,21.26224646240556,0.2529037443221861,0.4777027302914443,0.3088685360147943,0.6271711600930239,1.8841487588163743,0.375,2.0305440242802306,Sec2_GFP,180005,4.852237142293226,1.7777218462362054,32,[19591.85405168 50999.84915345],Spot,0.41,0.59,18
1398,1398,18,6,Exo84_Sec2,35,53.86263266239013,49.06788628264815,48.02626760990098,40.27447871665483,7.119758413366745,37.0,0.5333053926372258,-1.4502939072426502,[20417.53042695 50446.00924672],[20429.38 50444.53],[20419.10888889 50439.06666667],[-4.17674274 -1.11122744],7.807295629740676e-20,21.858249452677228,4.32203729192079,1.113833330715383,0.3125,1.6140294797032613,0.516139240804458,-0.5498278013616045,-0.9564000876237784,3.586355315647723,6.894486820217579,0.0934957729691011,0.2433254162195335,0.3792071008125875,0.6120514396243228,-1.7541936365022843,32.6380251453561,13.92013448899156,[10.29040936  1.01022983],10.339878587708617,32.285971646768125,13.220467728346042,[16.84839825 -0.0504701 ],16.848473838740002,8.658620453515478,0.366019166818893,0.1137605539088803,0.330135755452753,0.5358942140684503,-2.8175036482208773,0.3125,1.623254086287979,Sec2_GFP,180006,6.589526849587785,2.0394887692176185,20,[20417.66168001 50445.32110095],Ring_Rand,0.67,0.33,18
1399,1399,18,8,Exo84_Sec2,46,66.4294192985473,66.4294192985473,66.7960763774315,60.02761350713851,4.992242506481881,45.0,0.548361847870045,1.071512519169223,[38565.81744414 62195.10368755],[38569.12 62186.84],[38563.42717391 62190.72086957],[-5.75760201 -1.82474471],27.71232360639621,19.08416304963152,6.0398405749413095,0.3958735122046234,0.5,0.7201986782421522,0.3394491903535803,-0.0910995570931613,-0.67793029862856,4.7466467412984565,17.711456864779052,0.0213847030484775,0.1714230423469226,0.5810623546676292,0.4184803398078992,-1.813170081675009,46.86823719098164,18.768365530888936,[11.20290275  0.62385367],11.22025950574892,42.22587710825026,17.838898053373864,[ 3.14708099 -1.62416358],3.5414723027048773,20.69237731701277,0.1694224317959274,0.1269163818377242,0.5297447250261782,0.4415513145781761,-2.9750117220081425,0.375,0.8335171521648586,Sec2_GFP,180008,2.6849447913505244,0.6979855172170705,33,[38567.89673616 62192.75848092],Ring_Rand,0.55,0.45,18
1400,1400,18,9,Exo84_Sec2,82,74.40734825549073,72.76981015484547,75.14103758131972,76.33912996399468,21.90842268062385,88.0,0.6880324473998786,0.4906146525249441,[15767.51988901 64501.64002793],[15786.97 64522.11],[15787.28595238 64511.08892857],[ 16.01138007 -16.33629948],2.626146702536371e-32,17.380851707533697,22.87441742479558,0.8086061097828311,0.4375,1.000638634060974,0.3748063719343812,-0.2898199985787284,-0.9562784433580256,8.438483095641702,14.329517274391106,0.2290461635583573,0.2347218156844442,0.4736176932841935,0.4739201616750047,2.2596236270470142,55.735182726184064,19.95436199213991,[ -3.63566257 -29.26678871],29.49174399078089,49.5357418987231,19.299091368125545,[  4.58507077 -22.90187999],23.35634776395221,26.718192286875688,0.5533961652291339,0.4298353242797497,0.314617523349509,0.3791351609601801,1.5812345135483292,0.4375,1.205066891773216,Sec2_GFP,180009,7.322239749134561,0.5300938724254656,50,[15794.72535335 64503.88818205],Ring_Rand,0.53,0.47,18
1401,1401,18,10,Exo84_Sec2,40,63.68542837468768,63.68542837468768,67.98348188735488,50.91273174932299,16.992195421288336,42.0,0.7194652702365633,-0.1643396970541582,[15870.33600272 63940.45156051],[15863.14 63957.27],[15853.57275 63943.2315 ],[4.99318183 1.64773477],29.99159755200551,18.173294624147427,5.258031448081834,0.3968815086213201,0.375,2.2532173100702946,0.353683039814377,-0.0868339118034567,-0.6186061975218915,4.219241547820851,14.88831709927654,0.1390461089893781,0.4176486030822495,0.3014450269089844,0.6792211526659295,-1.963536258686534,48.32495737728399,17.210586021099605,[15.06338842  6.2524301 ],16.309462064359664,44.45213662034088,16.90355687917857,[11.98946733  6.97656118],13.871543999299448,22.60518232373811,0.3573460226435054,0.4076986018845896,0.2162223107919198,0.6560815093089476,-2.7243456469136915,0.3125,3.034291451728696,Sec2_GFP,180010,2.510099056894249,1.601814426307989,28,[15854.67921637 63941.7200479 ],Spot,0.45,0.55,18
1402,1402,18,12,Exo84_Sec2,38,72.46098596929488,67.73713357218597,80.90854850345612,65.68759347761713,31.605621080063887,40.0,0.7493666551490274,-1.548519589295045,[16811.34401189 49826.60011553],[16806.09 49868.91],[16810.64       49858.19789474],[ 4.45269456 -7.43447506],18.982724578346883,11.41824774931617,8.66590493587483,0.2026998680990542,0.125,0.4877450450052234,0.1809796324156907,-0.0225706488250273,-0.6152631091235724,3.902798431734287,8.629735986412316,0.1058389694567471,0.3487609223535583,0.6646287385489911,0.3241693739953425,2.577087887838148,63.63938239006214,18.1843190272086,[  7.53371888 -42.42824328],43.09191046586283,68.08735877993631,17.709588437267293,[  4.90363662 -52.40767616],52.63658587538748,31.001707472208054,0.7268604819990657,0.3324416341260182,0.3518555365882705,0.1198183031198152,1.7876544849018694,0.4375,0.3405326637222212,Sec2_GFP,180012,1.2495259053097745,0.5388638875026376,27,[16811.96921532 49856.40403688],Spot,0.41,0.59,18
1403,1403,18,13,Exo84_Sec2,61,60.33018830190431,58.23401621472981,59.34184350887859,58.66992069296866,12.390396020331051,75.0,0.5954684895601822,-0.3567192080620227,[24002.71935552 44320.17188359],[23973.12 44300.99],[23991.62467742 44325.68822581],[ 1.31846964 -7.25299523],8.702954240718996e-20,23.178028373874977,7.371858791847512,0.9723176866820544,0.5,1.1480420757276917,0.4506036229409291,-0.4190100221726496,-0.9563603139022872,6.328862321731276,8.427764374518155,0.115955363787516,0.0874274346001926,0.4592807397754022,0.5272736138335026,-2.712035654415381,43.2698453334595,18.3956536719932,[16.88758717 -1.2239891 ],16.931885592457792,45.49847023670876,17.454598213481006,[27.34474172  0.13981804],27.345099178395373,14.270328203704516,0.5137347053736039,0.0856937482219856,0.2777499926055631,0.4583266598891333,-3.094632309534078,0.4375,1.650141033630952,Sec2_GFP,180013,7.594043897286824,1.4693795562676,41,[23992.09434801 44332.03289345],Ring_Rand,0.57,0.43,18
1404,1404,18,15,Exo84_Sec2,90,69.09655432330844,65.41647829572744,63.9582256708608,55.2504955912,2.2299708756896446,103.0,0.6043160153552296,0.6506242320640423,[30687.09713296 47364.29800138],[30700.89 47357.48],[30685.14406593 47363.22175824],[ 3.05540559 -4.96225712],16.31676540765477,23.256136092022995,5.827477937616843,0.4853527582667952,0.6875,0.9010645434769524,0.3197459135086649,-0.1353066792945654,-0.8718800308807527,9.387812443901392,12.917087540949456,0.0524530981143823,0.1233339922707692,0.5245738109839684,0.4726748615142346,1.3996383265725998,47.36111555405757,21.361565936187304,[16.44911996  1.44761387],16.512696127590097,40.13778266266432,20.288396271105665,[ 1.85787748 -2.8870473 ],3.4331837816770654,12.376769239769782,0.3436539587459463,0.1374902364055557,0.4060349878990324,0.4758669687392071,-3.0707130006874745,0.625,1.1719851316299363,Sec2_GFP,180015,4.604460554304571,0.9981523814317398,51,[30686.26556805 47362.4024687 ],Ring_Rand,0.62,0.38,18
1405,1405,18,16,Exo84_Sec2,73,68.25578034983758,68.25578034983758,68.5687078888716,69.35749930041807,4.673860790172961,77.0,0.5437288973112151,-0.5293048813892546,[34411.41524049 53311.15439483],[34379.21 53317.79],[34407.3809589  53313.51438356],[-2.33373802 -5.66428975],1.9819164453500644e-15,36.082627954756106,6.1262151041924175,2.4806788950595733,0.6875,1.0153906142699496,1.1491429785370832,-2.726775287560517,-0.9565435107895116,7.594634786077531,14.659864318820388,0.1001797023892414,0.0545791644797177,0.4912020628754418,0.4987619643537613,-3.0865120659124643,48.70572601781107,18.765164850109,[10.81970518  0.92354169],10.85904919803088,47.38759599188021,17.877485986581593,[17.99199287 -3.05482188],18.24948613455632,19.099988578090624,0.2640098325341687,0.1295006564015162,0.4438633200808727,0.4864354882444075,-3.080773209345407,0.6875,1.0959127871971446,Sec2_GFP,180016,21.194929770319145,1.1764966909445256,44,[34408.87680604 53314.71856125],Ring_Rand,0.68,0.32,18
1406,1406,18,17,Exo84_Sec2,46,59.11811038652653,53.88781684113841,52.12710797350847,45.19558790843046,6.875180870385663,49.0,0.6509526200887435,0.3687335449615458,[21520.37011317 50129.43128126],[21521.31 50120.03],[21527.15851064 50130.52021277],[-3.36554799  7.66740417],6.319273854565078e-13,20.451810171261844,8.373529721235558,0.855680006219554,0.3125,1.0514218810439089,0.3963780274795342,-0.3244349135128229,-0.9565476902994782,4.535684663907414,8.941211993985874,0.100735470039288,0.1507798464771771,0.4825201360201233,0.5073322290558406,0.2673688993239685,35.91468355442822,13.250511818568874,[-17.19439678   4.39835438],17.748036565739582,32.83332871308361,12.937275857351688,[-15.85702423   1.38528175],15.91741885319094,20.465312990344312,0.4677224453206992,0.231369926468305,0.3628112272651193,0.4184244868781062,-0.0986998070650745,0.4375,1.1532842851424447,Sec2_GFP,180017,5.803504162143697,1.3407595323200416,32,[21525.95147158 50134.95059588],Ring_Rand,0.54,0.46,18
1407,1407,18,18,Exo84_Sec2,35,54.72639323029529,50.40952091341492,52.377822921003066,64.2342661708959,10.1598583677648,38.0,0.6896005766215376,0.2765963916896469,[24430.39311556 47780.46962744],[24439.76 47788.08],[24420.61942857 47777.69514286],[-2.22161757 -0.71304281],4.047954399403225e-20,15.632528347093782,2.3332412413123387,0.8625662990878326,0.3125,2.424288347655048,0.3995507562547999,-0.3296700510679928,-0.9565662466846488,3.586355315647723,5.123870964227437,0.12411608037505,0.4260216962194686,0.2875327947386746,0.6970624038536595,-1.2899308223936805,44.05135813007677,16.470908250416965,[27.72900291  5.54952497],28.278876032322344,46.90318286580669,15.948246968000976,[33.81224232 12.4239517 ],36.022524990501694,18.164535961750666,0.6922469524655462,0.2656704952262337,0.1900257955193898,0.3307683612827738,-2.840953126299091,0.25,1.7406497911438712,Sec2_GFP,180018,5.103011043616583,2.549143717792228,22,[24420.70506133 47774.35558987],Ring_Rand,0.64,0.36,18
1408,1408,18,24,Exo84_Sec2,59,69.4716157467639,69.4716157467639,69.49705288310196,66.66625451935437,1.342964465839463,62.0,0.6461613679284246,0.9604075286985968,[21812.55972297 54778.74089697],[21804.8  54789.88],[21813.32949153 54779.84135593],[ 6.37952512 -3.25614824],34.42576186868094,18.334635887333167,7.162460622585555,0.2552718600241588,0.6875,0.8017168770763302,0.2346675895197877,-0.0331965191762094,-0.5541616821499854,6.012419205644712,21.42506257106324,0.063786384301309,0.1376604581206537,0.5527679236672727,0.4431633735104931,1.9995488677984588,48.171181802737735,16.9666433163647,[-4.83365005 -9.11717811],10.31925914916466,43.99121843097459,16.058445616646164,[-2.73976033 -0.76726429],2.8451680341816927,25.534436011555364,0.2062146003302707,0.0794817633173495,0.5255218233455135,0.4319537152651133,1.406131428640287,0.625,0.8219520028973523,Sec2_GFP,180024,1.960780362175078,0.2936903403667641,40,[21810.90045438 54775.36717946],Ring_Rand,0.79,0.21,18
1409,1409,18,25,Exo84_Sec2,70,71.51360387534689,71.51360387534689,72.74708930564829,64.82256304076827,9.528246492752473,71.0,0.7350819511038368,0.1395190309907417,[20892.84751764 54789.98220594],[20875.11 54803.55],[20883.41185714 54788.65714286],[-2.24715197  2.66674872],34.92492639947753,20.688560987911,3.487297051095347,0.3719030547602604,0.6875,2.0879613326306634,0.3334403224601236,-0.0753327493926388,-0.6074855543543496,7.278191669990967,18.071791815648744,0.0801903776020934,0.3561986414927911,0.3217558111369233,0.6718136922031104,1.7339385096710715,51.68649699397704,16.743092543228002,[11.81427649 -9.59991586],15.222861546363523,48.260440178529024,16.448498476104106,[ 9.22149433 -8.11670243],12.284820546617018,24.24836843005662,0.2617666911823523,0.4155703416636399,0.2522676147519021,0.6792105846355408,2.502855604444902,0.5625,2.69242084563064,Sec2_GFP,180025,3.1115641966382324,0.4290464242960934,42,[20882.63976265 54787.16476997],Spot,0.45,0.55,18
1410,1410,18,26,Exo84_Sec2,48,69.47949637676665,69.47949637676665,72.44022295997792,63.06053892765456,14.641733157610997,50.0,0.714416581680812,0.579436042541833,[41876.89175549 59084.72913796],[41890.04 59094.68],[41889.14354167 59092.74625   ],[-9.53229921  0.15360263],31.67093925383988,16.55034674286204,9.533536702551643,0.2577257415036351,0.375,1.4765247765324363,0.237841206333145,-0.0333797059382787,-0.5445498084903179,4.852127779993978,20.878034114083945,0.0420847205984541,0.2523040870121773,0.4030764746435702,0.5951524016485799,1.048931647421088,48.44798899658266,18.01696124983093,[-15.2154782   -8.13476632],17.253556152281035,43.63669731208924,17.348103526766568,[-8.6630933  -7.75948358],11.630080442058013,24.105887346214,0.3042862777051536,0.2182060550074906,0.3580620388556176,0.5493478223447246,0.5262641772390485,0.5625,1.534225253535574,Sec2_GFP,180026,1.7855763148106358,0.3387365775959017,34,[41888.8638172  59091.80171272],Spot,0.34,0.66,18
1411,1411,18,28,Exo84_Sec2,42,62.14449949593988,59.33738517625773,78.62489828993085,57.66539786421852,36.84599327168036,48.0,0.8373423171193416,1.0608851675322857,[39555.19594719 43579.23540281],[39505.5  43503.14],[39537.21142857 43547.07666667],[3.36745728 0.78182504],30.2093037863806,16.958394197611973,3.457024577964933,0.3308798607068074,0.4375,0.4413443215002551,0.3006465023250789,-0.0577691616625295,-0.5807237331271217,4.324722586516372,18.60060204467826,0.102115359237152,0.5477656059510206,0.6865621480215421,0.3030103053863252,2.929320788614608,44.125556795971214,13.652508087964446,[11.00761519 12.61667708],16.743599757797234,41.35432222262153,13.284829587540388,[ 7.79304989 13.10364357],15.245888013311244,22.469440636174475,0.3978815497870104,0.3913327977499696,0.5673394777627442,0.2743507945763425,-2.3093894065940885,0.5,0.4835743066183617,Sec2_GFP,180028,2.144346579566131,0.6844024998844986,27,[39537.68195794 43547.73389517],Ring_Rand,0.54,0.46,18
1412,1412,18,31,Exo84_Sec2,28,34.52889612538864,28.70084413711758,26.47391837084164,27.67283504350671,2.33188694469516,39.0,0.5968593094910848,1.3632642956563226,[16296.5744349  43885.62233726],[16303.11 43881.55],[16297.19103448 43883.37344828],[-3.23132778 -4.17941461],9.977215031327169e-18,13.027778851649671,5.282895583253035,0.3104248191610549,0.5625,0.9185664725731952,0.1437509919860416,-0.0426912037390426,-0.9566897334106912,2.953469083474596,2.692020762642193,0.1953311539565987,0.0615177037502565,0.5013356347272915,0.4605101055666921,-2.436565743288812,20.36512699788122,8.614489290891688,[6.14130925 2.50587127],6.632877964176961,19.10936132954079,8.206816789058726,[4.1139006  6.42271661],7.627284369620307,5.967549821651748,0.4591492041366776,0.2828035266882965,0.4175802206678263,0.3716017876728292,-2.608865488403972,0.4375,0.8898931732890393,Sec2_GFP,180031,1.642613744564699,0.7662005229097578,17,[16304.59838208 43884.49720363],Spot,0.34,0.66,18
1413,1413,18,34,Exo84_Sec2,31,64.02866742296686,59.168371134005056,59.67124639125279,53.42367360501888,5.521826045310437,34.0,0.6804756431321298,1.173943043131297,[17540.07442396 55933.72990087],[17537.86 55973.89],[17542.20870968 55938.82258065],[4.09609881 4.68945395],16.782591225785755,15.974473044346423,6.226476037960605,0.3276767900952472,0.1875,0.8039398429133222,0.249584264854223,-0.0648649502360516,-0.7931351677340297,3.164431160865638,10.712171662405453,0.0823674341189777,0.1631702145800849,0.550581334349063,0.442634271447593,0.0386220004694767,44.82689190617101,19.213572390540044,[ -2.6880385  -21.47696867],21.64453127444961,36.32184937399396,17.99003737704008,[-1.45513432 -8.2497894 ],8.377137999442045,16.568418760018428,0.4763021073023027,0.1248982446771854,0.4177136814002725,0.3554226211791131,1.2118460589644169,0.3125,0.8508761790795423,Sec2_GFP,180034,1.8244271544188504,2.1333483713027914,25,[17536.4210864  55938.41962039],Spot,0.45,0.55,18
1414,1414,18,35,Exo84_Sec2,42,49.883575525434814,46.92779956604755,47.03829113215239,46.505200790180815,2.301558979416096,44.0,0.5885646280272625,0.8671500842018042,[32591.83398152 46500.44127906],[32598.31 46525.16],[32593.32309524 46502.19619048],[ 6.47272519 -2.06281318],3.768420623371035e-12,23.58318927678397,6.793479932969295,0.9429164492919634,0.5625,0.9961713390117568,0.4367855206970407,-0.3939575959890892,-0.9565507868665586,4.4302036252118935,8.814917138503446,0.084777395057095,0.1213161547227028,0.4973585051966753,0.4954542880906579,1.839325303958612,35.2799988427079,14.077261631501132,[ -1.53496914 -10.89685211],11.004431663840778,31.56304290526967,13.68680464664169,[-2.34708497e-03 -7.74425538e+00],7.744255739367664,12.128682837050215,0.3131546665398048,0.1644885851036119,0.462159296794541,0.4397748580298025,1.436123459982985,0.5625,0.9515655339620056,Sec2_GFP,180035,6.110797008124659,0.669244433449353,30,[32594.40778802 46498.81062308],Ring_Rand,0.54,0.46,18
1415,1415,18,36,Exo84_Sec2,38,61.26058890789412,53.15798873621785,53.105266179800566,48.8415574166086,11.250951862827696,45.0,0.6752448736152976,-1.4694590291990826,[32889.43304525 46248.40158363],[32899.09 46265.39],[32890.34974359 46259.61512821],[2.86801732 0.21370773],3.124411748345368e-12,27.277946840545425,2.875968413261608,1.3474260523729735,0.5625,0.6719346108818647,0.6241266574055774,-0.8044480332906322,-0.9565778530613612,4.008279470429808,10.954396278747872,0.0498239711783687,0.2181433730933594,0.5966247515923334,0.4008928203036837,1.898314944005456,37.82404276477843,15.79064826260144,[ -5.44895959 -10.40503345],11.745462178393378,34.00372109861589,15.35762735275888,[-3.46595718 -8.95283319],9.600316727541616,12.335785147220989,0.3072775810110156,0.2309140273492846,0.5883237756487533,0.3172567125592656,1.34897674489656,0.375,0.5392552973223323,Sec2_GFP,180036,8.306092025213166,1.6855825553359496,28,[32888.81328665 46258.34515816],Spot,0.47,0.53,18
1416,1416,18,39,Exo84_Sec2,49,66.14839775374601,66.14839775374601,66.24173842055961,65.76473595914896,2.510933600494498,61.0,0.6354062593410835,1.4924653376947683,[33276.62168042 61791.24819426],[33270.63 61809.01],[33276.81816327 61793.75142857],[-0.81657455 -5.44456413],34.40890460640839,17.229046350378354,5.505458437562699,0.3049747937538918,0.625,0.5461028733296329,0.2837230759643783,-0.0452526662873387,-0.5229805856587502,5.168570896080542,17.520400776946126,0.1335998792538287,0.3252449630993669,0.6352430289119354,0.346908043351427,0.4780528741847206,51.89091037487391,14.647405167027802,[-10.8337075  -18.51602041],21.452557652801776,49.67728174542854,14.499496314109123,[-10.59144091 -18.26019565],21.109556270276062,25.79978369852912,0.42883791090902,0.2332029712326544,0.5634061286200258,0.2526919175471617,1.0458654331349524,0.5625,0.4485075768808028,Sec2_GFP,180039,2.134823556277243,0.497676990623169,33,[33273.00545545 61790.85504875],Spot,0.25,0.75,18
1417,1417,18,40,Exo84_Sec2,35,57.01839080156537,57.01839080156537,58.300294597198686,63.492956966334255,8.684594045468781,35.0,0.5994037354633905,0.7715429032675127,[18641.17057255 57033.69673562],[18654.75 57039.06],[18647.396 57039.752],[-4.58159689  0.27361607],31.68675736461929,8.841843348526497,4.589759890558321,0.1029555916523918,0.375,1.2904609418471888,0.1009314528770785,-0.0029577555577816,-0.2846333705145003,3.691836354343245,18.82857772120853,0.0980285285352479,0.1469821212575818,0.4323978590940274,0.5579925484991867,-0.2738424337030791,43.6475121404798,13.39792832621191,[-14.09447258   6.90856396],15.696573294715767,39.89651506451726,12.4682193815949,[-9.26587266  1.61527398],9.405610356239848,22.554300927438472,0.3201421320319956,0.1110250465051234,0.4555187459248921,0.4419902693731161,-0.3883069141364679,0.375,0.9703009444225886,Sec2_GFP,180040,0.6090934943317748,0.1514223849833172,21,[18640.44394047 57042.54620786],Ring_Rand,0.55,0.45,18
1418,1418,18,41,Exo84_Sec2,91,78.6945035965156,76.94703108844062,81.03889430351626,79.25780948009628,18.16108191244144,93.0,0.6930807639865572,1.1612182170128504,[23371.96874246 39996.30533267],[23354.92 39966.97],[23364.73659341 39979.64637363],[-14.64329347  20.99973066],20.40466530345752,16.556295602693318,25.601068955429213,0.3197533118108557,0.6875,0.6187438269575344,0.2587883197548113,-0.0614900942823746,-0.743096878146714,9.493293482596911,20.685879529517816,0.1503737686619777,0.2619185640470131,0.6037939502357308,0.3735937794626631,-0.7427517062822234,59.65191957188475,20.649424445804385,[-5.35600894 23.74812044],24.34461041858325,58.62090119597673,20.207688128673507,[-3.11712585 29.38211502],29.546999115212323,28.012790274452623,0.4686872448775644,0.3038097958266172,0.4976988748964444,0.2826333915926335,-1.3327898148458892,0.6875,0.567880310461704,Sec2_GFP,180041,3.050252189192713,2.993068582339588,56,[23363.42265959 39980.14307319],Ring_Rand,0.69,0.31,18
1419,1419,18,42,Exo84_Sec2,34,61.21910138418567,61.21910138418567,69.84051799077403,61.45278701965832,24.0101974395775,33.0,0.7259862450001207,1.1033158172035435,[28036.50639121 46271.67258873],[28037.84 46249.58],[28025.68647059 46250.23852941],[ 2.71016226 -2.204531  ],1.0163236326447732e-19,24.918010345690185,3.493556418007786,1.662970472729468,0.3125,0.4719420096305534,0.7703069326554383,-1.2253594081498191,-0.9565664509059494,3.4808742769522016,6.108960079276334,0.0168996857327998,0.4314094428403883,0.6791805615175381,0.3205338391045946,-0.265253664980708,41.695022494732655,20.93752533137101,[ 3.86525004 -3.12539403],4.9707389521776975,46.21350161303704,18.315486417600976,[ -0.58481046 -29.23485543],29.24070408267994,10.372415947185855,0.0811593089733549,0.419830296536722,0.6782222780648873,0.31519088850208,1.7464939760320966,0.3125,0.4647309572333525,Sec2_GFP,180042,9.696700829033675,2.33019274203973,27,[28025.64470603 46248.71310523],Spot,0.35,0.65,18
1420,1420,18,44,Exo84_Sec2,29,45.80201426093908,42.319886154686266,36.08836725249861,33.40827720924416,6.032347018844686,42.0,0.599589715270628,1.330293624961942,[32878.46005638 43845.4092635 ],[32889.68 43855.71],[32873.08354839 43842.67387097],[-1.93537787  8.28249236],2.661442237001057,17.93861168261126,8.505607986404044,0.5703073444817128,0.5,0.7117923517028213,0.2852136524201172,-0.1537371589887591,-0.9451474707320768,3.058950122170117,8.190991674758852,0.1395488885134469,0.2771895721170672,0.572806688112185,0.4077194196024766,-0.0740655307003567,26.03604666041404,10.864752419423947,[-0.95670137 -3.44296013],3.573409013201244,24.16089082097228,10.382763934283425,[ 0.35899169 -6.92224274],6.931545253478833,9.343236529577872,0.2081424748720067,0.2490070574946818,0.565534718248359,0.391141991905797,0.6147243954715008,0.4375,0.6916321479206233,Sec2_GFP,180044,3.071199040753254,0.5034981657726572,21,[32865.0883007  43842.49419715],Spot,0.27,0.73,18
1421,1421,18,46,Exo84_Sec2,77,74.23246306043649,72.53299212982876,77.2130769744442,74.89005849442871,18.90934749620903,83.0,0.7187027808495772,-1.431030599181781,[29559.19766547 48922.20729368],[29553.61 48891.05],[29561.83194805 48903.48233766],[-1.90361886  5.14544574],16.87139457488195,27.418434457823658,5.4862898759514565,0.8887693958900382,0.3125,0.5506857677085198,0.5622748606970901,-0.443368132451236,-0.8872105885043075,8.016558940859616,12.978028048051936,0.0241078342625463,0.3138991695399035,0.644501183372587,0.3549176289545826,-0.4381484857395876,53.32686431226892,23.292444913019345,[-4.54016458 15.07144276],15.740440947840597,45.75878169652865,22.61719150360572,[-0.62274803  4.44203801],4.485478431190337,13.35616291115807,0.3260499041167207,0.2538749568916947,0.6085510846257204,0.2851403753997569,-1.2032602659375438,0.5,0.4685561863308943,Sec2_GFP,180046,7.798919797539096,2.666114132530624,51,[29560.65033428 48902.70133832],Spot,0.3,0.7,18
1422,1422,18,47,Exo84_Sec2,59,65.56316929086393,62.86389296990024,61.02169164366448,70.7452202952114,4.152750589170344,72.0,0.6972804834082281,-1.1567990869583362,[28277.00923074 48825.37842327],[28270.02 48840.27],[28276.74616667 48829.52283333],[ -3.12288063 -16.41014406],7.091812762647074e-20,26.44268852916766,16.704646401895907,1.5948728000368335,0.3125,0.5435712475053542,0.7387951841665463,-1.1270853366392062,-0.9565478335973572,6.223381283035756,11.261248728270262,0.0879638883402656,0.3410942319174042,0.6428354738737898,0.3494268804742714,3.10313252979316,44.74417281286375,18.90267997051963,[ 9.57710642 -1.8415474 ],9.75255167878056,41.35832679116129,17.966014942677972,[ 7.81387972 -9.40800406],12.229769279492777,15.455303187022569,0.2433409166206969,0.3152589521347347,0.5893501225408472,0.3514350757573518,2.87783502178411,0.4375,0.5963094980658026,Sec2_GFP,180047,12.250450426394224,2.017633140794129,38,[28279.04608254 48831.27157464],Ring_Rand,0.55,0.45,18
1423,1423,18,48,Exo84_Sec2,36,70.42926635449318,66.57844571822704,88.25997456601122,52.13028405257131,53.31509331597434,46.0,0.7426802425415302,0.5411437421950329,[34607.06591389 59105.24746936],[34567.82 59077.59],[34561.18236842 59078.09605263],[-10.106403    10.85358913],2.409583435107593e-08,14.969226318596691,14.83036676611333,0.4880961750294286,0.0,0.9633919717612798,0.2263101269545851,-0.1056176444292922,-0.95615232343371,3.7973173930387656,7.754717275203048,0.3404479670746752,0.2473642837645325,0.4502896998817993,0.4338054818329215,-0.609550045760299,52.415645369970136,13.786446007748498,[ 5.11579745 34.79336185],35.16744818809991,50.49454556971757,13.444218344137814,[-2.61779115 33.56812571],33.67004446675471,25.98948525584819,0.64530590399081,0.6546221920060992,0.1965169206519465,0.3870633696226569,-1.54495444343909,0.3125,1.969618536350819,Sec2_GFP,180048,2.928577050176572,0.3579884286932047,25,[34555.58999931 59082.13452481],Ring_Rand,0.71,0.29,18
1424,1424,18,49,Exo84_Sec2,115,71.79314418367515,71.79314418367515,73.90672899665624,70.39071892570486,12.534626310299316,126.0,0.553826997949732,1.2062824623998676,[17021.37764053 58715.63154272],[17020.83 58719.21],[17025.84617391 58727.3426087 ],[-7.05341079 -5.63204268],35.038962989789866,21.091879463230583,9.026101508280044,0.3651058296657514,0.9375,0.9235995247346018,0.3259537800779374,-0.0732319538222378,-0.615355139073499,12.024838411289425,16.209759973172392,0.1069079126741795,0.0322407807818695,0.5139171046239693,0.4746535935836807,1.116955771086516,51.97251941376768,18.554619204874783,[ -0.89858185 -11.70013935],11.734594586464882,48.91893827174105,18.196585038720777,[ -3.3916867  -12.02967913],12.498668671461616,21.52085764198132,0.2486583583857616,0.0914621779568265,0.461448399792204,0.4767206210126941,1.348614605253288,0.875,1.0330962708449467,Sec2_GFP,180049,3.915323829318645,0.840980112714963,58,[17024.27409569 58721.49704747],Ring_Rand,0.75,0.25,18
1425,1425,18,51,Exo84_Sec2,78,67.89155917120837,65.71834374559415,69.15084154190765,66.64009669713795,15.368570188467167,85.0,0.7500229810996368,0.4516555983095239,[16166.96057873 50410.58165867],[16182.66 50423.64],[16180.78807692 50417.28935897],[-21.63043511  12.12393178],2.936674082899899e-11,18.875027575834142,24.796480490376656,0.900909091082262,0.5625,1.4755770259922365,0.4172358553763147,-0.3595945113049806,-0.9566442426412995,8.122039979555138,15.707763973531812,0.1578797986466566,0.3859478749404272,0.3938774511726097,0.5811965180066817,-1.020965446917298,49.962892608282566,18.15584521747906,[-18.88353507   2.61514979],19.06375894539558,46.96837839086123,17.71281530284741,[-18.34531728   6.44115055],19.443227269549823,25.06691514134916,0.4359013049933445,0.3831850286838503,0.3065342000639908,0.5034558522411084,-0.2578311573449054,0.5,1.642413316804484,Sec2_GFP,180051,7.956613654739312,2.787369537733781,41,[16175.17121564 50426.21246412],Spot,0.45,0.55,18
1426,1426,18,52,Exo84_Sec2,27,67.27403793425167,55.24416305956828,45.745108598678186,66.25698947859514,10.684221222394012,31.0,0.6388750809604109,1.5595418216234558,[20077.64950771 50419.84720811],[20050.19 50426.91],[20071.35068966 50428.47724138],[-4.66453821 20.55980238],1.7657925478561003e-16,14.377674136025458,21.08230041130329,0.6094011269934011,0.125,0.6346636418276654,0.2822940890282054,-0.1645552366240784,-0.9565477836804316,2.847988044779074,16.178754712676607,0.3357035642899407,0.3539640238122558,0.5428047056402162,0.3444984112828135,0.0302848145726508,39.16142577475248,11.490547603911091,[-11.76257504 -14.77146382],18.882645865177704,38.5244148554996,11.318611316509363,[-11.63755221 -17.4500246 ],20.97465089349178,20.21488431327537,0.614130228216131,0.3397701524228652,0.4063315147358051,0.2165125480553979,0.6856669731973687,0.25,0.5328470478007925,Sec2_GFP,180052,3.166541142426913,0.3095424309422355,21,[20052.89516244 50425.33170944],Spot,0.48,0.52,18
1427,1427,18,55,Exo84_Sec2,54,50.88472736239389,45.47185458499798,40.40598754081599,35.06295901942536,2.9903258608052457,58.0,0.5414654761097044,0.686146264038569,[30399.29842701 53553.64706176],[30401.39 53548.55],[30401.11385965 53551.27087719],[5.12927299 0.39796858],2.3477564909133605e-12,14.002181337912129,5.144688558543183,0.3460012787283744,0.375,1.2568288623696704,0.1602278022807881,-0.0530376177341729,-0.9566838203689244,5.590495050862628,4.831950896527228,0.1490295289602249,0.1331654008531007,0.4332584609323074,0.5445317385655862,1.6833590887346364,33.99482676663188,12.965048740901617,[-20.66002183  -6.36718133],21.61891532821715,34.78074594147921,12.552365593445336,[-25.84089794  -6.45040844],26.63380887868452,15.659425509190362,0.6524759049021248,0.3073392747171692,0.2353877956170237,0.3388873979051295,0.4436797684599105,0.5625,1.4396982520559385,Sec2_GFP,180055,2.54257974970505,1.962912937149796,30,[30402.48576122 53551.17933603],Ring_Rand,0.61,0.39,18
1428,1428,18,56,Exo84_Sec2,37,60.43856787704137,55.33792622436936,111.00694526581547,50.64602480989407,68.73587357071027,41.0,0.7531830755898745,0.8295666787729573,[34025.19528477 55374.92414358],[33980.49 55323.9 ],[33978.78513514 55324.22189189],[-5.65125026  7.30263042],4.438176345239238e-19,15.07216796830074,9.233907110171929,0.6133749228700064,0.1875,0.8683516408612365,0.2841105459615491,-0.1667004044114377,-0.9565843740897282,3.586355315647723,6.12049640521948,0.2982640933715099,0.0992484908968121,0.4876162017259868,0.4234223288792843,-0.7456759244022289,34.0496975946431,18.957959759376266,[4.33267971 3.76805489],5.741981463083143,32.72304294170094,17.374470014613568,[-8.42188755  5.81120728],10.232219697831058,5.824231271582876,0.3337820257463662,0.0960336904834725,0.4595378435251112,0.429051715763541,-1.3898982814921446,0.3125,0.933659157366211,Sec2_GFP,180056,3.731013997858235,1.7225772153337455,21,[33980.78819069 55322.38380624],Ring_Rand,0.56,0.44,18
1429,1429,18,58,Exo84_Sec2,32,65.2210779715689,65.2210779715689,65.22457450175935,71.80131817074971,0.4823979018985826,32.0,0.6075714619828813,-1.2851603233055042,[16038.29876333 39646.51941491],[16031.16 39666.83],[16038.4346875 39646.0565625],[ 5.66124155 -7.82748001],1.189216149389734e-18,30.028390935438527,9.66018112058873,2.02117073444008,0.3125,0.6381286851860664,0.9362892336066084,-1.8101544911145209,-0.9565388451026816,3.269912199561159,14.92167117725398,0.1637523431615838,0.2335642917073292,0.5940834678678202,0.3791017022412707,2.317828538262865,49.2667012842022,18.66561813159076,[  9.89810604 -16.58896534],19.31751211717513,43.055008664336576,18.07240733828983,[ 8.73880522 -9.65868677],13.025242676469562,17.15825114519168,0.4629952196021389,0.1455922969655183,0.5059615587146281,0.279673867910939,2.0964428941312403,0.375,0.5527571474430538,Sec2_GFP,180058,11.433468258067,2.1839192451398017,26,[16037.39849164 39644.32188373],Spot,0.49,0.51,18
1430,1430,18,59,Exo84_Sec2,37,73.19641220144837,73.19641220144837,77.75378383540655,80.1850968192182,18.734669127721794,38.0,0.7008051515111716,-1.145278647530528,[24374.21295835 63202.10481883],[24395.92 63201.86],[24381.94648649 63185.04081081],[7.76091093 9.99234278],30.409253156670868,18.13634054786,12.652219279566616,0.4503413441664622,0.4375,0.7298380595181498,0.4030402946141503,-0.1108734541547936,-0.6108538147825099,3.902798431734287,20.14885331901741,0.0409913374491912,0.2945253454594239,0.5771174386879953,0.4212022715661312,-1.0189526644373077,52.89359140620245,20.502258442227458,[-7.36368226  3.15915449],8.01274444226219,51.74150327572247,19.42720388546498,[-12.1864943   13.13624113],17.918467411527278,23.963793482128985,0.1932333212922826,0.278243234409121,0.5512299254936684,0.4114309580486851,-0.6492367233907884,0.3125,0.7463871952891841,Sec2_GFP,180059,2.739319454139891,0.5736978102067221,26,[24382.65223626 63183.42486013],Ring_Rand,0.62,0.38,18
1431,1431,18,60,Exo84_Sec2,67,76.8452095307821,76.8452095307821,77.29327581943835,69.78655340539363,5.936064931631402,69.0,0.6567962357979915,-0.3038153685601851,[41283.14450366 41478.73385045],[41282.91 41480.08],[41277.48029851 41480.50970149],[-5.63357991 -2.05046864],40.89766096224184,14.687214381065507,5.995135052288476,0.2125400633696701,0.5,1.36765507656427,0.2055371201943889,-0.0162095883119596,-0.3710572416815427,6.856267515208882,24.81587940447521,0.0774085481990866,0.2802338509329312,0.4198280089463561,0.5741799077193537,1.434892505995011,53.9388855473325,17.211186164420145,[11.39563917 -9.50474269],14.83916189633785,50.218333796910166,16.685153827402587,[ 4.79225434 -9.10695256],10.29088366424456,26.626626617153057,0.267448968834378,0.2525542750012449,0.3495808779155156,0.5788901711539124,2.335791532339361,0.5,1.6559549097929056,Sec2_GFP,180060,1.739715396836876,0.3286470378564328,43,[41280.56829521 41477.79233192],Spot,0.42,0.58,18
1432,1432,18,61,Exo84_Sec2,49,66.8492946980944,66.8492946980944,66.85632713772245,62.04240310215948,0.6926276179039533,49.0,0.6278036903018043,1.06313952809006,[23782.54568727 45371.18568575],[23791.91 45389.73],[23782.20897959 45370.58040816],[ 7.27639917 -3.62392191],40.92625633521372,15.571848672847963,8.128886444528357,0.2518738409654466,0.5625,0.9825124181012224,0.2424934889308968,-0.0240946963726551,-0.3944921002639124,5.168570896080542,24.074919390005,0.1229546630002354,0.2675616723473881,0.4967848583716729,0.4880972924748256,-1.020376341316944,48.86959155314119,14.975272115063476,[-1.44917187 10.30157711],10.403008698580246,46.65624611244771,14.779047864331996,[-2.73064424 10.3804986 ],10.73364658881427,24.814108745302885,0.2288555328911972,0.2461331387160272,0.4610144070324187,0.4866107380326674,-1.393307182468064,0.6875,1.0555217594283313,Sec2_GFP,180061,1.7631168867581264,0.2566830276624268,32,[23780.57450732 45369.63108157],Ring_Rand,0.58,0.42,18
1433,1433,18,62,Exo84_Sec2,62,61.03659175152214,58.96632911935141,62.35883020148185,53.81155118860793,14.491301653589383,71.0,0.7003108719363674,1.3406227493997505,[33865.37146272 60508.70331333],[33881.57 60527.83],[33862.06532258 60494.59419355],[-1.76445726 -4.01000457],7.95971906522101e-12,31.74284467610468,4.381032536051306,1.9362796406246217,0.5,0.4959158728756798,0.8970605734621381,-1.6613891034019532,-0.956492368292878,6.539824399122318,12.185070309616853,0.0149200198767231,0.3371413061816513,0.6683379801866479,0.3314394128202303,-2.983726460762808,44.42037664288133,18.37980130148117,[ 4.39909044 13.40984721],14.112972718277536,46.05735365733205,17.516494606035646,[ 5.21542419 25.03822873],25.57564363398646,20.95086745062783,0.3730178211863211,0.2312431503591915,0.6055819819190142,0.2552757231583953,-1.787694989095027,0.4375,0.4215378442229378,Sec2_GFP,180062,15.246281136567031,2.08808731136925,38,[33863.94637992 60495.37513975],Spot,0.23,0.77,18
1434,1434,18,63,Exo84_Sec2,46,57.65607000562384,57.65607000562384,57.92322781083579,54.51754567385591,3.9691354847399096,47.0,0.5545538777280332,1.0039399027165528,[26654.65157491 54527.71790087],[26639.67 54514.71],[26652.52021739 54524.36956522],[-2.66698578 -6.6250181 ],4.950905764983938e-12,27.34588163215936,7.14168592967079,1.3664530157430244,0.5,0.8947669802433738,0.6329623429697204,-0.8273437020541894,-0.9565625823487898,4.641165702602936,7.528688300985848,0.1308397645167202,0.1192532525345658,0.5187344756741342,0.4641464803470749,-2.0153385837613467,39.03169071838825,17.848902195161223,[ 7.27575633 -0.03859043],7.275858672716102,37.71961553479189,17.001803344764898,[ 8.36741776 10.72912765],13.606169921859763,20.290293685623087,0.2996630022721764,0.1156594055709937,0.478299783158576,0.4319023019106496,-2.772772553199181,0.4375,0.9029949774563376,Sec2_GFP,180063,9.26773525920586,0.955756813084454,31,[26657.02742057 54526.79344847],Ring_Rand,0.56,0.44,18
1435,1435,18,64,Exo84_Sec2,51,76.29708534352305,76.29708534352305,76.35080064200012,71.2036857243494,2.04534398555406,53.0,0.7259124720419158,-1.4267081763877625,[35881.50780877 45523.62349846],[35892.08 45530.41],[35881.21411765 45525.64764706],[ 9.548965   16.08655443],4.713205405320018e-22,32.623327245124514,18.707216947042333,2.4283064778498344,0.3125,0.4991332230857963,1.1249138238519885,-2.6128927508859188,-0.9565305204559772,5.379532973471584,12.95973126643043,0.0784096502721378,0.4358996437244113,0.6629510382662785,0.3309008884779227,0.489252141987366,58.64621116113012,25.130190995001023,[ -9.93934952 -19.25004772],21.664602605356663,62.724428501329136,22.963523973386955,[  1.72431829 -38.58342927],38.62194049510635,23.989584911121764,0.3863782854560572,0.3443607991749886,0.592137136210292,0.2585746843177458,1.236988614197018,0.3125,0.4366804047667691,Sec2_GFP,180064,17.34157691413157,3.2809390425439804,37,[35877.93264984 45522.76019015],Ring_Rand,0.5,0.5,18
1436,1436,18,65,Exo84_Sec2,49,70.05343303041562,70.05343303041562,70.71020133780736,69.69718191924602,6.867889416990044,44.0,0.6350386245903075,-1.3974982510617495,[17369.06465177 49640.2553899 ],[17374.83 49650.8 ],[17367.88040816 49647.02040816],[ 0.75561551 -0.19614691],23.961840609760657,21.568601526546068,0.7806589621892369,0.4727338945521216,0.1875,0.6111982516052645,0.3678821785247331,-0.1351503943396193,-0.7771266915337571,5.168570896080542,14.336672593922588,0.0294267372360199,0.25757065463941,0.620118639118549,0.3790154280170931,-1.58847092917869,50.15993637446336,21.371178951142102,[0.33771025 3.47664597],3.4930095022223013,45.98914193444018,20.82544587805311,[-0.5815002   6.67413876],6.699423159789418,14.467312463443742,0.0896480374628542,0.2426188716792522,0.6150227100491035,0.3769405193299552,-1.5656492471367458,0.375,0.6128887814563145,Sec2_GFP,180065,3.309137261864852,0.9823167445702152,41,[17365.39893524 49647.95448579],Spot,0.4,0.6,18
1437,1437,18,66,Exo84_Sec2,32,62.76092441332801,41.61187884128204,39.12151976515792,38.8846482358989,3.47898905293458,39.0,0.574977868449928,-0.7273101071845143,[18051.08491549 49124.4270106 ],[18059.2  49114.08],[18054.39151515 49123.34545455],[1.35250409 0.9080047 ],5.964599289087879e-15,16.61448943213725,1.6290303428184698,0.4892680511704366,0.375,1.106255216779854,0.2267702938353621,-0.1061038905589308,-0.9563090996628588,3.269912199561159,6.047794357781739,0.0418182547938558,0.0737197073929172,0.473945999332489,0.5243052342335072,1.6140834803844746,26.91269823484808,14.026728624493758,[-3.17847158  6.84208995],7.544327436829072,23.90009107189581,13.008205980190306,[-7.93654338 -0.01808465],7.936563982765814,4.4615606645125,0.2379000508919972,0.0421676911338579,0.4774060052518464,0.4659975605337387,-0.8605097596910285,0.3125,0.9761032651608782,Sec2_GFP,180066,2.76771805440434,0.4260792429899748,23,[18046.1864209  49113.04089584],Ring_Rand,0.51,0.49,18
1438,1438,18,67,Exo84_Sec2,59,57.08757135116859,46.52920101691627,41.63625301602731,51.391976870911215,7.697739207353711,67.0,0.6683983440588064,-0.4781105930696717,[19665.20818682 57346.65009355],[19671.66 57366.94],[19660.90241935 57353.03096774],[ 3.34638249 -0.39146345],13.321151634747824,10.211718978217664,3.369201592706962,0.1142266978681044,0.625,0.950049299880811,0.0944004061317773,-0.0077859823738318,-0.7220577460365137,6.223381283035756,8.99001573631926,0.1566684403966264,0.1310566457168776,0.5002206866479271,0.4752343131357616,3.1178537056294005,32.65462701281018,12.82660187422573,[ -1.03936722 -18.2583829 ],18.28794221027071,32.74661253709926,12.09543004167487,[  6.07075027 -20.35772342],21.24360872552515,18.231904215338776,0.5495269696026803,0.2957641252435479,0.3382309651151635,0.3597891445641315,1.7869953680851842,0.75,1.06373804196676,Sec2_GFP,180067,0.8773919146226626,0.6193935806803689,30,[19669.45564792 57354.56120794],Spot,0.37,0.63,18
1439,1439,18,68,Exo84_Sec2,88,64.49472333803897,62.70885894298586,63.16059811593286,58.12929893554916,5.386119936930178,88.0,0.6050066393743101,-1.063323106521859,[32012.53852756 59926.0793809 ],[32027.39 59920.61],[32015.15602273 59921.37204545],[-1.37524652 -0.31268385],1.8927865537104868e-11,31.89563864759772,1.4103454087650515,1.224416292221974,1.0,0.8873703187356509,0.5672041525257056,-0.6643082412991087,-0.9565356016956418,9.17685036651035,11.09718547023625,0.0127726412610818,0.0815311824007263,0.5297512892461963,0.4700855703890192,-0.3824155352369484,44.04983712329959,20.719664507570087,[4.26128619 0.76720275],4.3297990764874665,39.523447388700426,20.048641448566432,[2.16287176 6.26951499],6.632106186529626,11.471943439555169,0.0903302710701324,0.0728613553228055,0.5099856685930731,0.4818547735353233,-2.879394290623547,0.9375,0.9448398321949788,Sec2_GFP,180068,11.486042947245032,1.688540625616847,53,[32013.73438378 59920.65367205],Ring_Rand,0.51,0.49,18
1440,1440,18,71,Exo84_Sec2,51,45.60690276949712,43.70964097935758,42.59083616258569,32.37154012179063,4.401469591519817,56.0,0.6116289925851514,-1.376684220522982,[29009.81277157 58882.77139639],[29020.84 58901.59],[29011.81769231 58878.85307692],[-1.37763444 -4.59589211],1.7586438574206563e-11,19.9399957613258,4.797926733077075,0.7054157971048788,0.5,0.6407413890717261,0.327048404185479,-0.2205959140785951,-0.9561813059980386,5.274051934776064,6.907781894245811,0.1074816885304476,0.2618325872855125,0.6024396612496459,0.3860080253809982,-2.645409888940653,29.042478119236453,13.900746213116042,[0.54867994 1.13327838],1.2591145930517624,26.68146982369099,13.2285539498535,[-0.93129265  7.14668559],7.207109049869778,7.471057282372337,0.1371393159314905,0.2707983556894803,0.5949677139311609,0.3862250940946821,-2.4707173924171344,0.625,0.649153029737962,Sec2_GFP,180071,5.037676427387996,1.0366704961183706,28,[29015.48408706 58879.68973108],Spot,0.31,0.69,18
1441,1441,18,72,Exo84_Sec2,51,76.67428832146655,73.6528642402411,77.91235083756614,76.35020141323143,23.650564981039008,59.0,0.7498776955693748,-1.287846662472006,[24532.37984144 61816.99288945],[24532.58 61790.36],[24536.85519231 61793.76961538],[2.00113122 6.7788885 ],3.45109644172908e-25,34.89338882470567,7.068087111052931,2.538005035294012,0.25,0.6113072741571146,1.1757521553182444,-2.854327001459289,-0.9565231006164888,5.274051934776064,10.866189563679622,0.0821354358418795,0.3268744930860713,0.6164272861603272,0.3768264840187372,0.7779407214621618,72.4124384144959,20.53972826418532,[-11.61860396  54.49572345],55.72051536045979,65.16742949482052,20.28308027778106,[-10.72981826  48.73641606],49.9035795307497,35.27689539833106,0.7653833381935512,0.3281351515822636,0.3369692088377783,0.0772191367779173,-1.2994443645541132,0.375,0.2291578421786654,Sec2_GFP,180072,18.124981310833554,3.1648094604426715,36,[24527.893006  61789.6040981],Spot,0.26,0.74,18
1442,1442,18,74,Exo84_Sec2,119,72.11197232130195,68.9518085118007,68.22260116888484,60.23637421834397,9.427228606715683,125.0,0.6888205918048661,0.5138153120226264,[31407.29553534 47607.91857873],[31406.39 47589.75],[31416.14561983 47611.16644628],[-3.15573577 -1.34363137],31.08400057326767,22.029516211389424,3.429870769188601,0.428489772707141,0.6875,1.6050013989954464,0.3639228174719343,-0.1076448364779155,-0.6903088729991084,12.55224360476703,20.389425589766645,0.0985437108277362,0.3856219887139765,0.3801491766715288,0.6101399603847708,0.5011293742470645,52.2639738343886,16.536204552679273,[-20.11877706  -6.07131173],21.01489986998464,51.336407890666685,16.21921824907799,[-22.80935916  -8.95448568],24.5040747449618,26.294750831039536,0.442680031999044,0.1178799056721931,0.2954188298158529,0.5086155594534725,0.4017952289180062,0.75,1.7216761699669387,Sec2_GFP,180074,4.674271574527893,0.8434626479183439,61,[31411.64461726 47608.40186143],Ring_Rand,0.68,0.32,18
1443,1443,18,75,Exo84_Sec2,39,59.03514469299672,59.03514469299672,64.0181211481145,44.1232697999621,17.687357505204147,42.0,0.7332327754686233,-1.5470954467367026,[32831.78301285 61829.03684081],[32822.5  61842.91],[32831.36384615 61846.71923077],[2.31119122 9.19459256],1.840616495272798e-26,28.548908310826583,9.480619027619458,1.871822827744996,0.375,0.4400263809192216,0.8670633517490015,-1.5524858043656566,-0.956559673768982,4.1137605091253295,11.887481590761247,0.0539559239085459,0.3865002362780275,0.6924100637925098,0.3046786944826654,1.0308862742235714,43.760563747990936,18.44331416423072,[ -1.49608912 -11.60223102],11.69829249227499,39.03909535889746,17.960857447162283,[-2.83759771 -7.77525008],8.2768638122871,16.210349439474697,0.2835525710131872,0.3041393668713176,0.6482852531708048,0.2713126863010066,1.456092517205464,0.375,0.4185081875208464,Sec2_GFP,180075,11.689529812623928,2.3783059882704745,26,[32831.10311945 61845.22283161],Spot,0.43,0.57,18
1444,1444,18,80,Exo84_Sec2,40,64.37865314248232,64.37865314248232,64.4288329234935,60.49182638098286,1.81596258887122,46.0,0.6773918852585152,-0.3013680484229969,[21919.42911953 49894.3699735 ],[21908.64 49882.08],[21917.695 49894.909],[-0.14553053 -5.41126858],34.150461893093315,13.86624961022636,5.413225175930767,0.2632795092505301,0.3125,2.625521770446503,0.2519833801958363,-0.0280311256028845,-0.4225241922956609,4.219241547820851,20.478044131744333,0.0322239769493745,0.4676760315902947,0.2755359582867815,0.7234256570227846,-2.121364420931396,46.62968489093209,16.599076980325744,[6.94809487 3.3843835 ],7.728523405386474,43.333335861019926,16.224795943505214,[4.95240274 1.37777681],5.140482645505401,20.538493653576,0.1579616238113593,0.4274168883147425,0.273966693395453,0.7010814320074257,-2.854045125672035,0.25,2.559002422223129,Sec2_GFP,180080,1.6651258209660913,0.4569019801227641,27,[21919.43651744 49896.61713913],Ring_Rand,0.52,0.48,18
1445,1445,18,81,Exo84_Sec2,49,67.5471890174807,67.5471890174807,67.61565039033103,63.21221936822334,2.172818345668989,49.0,0.5478244226329366,-0.9579199198696384,[22810.37863001 50556.34937618],[22845.16 50557.27],[22809.12877551 50558.12673469],[0.16033045 0.61604815],6.267744064946355e-14,36.90190219308261,0.6365698540895343,2.4303330910712764,0.375,0.9449937108784044,1.1258175082600552,-2.6172146495057294,-0.9565453040280192,5.168570896080542,13.943562874659673,0.0507109512150436,0.1530605729159483,0.5128183159915739,0.4846100834352916,-1.7408315210352463,48.480605621903486,21.45180707562976,[-1.69906603  4.42871867],4.743455960023736,44.05298029568297,20.87607701277544,[-1.58587855  6.7891021 ],6.971866187737998,17.935234917000074,0.1248817629220038,0.124478018668349,0.5044479385494709,0.4799566067400216,-1.2773576186727853,0.5625,0.951449237992976,Sec2_GFP,180081,17.012331637498935,1.2404210130025155,38,[22809.79901187 50559.05346458],Spot,0.49,0.51,18
1446,1446,18,82,Exo84_Sec2,65,63.53173354095919,51.10872182768282,48.03628626817534,50.84841291507121,3.7793609345472734,74.0,0.623643513358657,0.1840970865849916,[38929.8399546 57080.5939256],[38925.33 57084.61],[38932.83731343 57082.89597015],[-0.28113752 -4.29788846],12.880951148251294,16.83965553180664,4.307073659046216,0.368463377769638,0.625,1.7803626180538152,0.2498176584044421,-0.0791219868084541,-0.8595669759820395,6.539824399122318,8.531666387014864,0.0745933190241495,0.2763231375112148,0.3576640796059335,0.6367717571510281,-3.090501114669362,32.03162278941525,13.976782999644067,[ 5.4882665  -0.18000498],5.491217618181272,28.03220504099016,13.189617127318588,[-2.44806971 -0.04416835],2.448468121891648,8.623926488623132,0.238378870687228,0.2334659599213916,0.3266066649234184,0.6165688490864633,3.1172753214392235,0.5625,1.8878024097610933,Sec2_GFP,180082,2.97064672238752,2.0537502377458123,38,[38934.31489771 57080.0514316 ],Spot,0.32,0.68,18
1447,1447,18,84,Exo84_Sec2,31,55.88337697303656,46.43522839191948,37.90314383327336,31.96638292293776,14.513475983411148,36.0,0.6955199554723391,0.3866467923069425,[18644.64233282 63862.46246413],[18636.35 63865.47],[18630.87235294 63857.87676471],[ 2.81416334 -1.71200855],0.3549669195106789,16.891732091594225,3.294007985326063,0.5699375291803518,0.3125,1.291226445716296,0.2668511082927184,-0.1452675720147853,-0.9551518291037152,3.164431160865638,6.346171693983884,0.0811804828223606,0.2255651277188861,0.4335711693036797,0.5598385599050488,1.5873095686648604,23.460754827413137,6.948129920628113,[11.59547004  2.84284109],11.938872262141375,22.84458729998618,6.814457910102006,[12.38399903  4.06912751],13.03538379063181,11.65345553462998,0.425325668837085,0.040394178787068,0.3372024358855843,0.481895639542702,-3.0398207821211733,0.5625,1.4290989277023294,Sec2_GFP,180084,3.173277864009758,0.1072948117442418,20,[18623.26845734 63857.26310402],Spot,0.43,0.57,18
1448,1448,18,85,Exo84_Sec2,86,71.09919723496745,69.04787082512023,70.16140594998566,68.84640220090988,8.893199058135801,91.0,0.6496288659559356,-1.1000708071683585,[29275.23361735 44834.56003983],[29304.   44836.42],[29279.26697674 44826.63406977],[7.61232013 7.56972446],31.461830474521346,14.499284836925185,10.73536893750285,0.2302069067547551,0.5,0.8609598670186613,0.2170278091297831,-0.0240731800075382,-0.4818365356591338,9.071369327814828,12.74120253547748,0.1199058847033028,0.1683113924169467,0.5296312920452866,0.4559912867682317,-1.9719850179691136,53.56872312927498,21.066469554667265,[-6.84940475 19.75450464],20.908247152375903,47.571414603284815,20.43099274326793,[-0.71628006 15.73208811],15.748385743919169,20.00648840274747,0.4114250149252385,0.2103182057226321,0.4324533881867636,0.3982760689070036,-1.290881086514984,0.625,0.920968779032898,Sec2_GFP,180085,2.134851028271752,2.9378999610572043,51,[29278.53894996 44825.35778674],Ring_Rand,0.55,0.45,18
1449,1449,18,86,Exo84_Sec2,31,65.9143749630691,65.9143749630691,81.59566758529945,56.13828862466808,34.35371338629725,31.0,0.7631618402447432,-0.7678239000865494,[20556.40737806 45875.61787915],[20560.33 45848.81],[20581.12225806 45851.75677419],[-3.51131729 -6.0458334 ],31.293475547785608,12.444875043161035,6.991527062666,0.2652256330651261,0.125,0.8033052086893787,0.2543542565932697,-0.027886147935995,-0.4133653051876303,3.269912199561159,14.64183658182823,0.1009503716134905,0.3953914930335954,0.5488860220120364,0.4409230004590618,-0.0225753892119383,61.38129411265904,19.41446983670503,[-26.85048249  28.81021904],39.382446988937936,60.89394990266583,18.91430548863084,[-33.39959791  27.08514003],43.00160405606344,29.68635793003088,0.6799943160036374,0.1601315235854026,0.2524471446514088,0.2851605855513367,-0.7852145574987418,0.3125,1.1295853076298417,Sec2_GFP,180086,1.476713827889041,0.0147675260945283,21,[20579.34381981 45855.03038514],Spot,0.44,0.56,18
1450,1450,18,88,Exo84_Sec2,93,56.31484413454382,53.12706290125087,50.47676908061224,45.550948285667154,4.981266469683622,106.0,0.70986425616944,0.8933860040235483,[29637.20163616 44043.90537148],[29639.14 44044.58],[29638.67333333 44048.66427083],[-9.04592436 13.51361201],5.0799035465446734e-08,18.103943343318768,16.26180976989469,0.5705566793674781,0.875,0.9596348336885092,0.2642739187710451,-0.144237754580804,-0.9565900391673878,9.704255559987956,8.401014076213617,0.2119063140397805,0.2555064764547405,0.4873845359608921,0.467711178109182,-0.3981938939354014,36.653453304025405,14.44144428419917,[-5.10541175  8.66755298],10.05940872077846,34.13002110665968,14.145497471810838,[-6.35304491  8.58956208],10.683714540955355,14.22459543298494,0.3640565532795281,0.3855678565559235,0.441356168792451,0.4261066572217791,-0.772724352314585,0.8125,0.9654485138105252,Sec2_GFP,180088,5.502249355171794,0.6919719770534751,43,[29633.19099545 44052.22239663],Ring_Rand,0.65,0.35,18
1451,1451,18,92,Exo84_Sec2,67,76.4514422577638,71.06213104818795,67.1506665384203,58.15815775292302,4.069585255109166,83.0,0.6914441318634993,0.9899534833030904,[28030.47094222 64054.63782264],[28047.56 64037.16],[28028.36811594 64051.15362319],[-9.43188124  8.93581316],4.3449293215992426e-12,25.056254042582893,12.992657172728483,1.2872177434645582,0.375,0.8804618235013998,0.596225822112347,-0.7341540244435679,-0.9565868031187786,6.961748553904403,8.87952951964131,0.1182394724107361,0.2138776452792704,0.5243496118033777,0.461669815360653,-1.103684815539372,51.71485712732789,21.464648064307525,[-22.52979049  -9.04068088],24.27602459532322,45.00950871096785,20.188483520157764,[-11.90938609  12.21013088],17.05639977465313,22.03994604449468,0.5044821137636086,0.2903470372407974,0.3936019961731865,0.351895800719415,0.2967105600147041,0.4375,0.8940396749527139,Sec2_GFP,180092,10.53633132447102,1.7880627627794945,42,[28035.3105993  64048.98159223],Spot,0.41,0.59,18
1452,1452,18,93,Exo84_Sec2,93,72.24131551466375,72.24131551466375,75.45021483530506,69.14567663638583,15.549907332950337,100.0,0.7160315607917147,-0.4160453803865623,[29272.81615777 54336.71153514],[29293.45 54313.81],[29287.03956989 54330.42709677],[-7.51277076  0.90020063],3.152622891423298e-18,32.121397910680066,7.566510802119641,1.730373559839748,0.5625,1.61052921110085,0.8016564316273037,-1.326820139347299,-0.956497640904621,9.704255559987956,12.07930657854988,0.0798740042583343,0.2691355163427254,0.3806201973218809,0.6129999461218587,-1.0383805924947591,62.83182668897412,23.68580653888732,[-30.4766443   19.45896097],36.15905155832832,59.6632849656292,23.15623834843725,[-34.24041011  16.55929636],38.03440521929851,24.684724883351866,0.6389613518137266,0.1285110636747789,0.2068734351235444,0.3848549557648307,-0.5231432922562174,0.5625,1.8603401424402128,Sec2_GFP,180093,16.687118297150676,2.6500794794018043,54,[29286.81110182 54334.60805409],Spot,0.44,0.56,18
1453,1453,18,96,Exo84_Sec2,85,58.6828123740424,54.057991329830266,61.4202077624095,47.74790431771278,22.60864695955653,88.0,0.7849648465183666,-1.4081064930719451,[27694.19616943 50563.67561769],[27706.31 50537.94],[27696.9005814  50541.22930233],[ 0.09734126 -0.20701049],1.1850874004120436e-11,29.97222484662189,0.2287545923168653,1.7670569776311973,0.5625,0.3820328008090795,0.8185215852122447,-1.3835526789686394,-0.956566152719512,8.965888289119308,13.062648315259556,0.0329850247780082,0.4869289784476384,0.7227845732428377,0.2761274148975566,0.4594045394022062,37.818571813379975,16.64222726813364,[ 1.78453526 -1.94852647],2.642219052812457,38.8307169761579,15.78028450343758,[  6.24388954 -17.07802002],18.18364442174793,18.48438978375131,0.0878981361188449,0.4743389823436056,0.7099687391672579,0.2823051784995751,1.7066402854386409,0.5,0.3976304348705531,Sec2_GFP,180096,16.291460363840425,1.037500854351733,38,[27697.88768492 50539.03304472],Ring_Rand,0.64,0.36,18
1454,1454,18,97,Exo84_Sec2,60,58.560873309811626,58.560873309811626,61.41667884002382,57.32896599632103,13.221668920601395,61.0,0.7209303435825081,1.1841678494626262,[30095.74863371 41979.83005289],[30077.33 41995.11],[30090.76316667 41967.58433333],[ 3.5890284  -9.53722627],29.50402916654954,17.18328968411337,10.190182027082235,0.2697349842483194,0.5625,0.6108297158332597,0.2428977261308474,-0.0392515716116196,-0.59909586717335,6.328862321731276,12.462823342340688,0.1168792356982015,0.3066245753657744,0.6123175122532333,0.374021732009371,-0.1437877495283169,42.56966736822466,16.37503917169983,[-5.70421057 -5.4732978 ],7.905378357822103,39.7211161516679,15.613534037333803,[-8.44810326  0.70533147],8.477496158432311,16.272512637489587,0.2154407465291954,0.304096226807826,0.6023392933080911,0.3512459914268519,0.4853067213775888,0.6875,0.5831364404234421,Sec2_GFP,180097,2.089358203766522,0.2604295844670424,36,[30090.74002032 41964.3932122 ],Ring_Rand,0.7,0.3,18
1455,1455,18,98,Exo84_Sec2,54,71.93660167616176,71.93660167616176,72.54118295849992,73.74913791393207,6.675746702238014,57.0,0.6599826636191332,-0.0691909924274884,[32121.36144003 60872.68105952],[32118.8  60903.61],[32114.70166667 60873.14259259],[11.9115572  -5.15062651],4.0830368196624986e-23,37.60973393594456,12.977447680703891,2.718389704250632,0.625,1.743292295089902,1.2592769651201403,-3.274447880858665,-0.9565443399978484,5.695976089558148,19.559156458469264,0.0983142916345067,0.267660622036135,0.3610021075161991,0.6293321925442062,2.452577833501299,53.087606694410496,19.147705327804186,[11.19291931 -7.26432157],13.343605611160363,50.15164743528816,18.763744520586155,[14.15815883 -5.15463037],15.067304857114427,26.73364125372936,0.2679494158828187,0.2643985292318757,0.3322148197063707,0.5959882908216856,2.625786794538339,0.6875,1.7939846613358548,Sec2_GFP,180098,19.976003092347955,0.6126771235339015,38,[32116.03645329 60872.66069315],Ring_Rand,0.73,0.27,18
1456,1456,18,99,Exo84_Sec2,51,79.36988886860586,75.23318720098416,76.08646445776337,68.55323645922502,8.116423802326645,55.0,0.7109609736292709,-1.3143634549786805,[40931.65701363 48250.62191739],[40900.34 48252.78],[40929.59843137 48258.47294118],[-3.76332012  4.9746086 ],36.08143070454819,21.72524123212076,6.237732685986225,0.4850999908324308,0.25,0.4381816291486827,0.433047643278567,-0.1292976521829718,-0.6154938149205365,5.379532973471584,21.868730963063623,0.0250945621893206,0.444739271756803,0.6948845978098702,0.3044856651386561,1.842224324589708,53.95849095948651,21.29149586731268,[-4.08945898  2.65017177],4.873098109726909,50.58512387531277,20.182199209377693,[ 2.35393201 -8.53599821],8.85461808415423,22.376429497556288,0.0521529966526686,0.4228878743169326,0.6738066092042981,0.3234734557358484,-0.4963789057816654,0.375,0.4800686893199816,Sec2_GFP,180099,3.4643068652165976,0.6112211091897098,33,[40926.85149117 48260.72981032],Spot,0.43,0.57,18
1458,1458,18,101,Exo84_Sec2,93,57.20782843930784,52.45492019304944,59.62348462798488,48.94282193946485,20.24645681682727,96.0,0.6966304318085887,0.7563046641402802,[42436.20158307 47270.61255882],[42460.5  47287.16],[42450.9283871  47284.50645161],[3.87543718 7.45501392],3.575874326718534e-26,17.364155571473713,8.402157220235253,0.6140010661455683,0.6875,1.0300468814059265,0.28455859195785,-0.1670919539076693,-0.956345258600878,9.493293482596911,6.898087546760007,0.1605690133030601,0.1170187258554357,0.4798990608986226,0.494318531068259,0.3303176149450894,45.57012498729192,15.68604615306594,[-21.77629867 -17.16700147],27.72928277288529,39.59211320302611,15.35343354390128,[-17.41941316 -14.20522543],22.47719699235265,22.87269933702949,0.6546179917959896,0.2273830219303181,0.2810307297696598,0.2904445550473258,0.6545115307256091,0.5625,1.0334974943323163,Sec2_GFP,180101,5.921211848785196,1.3845700705732045,50,[42447.58690851 47278.98287602],Spot,0.48,0.52,18
1459,1459,18,102,Exo84_Sec2,57,73.13754587795727,70.79740007556903,84.49581637773727,70.96431215465479,36.97592745131456,64.0,0.7548256906038732,1.3366612254689283,[17418.35215005 45553.57386335],[17432.83 45587.34],[17425.7437931  45589.80344828],[-3.44057818  0.85438759],25.998232987333207,15.56017187784862,3.545074945040492,0.255772828317432,0.25,0.6726387575866457,0.228697566338173,-0.0358302818646502,-0.6125397480895514,5.906938166949192,16.347177179446096,0.0696438846148751,0.2665050812580538,0.5949579518123772,0.4001917775233728,2.6052771808186432,47.58095345572002,21.857238037874502,[1.20628856 1.87442035],2.229032013953708,43.32394788048802,20.61664712294955,[ 3.31031787 -6.50163935],7.295856266806748,14.01974526115837,0.0798160816604987,0.2766970607664246,0.5981528417689633,0.3954765513394013,-3.082387067996041,0.375,0.6611630401517915,Sec2_GFP,180102,1.9310425068375408,0.8652256810775675,39,[17427.59918807 45591.58667539],Ring_Rand,0.52,0.48,18
1460,1460,18,103,Exo84_Sec2,65,49.854481566509016,47.46101080042794,49.81781616368347,40.99546691752956,10.81540995099348,67.0,0.7334021382105534,-1.342439827846392,[39745.55466769 45038.85674529],[39752.81 45061.28],[39743.10630769 45049.39138462],[ 2.16828453 -2.19731406],15.96440045654296,17.411086435431727,3.0870126202353334,0.3843423529044483,0.625,0.447377604721345,0.2780605137320586,-0.088313631220291,-0.826361693191611,6.750786476513361,10.68867385166869,0.0679873423033452,0.4482233229718046,0.6877111529428162,0.3076665683437116,2.3836291002822008,36.47194919297399,12.50916127296782,[  3.3600003  -15.00829934],15.37981310282928,36.85963911205861,12.228466719427995,[  5.50452055 -19.57923342],20.33829215112412,16.59513859226473,0.4568970213210682,0.2136664425238774,0.5767429727473885,0.214502139160547,1.8853322117288849,0.625,0.3719198140182598,Sec2_GFP,180103,3.098667112703184,1.693473669342795,30,[39749.0123033  45050.23439248],Spot,0.35,0.65,18
1462,1462,18,106,Exo84_Sec2,51,72.80204114016688,72.80204114016688,73.0168730480931,68.7230195636169,3.9978664939632886,49.0,0.6151662067874256,-0.7573930882937722,[20137.49771284 46488.91354377],[20133.33 46495.72],[20134.5927451  46491.66019608],[6.08921318 2.91829566],35.06914952509485,22.11347378380459,6.752404515114018,0.4059572628124458,0.5,0.9065010130709104,0.3577372176073942,-0.0926096210238897,-0.6376930247173948,5.274051934776064,25.53168814147177,0.0223940795044387,0.1473324843704878,0.5242580509271272,0.4752404542760217,-0.7945216214550218,50.48611724878588,19.45831297916151,[0.35665723 3.4009765 ],3.4196265165562405,48.17560333347971,18.691936437643964,[-1.12212745 12.27284034],12.32403261679103,25.101509719525144,0.0715845343352549,0.1528047021411261,0.5105520984642995,0.4843235559797053,-1.3742195083581548,0.5625,0.9486270988534028,Sec2_GFP,180106,2.899114737422242,0.2711626367395899,38,[20132.29409001 46491.54120598],Ring_Rand,0.62,0.38,18
1463,1463,19,1,Exo84_Sec2_b,55,69.35094127135169,69.35094127135169,70.16931880844429,58.37595707542392,7.632511249154347,49.0,0.5956672278755837,0.3845499025878811,[18910.90163439 63974.47218424],[18891.94 63984.75],[18903.82654545 63971.60890909],[-2.21440594  1.84065178],4.750362108759308e-13,32.846605039640004,2.8795125687462098,2.076468739071947,0.3125,0.9443229415878568,0.9619578895600291,-1.9106159080913605,-0.9565153222187024,5.695976089558148,9.665266901287133,0.0274269138974642,0.0581333667871269,0.5139309643582214,0.4853168000358396,-0.3583355347819562,48.332729973943295,22.87766901838604,[-4.25231081 -0.98566394],4.365052192117466,45.55531949294053,21.195290831549247,[-11.48586162  11.20665683],16.04724819213544,12.307479064373922,0.0831639970768887,0.0502467960469392,0.507952711562648,0.4851310380275471,0.2262880874925588,0.375,0.9550712634944046,Sec2_GFP,190001,15.399504321206813,2.712878555254253,40,[18905.50735543 63969.3740216 ],Spot,0.45,0.55,19
1464,1464,19,2,Exo84_Sec2_b,69,63.35532296665141,59.353010302792526,59.45854309230665,63.35353994405647,2.5292689369136285,74.0,0.6718651057993443,1.3206811928949118,[31512.3397638  52743.97928704],[31515.59 52737.66],[31512.9657971  52746.42985507],[-0.23969283 -1.99368023],26.71267071678185,20.25542391230568,2.0080372285365287,0.3290508906725434,0.6875,0.5774156052079624,0.2729700467450446,-0.0644785452054937,-0.7178557201413305,7.278191669990967,18.12160173337384,0.0628129561603144,0.2703997626093049,0.6314471146664518,0.3646074178719509,1.0023039853150786,44.86555707534807,15.129461847721853,[ -3.20795309 -14.32796565],14.682696029677809,41.42449492975313,14.811734506966229,[ -1.81256148 -11.60836903],11.749025949338671,19.717996106289792,0.3275053461922012,0.1220886991839478,0.5576984089242153,0.335041839291311,1.3953778171955038,0.6875,0.6007581049721792,Sec2_GFP,190002,2.733301980574996,0.2482321206545971,42,[31511.00255048 52740.24749876],Ring_Rand,0.58,0.42,19
1465,1465,19,4,Exo84_Sec2_b,57,74.05755920068123,68.54715943994108,68.80372070973672,64.93568651105585,4.24016967668107,60.0,0.5263059063983447,-1.3510696035598078,[15574.90876119 47797.66791686],[15558.94 47791.88],[15573.9845614  47801.80614035],[-9.7304719   0.78688072],34.44337129787268,15.100046781689338,9.762236666017404,0.2096422818562887,0.625,0.7489334107051862,0.1989511061670417,-0.019092780357342,-0.4577664293286174,5.80145712825367,21.164687974191164,0.0862454710298709,0.2111669569050857,0.5675240192973532,0.4250376994294826,-0.8354886731757633,46.033276696232605,17.2971597565037,[1.21732605 1.53975852],1.962839524573132,42.84909293086514,16.54479270185406,[-0.4375211  -6.28831042],6.303512721246122,20.99390358890938,0.0958747837985375,0.2025039952597838,0.5706221399185868,0.4201858859129967,-1.1195191391816697,0.6875,0.7363644985330338,Sec2_GFP,190004,1.582764518647345,0.2503696770545571,37,[15566.08594231 47806.01981863],Ring_Rand,0.63,0.37,19
1466,1466,19,5,Exo84_Sec2_b,33,56.60189965415584,56.60189965415584,57.35571848062423,56.171727590155136,6.620291856866466,35.0,0.6253592415893875,0.4680261463054903,[20763.74043902 63942.12159882],[20743.62 63939.43],[20769.64878788 63945.10818182],[-7.52824329  1.50662885],9.103244195214646,20.09407431150283,7.677524179370906,0.6281659611995025,0.3125,0.8867698930264037,0.3671230894061444,-0.2102216046931163,-0.9115725695269252,3.4808742769522016,8.534202489337105,0.1038535436798333,0.0622515784742144,0.5242899227517501,0.4649245187133909,-1.3448152359676695,43.19192032284701,18.168760154802445,[-5.46496071 14.18087026],15.197462842835982,44.16421702508201,17.551413449569075,[-0.70724557 24.96899837],24.9790127070592,16.27368554163238,0.3899513148887001,0.1898898139585339,0.448734539470066,0.3992034325465078,-1.2093058838381907,0.25,0.8896204714215846,Sec2_GFP,190005,3.608538716533319,2.013050401877009,23,[20766.62028205 63946.37396311],Ring_Rand,0.54,0.46,19
1467,1467,19,6,Exo84_Sec2_b,60,66.00743232787397,66.00743232787397,66.33784097713252,69.94358443908706,4.723369116473764,61.0,0.6344968194603062,0.4218207541009953,[27391.19415782 47478.56681408],[27392.31 47474.19],[27395.5035     47480.50066667],[-8.34160601  2.02722553],34.26988618829697,18.600659644934453,8.584406451668695,0.2501352415524585,0.875,0.9649928018080968,0.2290186368060882,-0.0322953727944292,-0.56376043426186,6.223381283035756,23.96720460906703,0.0300509247734464,0.1249693657857115,0.5084481434236997,0.4906487984965609,-0.4548266734048117,46.10774774116023,16.036034536758756,[-3.84039496 -0.8787239 ],3.93964327645889,43.32702869964028,15.697141357902852,[-3.01300042 -3.56356564],4.666601718010754,24.7397275795424,0.0781166855191102,0.1312280689898455,0.5025681178066806,0.4913296656368277,0.0736979799105278,0.75,0.9776379524055364,Sec2_GFP,190006,1.9375392496644823,0.3526113792026401,42,[27396.25662353 47480.71356397],Ring_Rand,0.65,0.35,19
1468,1468,19,8,Exo84_Sec2_b,35,64.75001902781328,60.15467773294311,58.73122680874346,59.68499208929584,9.364680348303668,37.0,0.6391058818257047,-0.5763112520235959,[18048.93352642 42490.18529076],[18055.69 42475.  ],[18055.2975     42483.31527778],[3.55696732 5.06542024],3.3818895442415493,26.09803660430021,6.189547539254433,1.2231880942085789,0.1875,0.9212529867771748,0.6057697077632566,-0.7015385426671867,-0.9467836268191298,3.691836354343245,12.773395201420076,0.0603960920251389,0.231866718409593,0.518595062141937,0.477757249926154,0.5652425465750198,41.62722357474586,20.19234353849184,[ 3.52281253 -7.60883996],8.384787037610272,35.82348560679901,19.525005755497475,[ 1.91932614 -2.12883052],2.866309860268057,10.715742104031362,0.2289124606484934,0.1908372726521681,0.5080558073334084,0.4395432780264437,1.706853745978773,0.25,0.8651476307955993,Sec2_GFP,190008,7.236478355075522,0.6988385595649883,25,[18057.71941155 42487.23220612],Spot,0.45,0.55,19
1469,1469,19,9,Exo84_Sec2_b,68,45.34979865306397,37.25015403028544,35.00505048527762,31.69127105507102,0.1822352834603119,75.0,0.5992850192297903,-0.7924719270176356,[27895.60665519 47905.59048833],[27888.19 47854.07],[27895.48185714 47905.72328571],[2.88657748 0.22323541],3.763532220219082e-18,16.83717898788624,2.895196641171286,0.55733494219507,0.75,0.7827989648382752,0.2580617714136367,-0.137604336424633,-0.9567361285084738,7.172710631295446,4.958059746211459,0.0703806327152091,0.2303640343442237,0.5581372808508847,0.4369092856877222,1.9198959205259944,26.10395449582605,11.688742780070353,[ 4.08399862 -5.631959  ],6.956867609001657,25.28316143830033,11.173711405920033,[ 5.6739701  -9.70393155],11.241006371381948,6.318448694168153,0.3640947440036957,0.0841390997724298,0.4391163027760767,0.4283187146128066,2.142047313651829,0.6875,0.9754106415657808,Sec2_GFP,190009,4.595901671035573,0.8730279165483171,26,[27897.21253895 47900.58975039],Spot,0.49,0.51,19
1470,1470,19,12,Exo84_Sec2_b,29,52.92161435468843,48.5745752238536,45.602002904981816,61.062009402815285,7.089059434227065,36.0,0.6656107875521562,-0.1949152892190855,[22927.56377843 48355.54485752],[22907.38 48364.63],[22920.52766667 48356.40966667],[2.84111339 4.23026712],5.005557229623068e-12,18.36143947095381,5.095790931647685,0.6636362646475993,0.0,1.3718904164734436,0.3073869490332077,-0.1951378286406354,-0.956590213786769,3.058950122170117,6.44458912055411,0.1470400048178971,0.1393876120366635,0.4124892238646587,0.5658900131184941,0.1506491763742181,48.93384314963357,16.253021871961366,[-33.66676272   6.15008978],34.22388809142515,43.43661428152591,15.81934966873657,[-30.43104264  -2.11128365],30.50419438214799,22.500203393396497,0.7957743848908526,0.5154037454553921,0.1343270721812465,0.2324160561703389,-0.1467517252656418,0.25,1.7302249829188687,Sec2_GFP,190012,3.5737906571184515,1.3993296480604145,22,[22916.00572456 48353.05134418],Spot,0.37,0.63,19
1471,1471,19,13,Exo84_Sec2_b,31,62.62487601179117,62.62487601179117,78.15821205117979,50.65907628703753,33.40254645939843,32.0,0.743232727547444,0.2361233042596703,[22381.02053713 48811.29274333],[22347.06 48802.44],[22348.54483871 48803.47870968],[ 2.56855027 -6.46433079],1.869149328492098e-16,26.917215716285323,6.955934374075445,1.5751312811607083,0.125,1.5228326906962222,0.7296179485572148,-1.0993288926067164,-0.9565669613122312,3.058950122170117,8.471694002082565,0.1348352495429903,0.2087792545874313,0.3891734315563068,0.5926460239243728,2.521977060262447,45.71077577862973,17.648430911318425,[20.6451527   4.58306351],21.14773749863924,38.33922830651481,17.1283213883052,[11.50060632  8.38030058],14.230016990524032,21.12759822034101,0.5230707907164627,0.0637565207672871,0.248544252027081,0.4778526958721734,3.1083149950012814,0.3125,1.922606103238739,Sec2_GFP,190013,8.769959814025386,0.6177944762440434,25,[22351.24347379 48803.63583386],Ring_Rand,0.59,0.41,19
1472,1472,19,14,Exo84_Sec2_b,70,58.84380952036996,56.67007120310187,55.71165835757305,58.6359148040434,5.999581959298281,74.0,0.7602961831591349,1.2671167175298386,[22641.88228105 47644.49359469],[22612.69 47669.31],[22644.65056338 47649.81633803],[  6.00535751 -13.79342396],1.063248962269178e-28,16.745863926828903,15.0440308222975,0.6553596008995389,0.5,0.6185783350954015,0.3035319095809306,-0.19029339143908,-0.956620505641878,7.278191669990967,7.647992544891411,0.201219637466074,0.3897398755181164,0.5928107628114686,0.3666998946865532,2.903647558842288,43.547449223555205,17.97492203013814,[  6.33987914 -18.63006445],19.67926240561529,38.08814808281559,17.365073585771242,[13.19171695 -5.6154858 ],14.337192086799297,15.96627038198,0.5022081478157261,0.4095483785883313,0.4517139655489365,0.2960730107185614,2.024003724867665,0.5,0.6554435622966946,Sec2_GFP,190014,5.483131810779694,1.866387004184064,40,[22650.03226773 47647.71498854],Spot,0.42,0.58,19
1473,1473,19,16,Exo84_Sec2_b,65,73.58224763770963,71.36741800876513,69.79447774839264,60.59422758304843,5.204343635927126,72.0,0.5873243651438772,0.9997838323124392,[32310.12190809 50376.19695714],[32306.94 50367.06],[32306.07242424 50372.92787879],[-2.55557598  3.33719963],32.714296555614226,20.816768657380862,4.2033165377949935,0.3555152467699903,0.6875,1.1203203468631502,0.3124535395555357,-0.0713125357960336,-0.6419810372628038,6.856267515208882,22.6454938215627,0.0495218845115938,0.1308356867856006,0.4704702213654718,0.5270773615889485,-1.7642306624656476,50.82230823820196,19.611610508322045,[7.10635761 8.45247133],11.042852442233723,46.667156359165794,18.93833424551844,[8.72065987 3.66581244],9.459814453433488,22.121300312782896,0.2077122805594409,0.126335373812293,0.4598090307528888,0.4970465777519072,-2.3002807498315168,0.5625,1.0809848100156838,Sec2_GFP,190016,2.866255552909625,0.4973832190988295,42,[32305.60542689 50373.72608811],Ring_Rand,0.69,0.31,19
1474,1474,19,17,Exo84_Sec2_b,39,46.0614349975937,38.35539773377743,38.36444683376674,35.721813627272574,0.5951528463797089,44.0,0.6554349979602521,-1.3107565316563288,[33049.81210309 44824.98950263],[33061.94 44784.81],[33049.96512821 44824.41435897],[-0.19556932 -0.14606731],16.405660306238435,14.100856709590964,0.2440963311647772,0.1791533428534157,0.5,0.8007642808563024,0.1418966515711296,-0.01938859167976,-0.7626920178227952,4.1137605091253295,13.261818546638716,0.019968140922114,0.1114658706427684,0.5550983457272834,0.4445029276208312,0.7752969672979574,27.459271088335026,11.032301292148462,[-1.01182746  1.55174384],1.852485828675908,25.379446811738,10.710063364243831,[-2.86299267 -0.21256964],2.8708731965502627,14.087961901536106,0.08941907450936,0.1444463160275761,0.5675391269408555,0.4244651021730342,-0.6993233986535033,0.5,0.7479045620360703,Sec2_GFP,190017,1.1188122675259635,0.4356111790958803,20,[33052.06902139 44826.20494733],Spot,0.39,0.61,19
1475,1475,19,21,Exo84_Sec2_b,38,68.7560512331424,68.7560512331424,69.62346370790294,63.27785039671216,7.825655006520698,36.0,0.6840809533957215,0.4287878712354748,[23334.3812196  43849.23475854],[23313.94 43819.25],[23341.49842105 43852.48842105],[-1.51694122  2.83712647],28.723194320843657,25.935071267484773,3.217203332422232,0.686526025232614,0.4375,1.8038739620009687,0.5336153477473635,-0.2850342955481158,-0.7780576914017829,4.008279470429808,19.751375387491706,0.0138276138852192,0.314300818366119,0.3565812196425311,0.6432275774517103,-0.4348315041465567,49.35318804869478,18.03998798433559,[-4.81415626  0.79060692],4.878643230088395,45.91894183684404,17.721561781745354,[-3.23987653  0.41250559],3.2660313545631143,17.88425957191798,0.0993169508795457,0.3015258270156538,0.3506133690634216,0.6395227742045682,-0.1279249934012875,0.25,1.824011377298297,Sec2_GFP,190021,4.232030643346558,0.5403334717763599,27,[23340.45126083 43852.8864528 ],Ring_Rand,0.51,0.49,19
1476,1476,19,22,Exo84_Sec2_b,54,63.03394708237964,58.37400650035734,56.522254188048926,56.57297980795981,1.7191252515164108,58.0,0.5807553711270921,-0.4939711911132712,[32845.32893717 47879.02638287],[32833.5  47890.56],[32843.71290909 47878.44      ],[ 6.65057094 -5.39544051],27.994028089803408,11.012669122908273,8.563928549910619,0.1300295034279183,0.5,0.8986553136635255,0.1248245478034206,-0.006632920965761,-0.4086607399856568,5.485014012167106,18.874068675138687,0.1216199185788318,0.1837691403216281,0.5188980792431892,0.4663105161616891,0.836494802862991,38.460452072362415,14.186639711609336,[-4.30377955 -3.22054948],5.375356493435702,35.82096420719584,12.861184670713262,[-7.16456856  4.85329957],8.653644280937582,17.909874662906343,0.2027671809326704,0.2302091398945617,0.5085578877986643,0.4503275825379535,0.7506507641365908,0.625,0.8854991601590027,Sec2_GFP,190022,0.955517804717628,0.2320163331555886,34,[32842.07755582 47867.77212655],Spot,0.27,0.73,19
1477,1477,19,23,Exo84_Sec2_b,31,53.425675655159374,49.492373067331904,46.35870625739964,43.1249890993634,2.976332090554535,32.0,0.6086151763918273,-0.9931390147337092,[37522.24080476 56454.03864745],[37513.88 56447.82],[37522.9903125 56456.9190625],[-3.88009732 -6.80438775],21.41362228040749,12.906502375173948,7.832933540392389,0.1834454183963863,0.3125,0.8889404749100009,0.1637164686790624,-0.0185000843674292,-0.6159911475077335,3.269912199561159,8.813642121963525,0.0663639621774235,0.1612934828054763,0.5270657480996318,0.4685300764244816,0.9447779294554016,33.14285842357058,14.327751879709972,[-4.57632252  2.70599319],5.316495740835495,30.8731343533639,13.21103477955473,[-8.10853981 -3.39958474],8.792359989943877,10.397814333553905,0.1376241195446491,0.1859697746712686,0.5471118942831206,0.4339477074364394,-0.1720150147325398,0.4375,0.7931607994102196,Sec2_GFP,190023,1.0213808630718426,0.2338841939012532,24,[37523.79576727 56458.89523348],Spot,0.37,0.63,19
1478,1478,19,24,Exo84_Sec2_b,54,49.61191436342584,49.61191436342584,49.6162029371989,47.97456252562961,0.4659569379775004,66.0,0.5337119181334441,0.8172274547544252,[35315.59154133 52714.93094093],[35310.94 52667.38],[35315.91037037 52715.27074074],[ 1.50579362 -2.82380304],15.696157967762952,13.730384397223489,3.2001996839122984,0.2093019060448699,0.4375,0.9916903672771712,0.1646650447654663,-0.0264796240914592,-0.7683112910793001,5.695976089558148,8.92269612343793,0.0444238391615875,0.1527823732491591,0.5010952198752369,0.4969313026389085,-2.2456918535684847,36.17091006827374,16.659542757238373,[7.2316465  0.50126387],7.24899831658902,32.229017205040826,15.9512754834302,[4.47918107 4.15967765],6.112771970667571,8.974985699016068,0.2074881226223772,0.1044723691006993,0.4556379351462187,0.5013107438244225,-2.805561247838364,0.4375,1.1002392583127367,Sec2_GFP,190024,1.538048616005632,0.970572327268958,29,[35321.56536818 52717.62899917],Ring_Rand,0.51,0.49,19
1479,1479,19,25,Exo84_Sec2_b,62,49.45036884956563,47.842218409088176,48.07103712913601,41.7407254017343,3.3462397696373527,62.0,0.5416161650279033,-0.7209644125475085,[38134.58672946 60582.03323922],[38138.62 60578.62],[38137.10032258 60579.82435484],[-1.68384109  0.11397366],6.573563770880831,22.24674180899673,1.6876939331510123,0.6519091380849495,0.6875,0.8142592417954179,0.3516416422740973,-0.2134273138675712,-0.931027759454953,6.434343360426797,8.693089801699276,0.0503984279922435,0.1232321128883017,0.549789123559216,0.4476708748966945,-2.120648017386793,34.24821549802203,14.11455592369493,[-0.98891311  9.01817922],9.072238175786149,31.14654397436264,13.774159266855012,[0.61735563 8.17245282],8.195737491505792,10.561520853696925,0.2464787537998586,0.0553754859148811,0.51359661454625,0.4256516093790185,-1.5171918239686049,0.75,0.8287663845975138,Sec2_GFP,190025,5.133137686421146,1.4293454654533648,33,[38138.76368288 60580.40862365],Spot,0.41,0.59,19
1480,1480,19,26,Exo84_Sec2_b,32,62.86196762758618,62.86196762758618,71.27602412440633,56.32798967735941,23.996647735383963,36.0,0.7368251691046316,1.1994528601519523,[38646.69926769 59786.71800981],[38630.5  59804.25],[38655.406875  59809.0790625],[  3.54735607 -10.00477306],29.60401104912613,12.276983103635065,10.615046826182208,0.2268764926186404,0.25,0.4729507309213157,0.216674575482565,-0.0212373493389525,-0.4320190096161678,3.269912199561159,12.164888245234836,0.0126841439708663,0.3694255522852959,0.6788001061422722,0.3210390063494543,-0.0294355312886633,44.964985592407366,20.12772419854404,[ -0.77312174 -12.9173133 ],12.940428903006872,39.00824557416748,18.17041830193496,[-6.00212846  7.29291883],9.44522160015194,17.976730205108506,0.3688675069523776,0.3554666239426253,0.6713447472927363,0.1925920150220015,1.4211005652009865,0.25,0.2868749860614055,Sec2_GFP,190026,1.2834072513796826,1.8275912062576167,22,[38656.92066866 59813.69055326],Spot,0.45,0.55,19
1481,1481,19,28,Exo84_Sec2_b,39,53.57061380894179,46.56375133728016,45.67387793838891,35.20305268069833,6.188602588085786,42.0,0.6707125598856979,0.9991080295039512,[34085.55838121 52445.90647902],[34090.93 52400.94],[34082.016 52440.832],[-3.20764685  1.35699455],12.167871219561098,15.8141340099685,3.4828770410605885,0.2860905249568172,0.375,0.6544011200501415,0.194359956134997,-0.047745669415638,-0.8586649183731888,4.008279470429808,8.246153937626737,0.0846875478339575,0.2018792096987275,0.6001132417099552,0.3927147775319159,-1.7332628649184836,33.986496223270805,13.124176291026275,[-3.87287404 15.33274838],15.814307646743956,33.351611478308975,12.78147741530542,[-1.65037027 18.94272228],19.014479991798183,13.525813823773708,0.5031553988539746,0.138545797090661,0.506864456653439,0.2399701879506585,-1.4860415780178409,0.5,0.4734405516122715,Sec2_GFP,190028,1.7866347557160709,0.2439307276276613,24,[34080.82597926 52443.7365304 ],Ring_Rand,0.66,0.34,19
1482,1482,19,30,Exo84_Sec2_b,37,70.71953055201477,58.80820068044372,55.09600633363784,47.72806388414758,4.134328078776703,42.0,0.591956895884271,0.6987432059077918,[35732.34184755 46904.25092783],[35740.25 46878.31],[35728.38315789 46903.05868421],[-2.67204715  6.47713068],18.21599726082865,14.264095179241291,7.00664383658182,0.2157966526568874,0.3125,1.0088529301606215,0.1769564563446767,-0.027881538653574,-0.730139123725365,3.7973173930387656,13.746787690998906,0.2166364597253084,0.0734937193398595,0.4744342554939949,0.4786343888236898,-0.738853910864949,44.01306986806551,16.93539562017127,[-14.18769967  13.29478427],19.44330503930625,36.26066626799815,16.20558309233315,[-5.09276888  9.00066512],10.34157954514453,14.830643309989687,0.5547822377497178,0.1957563110319948,0.304448943011854,0.3877677256655617,-0.7105609570371003,0.375,1.2736707896879236,Sec2_GFP,190030,1.3126397929450948,0.2841650966013356,28,[35725.487211   46904.93183425],Ring_Rand,0.54,0.46,19
1483,1483,19,31,Exo84_Sec2_b,45,49.43009406542285,49.43009406542285,50.9255533877478,47.4678919202784,8.750445718432228,47.0,0.5567153601101633,0.4045233311857453,[28771.29913513 48374.02777203],[28785.81 48382.19],[28779.34333333 48377.47177778],[5.97357122 1.95330464],15.357362057760744,17.17449084483426,6.284819177865921,0.3821503846318829,0.4375,1.1541370884000872,0.273919746898869,-0.087058201144576,-0.8316719352657593,4.7466467412984565,9.849686862751753,0.0320733829291448,0.0779558247000846,0.4637454614596663,0.5352258366478142,0.1222281706183561,37.20882103535945,16.1621459705326,[-8.21077562 -8.39526326],11.74296732335038,32.22553542563432,14.924985477600908,[-3.82562045 -0.07662865],3.8263878279920336,20.84867522597156,0.2823351861236277,0.1121507563066183,0.4105789741537843,0.5097078685227522,0.644318538538953,0.375,1.24143685042147,Sec2_GFP,190031,2.563542712993744,0.8840307727707291,30,[28778.27297623 48372.81362916],Spot,0.41,0.59,19
1484,1484,19,33,Exo84_Sec2_b,35,54.12818866493844,39.73039265753119,39.23376851059928,25.69175369600461,9.914641243855852,37.0,0.6709559630591201,0.7356169688135202,[22161.78158671 59463.11325366],[22115.62 59438.44],[22153.7        59457.36972973],[-4.96236406 -5.21749723],6.164209339034523e-22,13.306970175616035,7.200509316309887,0.3933641095039711,0.3125,1.1137424289128874,0.1822860549459508,-0.0685777609414138,-0.9563902123668488,3.691836354343245,4.487445494129106,0.1983177408401577,0.0895715268401739,0.4544877656461366,0.5061823080219193,-2.184811747323056,32.20506247506196,11.671829578345967,[13.94091356 10.35567874],17.366322380922735,29.559967885059127,11.418522786842162,[11.53800239 11.64524795],16.393208928942645,15.459554683126306,0.6788671891121496,0.3119779217938769,0.2814691542706394,0.2576701852763294,-2.409407868185012,0.5,0.915447328301464,Sec2_GFP,190033,2.327173455633427,1.1761900815223814,21,[22154.30899137 59462.5892373 ],Spot,0.49,0.51,19
1485,1485,19,34,Exo84_Sec2_b,65,66.78760312409375,61.83608292124559,60.29915920093896,65.4203822114075,3.0081602737779662,66.0,0.6912168514796292,-0.4416688580399642,[25433.27727097 56492.08843639],[25454.06 56479.75],[25435.94984848 56490.70772727],[-3.64510117  1.65712078],11.12035360712692,27.548244577217684,4.004099383049487,1.017115010833032,0.5625,1.765703640422239,0.5797300402693281,-0.5415007143738683,-0.918339289088753,6.750786476513361,14.796021874095649,0.0887436172166249,0.3116178374018157,0.358724107638605,0.6334004627647041,-0.5365496874555131,41.75237361659144,17.255537253520107,[5.62709447 2.27649865],6.070143187620831,38.29454639626451,16.805649541501943,[0.34880348 3.41149091],3.42927603113749,12.076495531973087,0.0946366514886268,0.3548743088550152,0.3554160056366087,0.6356278985584116,-2.2858782868902963,0.6875,1.788405385457802,Sec2_GFP,190034,8.200243376999374,1.9649664215916869,41,[25436.32292767 56493.7170444 ],Ring_Rand,0.5,0.5,19
1486,1486,19,35,Exo84_Sec2_b,29,48.77608857549206,34.52606152851271,35.27658262462,41.06791768601956,5.169985838665798,33.0,0.5642759995175354,0.4378681596616426,[33565.68190075 59535.48994476],[33573.5  59552.44],[33570.36413793 59537.68206897],[-0.61307145  6.37234446],1.1423310445639366e-28,15.62035193684211,6.401767767500297,0.620103412561463,0.5625,0.8976355606367499,0.2871469465305186,-0.1703514347412985,-0.9567037402612328,3.058950122170117,6.850540483137072,0.1010912161326917,0.2132694414200185,0.5215862236944451,0.4681943423263684,0.2951476342171796,26.1946216953726,10.37633501173124,[-8.64802109 -1.7837349 ],8.83006109214305,24.042555930822488,10.030198919214993,[-6.36548256 -5.47192345],8.39412380724999,11.401093846949578,0.3551813554135838,0.1165339693675109,0.4134418764178446,0.4604043283487248,0.2999575606565911,0.4375,1.11358900636233,Sec2_GFP,190035,3.339359074109998,0.7533541153666563,17,[33563.80125138 59540.9846188 ],Spot,0.49,0.51,19
1487,1487,19,36,Exo84_Sec2_b,33,75.96249158241348,70.79730780150584,72.81416114997079,58.28337500995252,12.156363749441477,38.0,0.6510884758704849,-0.7613342286322208,[18384.29223575 49244.34471042],[18341.81 49225.56],[18393.09242424 49235.95818182],[-3.35695196  5.29741787],22.76536724449215,16.46732280342803,6.271504006149334,0.4067372491439977,0.0625,1.361016970065646,0.343052389422439,-0.0975157866087116,-0.6988766532879114,3.269912199561159,13.692110539984697,0.1574671459568911,0.4560785739395245,0.4130440866407989,0.5621600113033923,-0.1667773756022963,54.12402307336977,19.66609973713124,[-22.83980053  10.44117348],25.113235395796924,59.551477902918826,19.12069501978149,[-32.17855136  21.25026968],38.56206853270993,24.18430625152827,0.5980713576288396,0.2045768828282011,0.301133759801612,0.3411768913823848,-0.4488077220342155,0.25,1.1329745678702825,Sec2_GFP,190036,2.336527608388241,3.2134269144614778,21,[18387.03632432 49240.42629206],Spot,0.46,0.54,19
1488,1488,19,37,Exo84_Sec2_b,101,69.1693027995644,64.07790070272544,68.80861483548593,60.33830698186642,19.345550950391623,110.0,0.7089446092557703,1.0727065545554049,[20309.31776313 41303.43948553],[20326.19 41312.88],[20317.84176471 41320.80588235],[-0.90680325 13.32378572],8.022568832997579e-08,23.80206148858144,13.35460812291786,1.080816505017704,0.75,0.8107979596756478,0.500774309580146,-0.5176773038191149,-0.9564562643391517,10.548103869552127,10.585549469077126,0.1360807555586635,0.1869967950761252,0.5420163098385572,0.4394657181280259,0.0422951478235406,53.97421130157981,19.727810243295,[-20.91683786 -20.73527432],29.452770792179784,47.96178584730885,19.31762417292901,[-19.63056194 -15.83843314],25.223301262500083,21.833556473858632,0.6091920616042987,0.2016240677852971,0.3704961362968242,0.2583888957814801,0.7304005468170606,0.625,0.6974131994037073,Sec2_GFP,190037,10.862071444682506,1.5053551278864878,54,[20317.58181981 41318.73190578],Spot,0.44,0.56,19
1489,1489,19,40,Exo84_Sec2_b,71,59.611876539973686,57.91838311168274,59.537351063280965,45.70181016076068,14.046296028149744,75.0,0.728168517866196,-1.4277402382882434,[29889.77481599 42049.95122759],[29889.38 42002.38],[29892.93722222 42036.26555556],[-2.31828902 -3.14894689],4.158990337271986e-16,27.64057128142689,3.910285219896688,1.3863027228245712,0.625,0.5199137758395265,0.6421552128187528,-0.8515536933584488,-0.9565638149840592,7.383672708686489,11.391481880706753,0.0600031108980814,0.3359941819242361,0.6555632579434908,0.3408363687390617,-1.7321486231609975,45.94068205951326,16.919799431901268,[-3.48553077 23.76354785],24.01780862424356,47.35442868426194,16.49532107329446,[-4.13763457 31.12559543],31.39940621668296,20.24722102070664,0.5660906967852859,0.0445084046859255,0.504466351188683,0.1750749718244666,-1.4361124672617471,0.5625,0.3470498506232068,Sec2_GFP,190040,11.68119437348203,1.8127942610070933,42,[29893.54411539 42035.3933888 ],Ring_Rand,0.6,0.4,19
1490,1490,19,41,Exo84_Sec2_b,64,64.17756903759167,59.37573143181086,61.31509904150641,57.36138242847665,10.927961873932556,76.0,0.510695273394319,-0.656568957664606,[30747.55469251 43096.194542  ],[30735.   43125.19],[30738.89875 43102.865  ],[  6.70283623 -19.03928816],4.918095760310993e-11,14.88026962467162,20.184709737291243,0.6640119153191983,0.4375,1.0927862689675885,0.3076432587521298,-0.1953876607799507,-0.9564755170041632,6.539824399122318,11.311710511011151,0.2587892385368129,0.1619775275808398,0.4458305866455331,0.4871975433720033,2.97525420943006,49.39122907492025,14.65390477024916,[26.33774119 -0.43468657],26.341328048766943,43.20847010416463,14.03939215334859,[18.71728959 -3.28644426],19.003621909259053,26.08111601813677,0.5801623561500711,0.2916693776855626,0.3068574893379127,0.3565541511684854,-3.1113388995052897,0.4375,1.161953556805148,Sec2_GFP,190041,5.312095322553587,0.4981361418020885,35,[30752.0532751  43110.00253241],Ring_Rand,0.6,0.4,19
1491,1491,19,42,Exo84_Sec2_b,89,63.6130740417253,61.82115322869625,63.943098657553215,60.48165754964656,11.668571065743038,97.0,0.627596019320042,0.2146592120174232,[17388.24099092 39720.09456329],[17399.   39717.44],[17376.84022472 39717.60898876],[ 2.24884025 -0.39691619],26.93769216286245,19.91606710405063,2.283599118415298,0.2754870840337509,0.9375,1.4689165014939178,0.2305915728823582,-0.0449642710235292,-0.7078200867708986,9.387812443901392,19.454133399541828,0.0721381287531302,0.2019474281766394,0.402928203435821,0.5918678869441758,-1.9697620116655288,44.92910156240435,17.28887735992751,[6.71176401 4.86316539],8.288434934978271,41.59726547167569,16.96205915633546,[6.33454015 5.29070256],8.253358859652245,20.092906373334504,0.2008296952290462,0.222691487975228,0.3639133936459625,0.5957540398682458,-2.486712104187028,0.875,1.637076431563913,Sec2_GFP,190042,2.598939952899698,0.3558252192762514,48,[17375.763055   39720.28422693],Spot,0.47,0.53,19
1492,1492,19,44,Exo84_Sec2_b,39,62.32864489955478,55.93745868018673,58.60487407240254,50.41255542838497,12.485337961082264,42.0,0.6881638754533319,0.6178747481605624,[29515.55540364 46738.92665429],[29492.25 46714.93],[29505.37846154 46731.69384615],[10.3748714   5.74703502],31.32951183741023,14.63526943197837,11.860285333977576,0.2464770670746394,0.375,1.1877263347652318,0.2319077424164174,-0.0279173903753996,-0.4884083203405693,4.1137605091253295,12.047981440491776,0.1385518868001549,0.2499737470343751,0.4483208704297873,0.5324825042343296,-1.7630557734444032,42.606991231300086,14.181275096185963,[ 8.4272616  12.16177445],14.796198696525272,42.26329572746716,13.78050205403633,[11.42649851 15.78275416],19.48487098004562,20.910282098014218,0.3989217833491424,0.2018925405032692,0.3712883078821137,0.4695731028874262,-2.154079405767644,0.5,1.2647128738471305,Sec2_GFP,190044,1.5392487905322312,0.2720437926870307,29,[29506.75594088 46734.96842835],Ring_Rand,0.59,0.41,19
1493,1493,19,45,Exo84_Sec2_b,69,61.13562922061095,59.56254232225808,60.12452531275206,61.12209502872378,5.858105155830052,72.0,0.6130452719053692,-0.1741987760107995,[30241.09205566 47955.69366402],[30204.12 47954.94],[30235.3226087  47956.70898551],[ 4.32215123 -2.64322551],24.02618433395508,16.329705903750217,5.066323355678963,0.2724449084092865,0.6875,1.4976570487480174,0.2346129772041464,-0.0429625477429809,-0.6721393181636663,7.172710631295446,13.716711065154971,0.0891688563246143,0.2378576936998863,0.3971918064407752,0.5948571086209852,-2.7836144180400626,45.2899456475851,15.717803495442585,[18.59548204  4.44350927],19.119014799671493,41.97927326696783,15.11079914321206,[17.10145277 -0.19617801],17.102577953754782,22.64482542568745,0.4092205000335673,0.1348145123687471,0.3060851566399499,0.5264534257123272,-3.07491179132364,0.75,1.7199573853612182,Sec2_GFP,190045,2.2630973775231085,0.5580317716960258,40,[30239.60895891 47953.87032722],Ring_Rand,0.57,0.43,19
1495,1495,19,47,Exo84_Sec2_b,111,64.38395124695757,64.38395124695757,64.38599704260993,64.28596843785554,0.3666151018029003,114.0,0.6387079916998242,-1.504719018036225,[22678.45957647 49374.90617539],[22658.38 49369.25],[22678.48378378 49374.54036036],[  0.65003346 -13.47090227],1.1194346940074174e-13,31.877117297969644,13.486576713821831,1.5044644648151342,1.0,0.7396718993630257,0.6969638153467392,-1.002963661022198,-0.9565177480394184,11.70839529520286,18.31332204464125,0.126077220243763,0.1666807346484572,0.5656839860987188,0.4184205484368868,2.858643335772478,48.11860566607145,17.566203876690466,[14.10090377  1.27248769],14.158202999679675,45.17010816366884,16.841932805354528,[13.15368161 -6.00204415],14.458349625458103,21.33501346016588,0.3038018839659604,0.2856484570565877,0.5500513084573023,0.3576531068414309,3.097717051702648,0.8125,0.6502177184970622,Sec2_GFP,190047,15.850516684763155,0.3353102640917422,49,[22686.77484247 49375.50511331],Ring_Rand,0.59,0.41,19
1496,1496,19,48,Exo84_Sec2_b,109,66.04844227218759,64.46783816520573,64.64421029819252,55.4172132998048,3.4085552165345483,108.0,0.5747568386672874,-0.8659739389171014,[24229.05444606 49287.83620382],[24241.19 49260.81],[24231.26284404 49285.23981651],[-1.32951436 -0.70186823],12.898565820113308,26.886502192851182,1.5034052876848711,0.5681992930644629,0.9375,0.9675871345357392,0.3364514458377039,-0.173616898721378,-0.9081736693419048,11.391952179116297,12.455429771346369,0.0157210463149639,0.097376916833162,0.5081110925939547,0.4916417561088082,-0.1775529833240555,45.35727000081972,20.65670818218089,[-0.86831206 -1.06674295],1.3754658643698467,40.71173564335791,20.095491320115265,[-1.75709864 -2.18405062],2.8031183898763063,12.261250055314443,0.0328600494367361,0.1069922207048293,0.5106807777946476,0.4882394393563677,0.4489961472649668,0.8125,0.956056034583499,Sec2_GFP,190048,5.932174777739286,1.1929733248383665,63,[24231.36762044 49284.79013628],Ring_Rand,0.59,0.41,19
1497,1497,19,49,Exo84_Sec2_b,50,77.91972879756591,74.80131478293691,75.1142394879498,59.489913903873294,4.892324298232734,58.0,0.5865500691773503,-0.8485024422118882,[19054.38215224 63559.11093213],[19068.25 63576.25],[19051.1478 63562.7816],[19.51524773  5.89491302],2.98972754962446e-16,13.44554267942341,20.38614464311105,0.6509142503353591,0.0625,1.1221087542642871,0.3014373899307809,-0.1877083713902454,-0.9566712912226352,5.274051934776064,8.57975161662222,0.2443813729547853,0.1771377682179044,0.4430865018879386,0.4971912426647955,1.09664697155825,60.83562880687228,21.62736050850784,[-11.919451   -26.53653748],29.090567779372,58.95219944858336,21.15210665501498,[ -9.00260928 -31.41677679],32.68120006770376,28.53380388997781,0.5284657483811029,0.4329709838794975,0.3554884266291414,0.3652355261588593,1.1634122811961176,0.5,1.027418894117435,Sec2_GFP,190049,4.602658803830904,3.616225872897649,33,[19050.26082368 63559.06941506],Ring_Rand,0.6,0.4,19
1498,1498,19,50,Exo84_Sec2_b,43,52.63915843745745,52.63915843745745,53.95428059691806,52.79622564211523,8.457076306661817,42.0,0.7553674391948071,-1.229594209363595,[40944.98386165 45241.58788984],[40921.25 45257.57],[40942.15395349 45249.55744186],[-0.95223484 -9.2832582 ],7.482536561334717e-19,29.881874968240982,9.331968386714014,2.191520242868396,0.625,0.658026302081044,1.0151843425175509,-2.1281216393325115,-0.956546419320235,4.535684663907414,21.76387960118595,0.0763096861834081,0.2935766803310994,0.5996146324981487,0.394562199296441,3.113302462892151,38.61236384667222,13.51223233375716,[ 5.97900018 -6.43827634],8.786344256705881,37.175550255147165,13.088681086720898,[ 9.37060096 -7.19806576],11.8161039754939,21.173181233372453,0.2721984411532714,0.3401192316006317,0.6054168099321776,0.3204911987015513,2.4648338055924324,0.5625,0.5293728113321707,Sec2_GFP,190050,14.370759267372891,1.4461879673190543,23,[40937.66628405 45243.9641243 ],Spot,0.32,0.68,19
1499,1499,19,51,Exo84_Sec2_b,70,70.93063233385112,70.93063233385112,71.11461199225731,63.82661661216466,3.6514908563570914,80.0,0.638622028971538,-0.6819240410132793,[18962.47530533 57727.16893792],[18953.62 57714.81],[18959.64042857 57729.47042857],[-5.33107031  0.48460747],2.8237110540123346e-12,25.690458335394464,5.353051000498136,1.3128732640265022,0.4375,1.161630795111084,0.6081466813060376,-0.763736340595949,-0.9565602078934002,7.172710631295446,8.896695991041618,0.0875580040656562,0.1350392636871684,0.4590671071898026,0.5332664887342357,-1.2489282569504754,57.23241639351653,25.412132182609163,[-26.60953687  13.63456437],29.89931099983397,45.65892909208936,24.444646783433363,[-11.5136582   13.25269857],17.555578731909694,15.43223803018718,0.5990869878470212,0.2088746319445647,0.2261822332511497,0.4149125477412334,-0.5328245583625196,0.3125,1.83441706175268,Sec2_GFP,190051,10.984285799162915,2.2712188659801047,41,[18961.03615348 57732.69312286],Spot,0.43,0.57,19
1500,1500,19,53,Exo84_Sec2_b,48,60.314175932521614,52.65129720180673,69.12527963941507,49.44233513100372,31.992865819821088,49.0,0.7652969648192176,-0.5235551254056457,[38988.14524943 60381.91081817],[38949.75 60397.94],[38960.43791667 60397.90604167],[ 7.82233295 -1.56785251],7.454243548180514e-26,24.588757716886672,7.977910395076726,1.2499522063979764,0.5,1.374800312313465,0.579223335556785,-0.6924306213296781,-0.9563939224640374,5.0630898573850205,8.393482705711154,0.1006148297692603,0.200855784565205,0.4168252172184499,0.5730514388120528,2.17763988208412,50.99690714323377,15.435384672499476,[ 29.27447306 -18.14725541],34.44296229906766,44.08596397788592,15.165068584432335,[ 22.32559067 -16.14783702],27.553305408466827,24.39382601037558,0.7036669813300411,0.1782418897365627,0.1710629934123566,0.3337897859735108,2.571469983445269,0.4375,1.9512682393490703,Sec2_GFP,190053,8.65992291405646,2.0922847931718165,30,[38964.3518805  60397.94196726],Spot,0.49,0.51,19
1501,1501,19,56,Exo84_Sec2_b,38,37.62523744098218,37.62523744098218,38.514031276263786,36.96592309561708,5.87593295496758,46.0,0.7835626364814557,-1.4856690831721997,[23605.57644017 51029.64087091],[23624.44 51017.56],[23605.07684211 51035.49552632],[ -0.50647679 -18.93065817],2.776833062648385e-11,11.461503910575168,18.93743217438258,0.50604856969499,0.5625,0.3267810880161033,0.2343379059396347,-0.1134507845999961,-0.95669335466573,4.008279470429808,12.42012027658205,0.1462891165395407,0.5248501150497463,0.7375741960908951,0.2410252982911854,3.0935808849902955,27.641790954847632,9.188711597249457,[ 6.15531733 -1.97634377],6.464817563164853,26.158806682918545,9.04565858498498,[ 5.69005411 -3.38461956],6.620601586838607,14.703774734153242,0.2386256712422373,0.5450760779585255,0.7218767960351549,0.221180992989037,2.800695928905053,0.625,0.306397150045346,Sec2_GFP,190056,3.119492889210218,0.2933712036734183,16,[23612.37137324 51034.09106123],Spot,0.37,0.63,19
1502,1502,19,59,Exo84_Sec2_b,44,64.10696351355384,60.87765241624811,58.223735784514105,49.06423212529021,2.4665068764899134,51.0,0.6699388089634668,-1.1917721513692598,[18216.04540539 60032.71976176],[18210.   60010.94],[18214.58511111 60030.732     ],[ -2.53436198 -14.47878976],5.244487342986644e-30,24.15981662757132,14.698923210557924,1.4939275909389234,0.5,0.6023186844815572,0.6919879381020524,-0.9888896928412856,-0.9565766546200872,4.535684663907414,16.463736679659725,0.1432057694032943,0.3276304446682127,0.6112966896635377,0.3681954179460727,-3.114215097481049,41.235023144678536,15.805505122397472,[9.87636674 4.09151486],10.690328046436532,39.037132310096105,15.352934656310053,[11.59524016 -4.70239834],12.512479549042828,19.15162137156681,0.2378259426319456,0.4477997345058179,0.6233837778517449,0.3200550431594814,-2.849998756021788,0.5,0.5134157392777038,Sec2_GFP,190059,9.909594566207907,2.2363429680398665,31,[18211.47366837 60028.82296496],Spot,0.45,0.55,19
1503,1503,19,60,Exo84_Sec2_b,62,62.48827429369595,46.53908112119326,68.84241073193085,34.94507443001084,37.79112161046678,74.0,0.734828848884414,1.1971787198272106,[41879.86488525 60374.2838094 ],[41841.03 60328.34],[41867.42253968 60338.59968254],[-1.26521843  0.51287827],0.5026372064122052,21.257064207893265,1.3652185850558085,0.8254094674937267,0.75,0.802161336868956,0.3870529979343575,-0.3050667948212583,-0.9548937648965724,6.328862321731276,7.130890697159892,0.0254927574835117,0.1109625737762902,0.5545286644824711,0.4448214548334157,-2.2763262836596607,31.240148232114706,13.973029376116276,[3.69180045 9.54711299],10.236051825461692,27.67973505167964,13.02299759858029,[-4.07326969  7.97967584],8.959171416529047,8.794683651024434,0.3141672160568758,0.0826763677821365,0.5308510417860982,0.3704479185689741,-1.9023293986351824,0.5625,0.6978377914123843,Sec2_GFP,190060,6.4992806463295,0.986276839405994,29,[41865.46959156 60334.01200612],Ring_Rand,0.67,0.33,19
1504,1504,19,63,Exo84_Sec2_b,30,45.496311672488034,39.528914002227694,39.93033290463477,38.60458486854837,4.0340669001375735,33.0,0.6174207096698768,1.4131261987462074,[26423.37841976 44085.48836084],[26417.94 44071.87],[26422.745      44081.50433333],[-0.11611661  2.30390319],19.72520391036592,12.194864866493454,2.306827468456748,0.1397492632659844,0.5,0.6486910310455366,0.1238512235856173,-0.0108735612379701,-0.6282347802758566,3.164431160865638,13.362861851611394,0.078688461780335,0.2555789334642292,0.6027861541482457,0.3910219718343992,-2.76495749977261,28.74780855884223,10.06499310571508,[2.13304344 4.96738023],5.405991186970469,27.144670587878707,9.795415415163855,[4.04018078 4.38730985],5.964188830392243,11.196323129737891,0.2094329477742413,0.2132761378145937,0.5782103223676163,0.3779275180189755,-2.174111576839532,0.5625,0.6536159999210386,Sec2_GFP,190063,0.7654382388550777,0.2032405763259164,18,[26424.12659404 44080.01955931],Spot,0.27,0.73,19
1505,1505,19,65,Exo84_Sec2_b,33,39.670626080142206,39.670626080142206,42.30744453065442,53.29744114796238,10.501731857264009,34.0,0.6473956265755361,1.135716521573602,[23218.36690512 43437.95941341],[23205.75 43404.81],[23213.94060606 43428.43606061],[-8.45852061  2.16646953],9.087626239515023e-28,16.389059015964655,8.731561209634034,0.6827384470849547,0.4375,0.907470312818608,0.3162292238135955,-0.2065312091893022,-0.9565976853127685,3.3753932382566805,7.095796401598919,0.1872528328202002,0.0288989347881418,0.5058722907068234,0.4590640858939868,-1.4316538169769852,29.58126134377374,9.627215957498333,[ 3.02441792 11.47546519],11.867325097747546,28.41907283093948,9.484581122007375,[ 3.28266461 12.32649562],12.75611152305287,13.347356119677116,0.4547494933946683,0.1775793576437957,0.40887036503394,0.3843325332233524,-1.6880603438358257,0.4375,0.9399862794933774,Sec2_GFP,190065,3.922033780479611,0.9415322989258964,19,[23211.95775659 43432.72114211],Spot,0.49,0.51,19
1506,1506,19,66,Exo84_Sec2_b,54,64.34932879740278,64.34932879740278,73.10521809881139,61.342307804432025,24.78001989544904,67.0,0.7975523090421678,1.0607350147813783,[42102.31707154 61361.51069934],[42082.75 61323.12],[42090.2187037  61339.88481481],[2.91450418 6.28802926],38.80358658654957,15.33122711813106,6.930631036759712,0.2341926478914769,0.5625,0.6409493883348534,0.2247294543211585,-0.0216063323472004,-0.4105327400406283,5.695976089558148,23.42853289508972,0.050405235330091,0.4162611226859721,0.6078550132880612,0.389604298963257,-2.7548567664106605,46.87949252256158,14.011777186946562,[4.90785226 7.80565931],9.220375863949336,44.3842884534399,13.72074577034298,[5.02310513 4.50786576],6.749254685573122,23.82723147873731,0.1934532890216108,0.4060878343369832,0.584336195749992,0.3782396292167291,-2.2536838936051966,0.5625,0.6472979630010097,Sec2_GFP,190066,1.7209574665362155,0.2992171656919335,31,[42089.12949224 61341.34061291],Ring_Rand,0.61,0.39,19
1507,1507,19,67,Exo84_Sec2_b,55,57.22409308833253,47.248222694085975,45.78285595756588,42.15504421823827,2.6089286199502286,58.0,0.6250776347547162,1.4270001189157386,[35940.62719994 61464.77762425],[35950.12 61461.44],[35941.58821429 61462.35214286],[-1.35098153  3.92933775],12.403890655693385,18.05410834570516,4.155098824963533,0.4065181660932839,0.5625,0.6386296854692903,0.2660169977253927,-0.0945661935952809,-0.8744733186542054,5.80145712825367,9.50857204529639,0.0288128081650744,0.2281984060889296,0.6097593806250914,0.3894104414605513,-2.2116911270437885,33.56120751235013,14.62354494768591,[-7.36369989  5.13349786],8.976462346762542,29.759563902549147,14.039944747632514,[-2.92168318  4.09536438],5.030729763670242,8.55100405978144,0.2235246966102116,0.1667035907709081,0.5336267078909789,0.4164100021143339,-0.8268678947413054,0.5625,0.7803395069187717,Sec2_GFP,190067,3.014819408357916,1.490541887865911,30,[35938.53811674 61459.96613738],Spot,0.47,0.53,19
1508,1508,19,69,Exo84_Sec2_b,48,69.22769591172651,69.22769591172651,74.07802593429248,60.81174721073001,18.831693393277984,50.0,0.7394094518558455,1.020809440760337,[34248.73683343 43544.96731782],[34231.06 43496.56],[34238.89395833 43528.91270833],[-8.89163195  6.82999915],19.513121897206226,19.77882037473336,11.212047405927446,0.5850336320497342,0.25,0.8653871438681412,0.4350876654254644,-0.2060597359888226,-0.8095348216889653,5.0630898573850205,10.64499743526397,0.0292783539225843,0.4441089930439131,0.535622206508683,0.4635205714829009,-2.431061403218487,59.30754292948375,21.857766555050905,[ 9.9399244  31.20004513],32.74515098456611,63.70064581935854,20.24656504565936,[26.41191262 36.40009357],44.97283557766101,25.0781162486708,0.6074875819719469,0.2022071436980724,0.3428048534879235,0.2881539842619535,-1.971464050701951,0.375,0.8405773177657321,Sec2_GFP,190069,4.053231899386782,2.418944136254704,33,[34240.15375735 43529.74383579],Spot,0.31,0.69,19
1509,1509,19,71,Exo84_Sec2_b,41,47.24179414220818,40.71660886883598,40.032281098777496,54.279931740851104,6.117993062389799,45.0,0.6364407020229624,1.2129054408028817,[15749.00378408 53079.65096309],[15733.38 53051.68],[15745.95761905 53074.3452381 ],[-2.04704136 -5.17510697],4.62317462479989e-20,15.741842302751657,5.565259247075051,0.5496292626611259,0.4375,0.7000925115383024,0.2546600987599445,-0.1338738514585463,-0.9564560264965272,4.324722586516372,6.176810778372901,0.0772051323137481,0.2049853451756894,0.5846972213558987,0.4093421461885179,-2.711123529027651,30.584168071731646,14.028823496778388,[10.13732296  7.33318317],12.511630275041735,26.6783394780299,12.853016174535592,[10.0867531  -5.92322581],11.697315597196342,7.865343278318899,0.4695320214991968,0.2428053947455401,0.4710119011360718,0.3085277796508058,-2.461330628148076,0.4375,0.6550318132230687,Sec2_GFP,190071,3.5193444533478004,1.2418696395788396,25,[15742.90246173 53083.00672156],Ring_Rand,0.55,0.45,19
1510,1510,19,73,Exo84_Sec2_b,49,54.24838000703586,54.24838000703586,54.3962071631119,45.82651383933424,2.8625502708783883,53.0,0.637258099434154,-0.4213451689349221,[29639.5299456  43662.05863806],[29624.38 43647.44],[29636.9177551  43663.22938776],[-4.54953311  0.6736669 ],23.473594223059266,11.884029842095448,4.599138896465581,0.214116271446747,0.375,1.236452826746766,0.1987982500676144,-0.0224991823778791,-0.5285724299390407,5.0630898573850205,14.441524803319528,0.0627218946178352,0.4507281339376611,0.4453775872323972,0.550688376703152,0.7343448125454476,40.8270097229834,15.111942219321984,[-13.00544113  11.67210356],17.475110888675367,35.919278878524395,14.597864098080883,[-9.1571006   6.37171676],11.155772761606729,19.518318277150467,0.4095086458347249,0.1266040778153322,0.3651950587493267,0.4671076102372831,-0.6007194456485585,0.4375,1.279063336281092,Sec2_GFP,190073,1.4988139001272294,0.6808696798373238,27,[29637.33880059 43665.87600484],Spot,0.39,0.61,19
1511,1511,19,74,Exo84_Sec2_b,88,77.05081014846719,77.05081014846719,84.5597905316651,73.64719831193787,24.88269243404381,91.0,0.7782470195619013,0.7701770273264911,[30831.78769813 55321.35898254],[30847.44 55330.62],[30849.64818182 55338.68386364],[ 19.52429489 -15.74145991],27.00008460305576,16.928712048810823,25.079705954719483,0.3569912225634541,0.5625,0.977861148292154,0.315102219852155,-0.0714322187571702,-0.6350166888214146,9.282331405205872,23.77743706432828,0.0336072659088142,0.4356054443420354,0.5050256194883247,0.4938449321898095,1.7500727450814666,55.80390102416102,23.66556750582724,[ 4.17723871 -8.22389829],9.22398104855698,60.21753705241151,21.011028810769183,[-18.61917046 -26.30490543],32.227652071631226,30.732974138970786,0.1682266111092153,0.5015474624126575,0.4865415811677423,0.4851582261469664,1.754585548428656,0.375,0.9971567588992996,Sec2_GFP,190074,3.348874512860518,1.7793507347335176,46,[30851.07726419 55333.38671215],Spot,0.33,0.67,19
1512,1512,19,75,Exo84_Sec2_b,51,59.89787343896082,59.89787343896082,101.16582624329644,68.16447811360004,58.23408583950479,54.0,0.7570466036537238,-0.4458686354939294,[22811.81085193 52637.92002835],[22870.28 52620.22],[22864.35176471 52612.80705882],[20.37911519  5.41725946],1.0435708436687904e-21,17.064631481112087,21.086845093554384,0.8396011127035534,0.5,1.610923550875376,0.3888596966814156,-0.3123256816087907,-0.9566250694976888,5.379532973471584,12.546789795441995,0.2397261794626222,0.3318853576055701,0.3609953874613632,0.5815359714188915,1.148075410847549,47.21206482871776,15.140181820742734,[ -4.48076701 -19.452877  ],19.962256805342783,44.314661364119765,14.872377890400474,[ -8.66288878 -16.71657339],18.82789069147073,23.998016172473296,0.4375463123450643,0.5946794146023839,0.2853229239259173,0.5232303006273181,1.3303563905425966,0.4375,1.8338179541548936,Sec2_GFP,190075,5.995951254897366,1.5249890249477172,32,[22860.66907841 52610.7822873 ],Ring_Rand,0.67,0.33,19
1513,1513,19,76,Exo84_Sec2_b,57,61.97153627188599,59.83799455520693,60.04263943001989,61.69230544476813,3.5379111021261425,64.0,0.602758515311023,-0.3234475458108035,[16573.83887956 49582.91325175],[16582.88 49583.19],[16577.19333333 49581.78877193],[-7.32520947  0.64648866],23.856902865842528,17.713532553237314,7.353682167497432,0.3028451095199121,0.5,1.1318622457666978,0.2531076085524939,-0.0543878678802792,-0.7095389950469054,6.012419205644712,13.2871152627219,0.0211462541267907,0.1187814683214045,0.4688637072687256,0.5306891286676795,-0.0817316288867866,45.32690545371948,19.818613005474884,[-12.01533504   9.12856495],15.089697615877997,38.68779338025538,18.33789107984516,[-2.48076137  0.20011368],2.488819490935487,23.30894724263026,0.3223334680734269,0.0574557622429794,0.4125342617126847,0.4835668736470723,-0.5710255948994652,0.625,1.172185969813725,Sec2_GFP,190076,2.2864304364067745,0.2144805019907183,40,[16574.39902534 49582.0188683 ],Ring_Rand,0.68,0.32,19
1514,1514,19,79,Exo84_Sec2_b,41,56.3142562610217,56.3142562610217,71.73479253650049,51.62801244067828,31.74021624946711,41.0,0.7850371495572803,0.1910792219694209,[17932.61502166 61585.09462596],[17955.06 61586.06],[17963.77756098 61591.12268293],[13.32306241  0.22643485],2.029614084661721e-31,26.28795615369529,13.324986483934982,1.5604407115852794,0.375,2.177351693703453,0.7228486048013663,-1.0789476585092777,-0.9565457739408256,4.219241547820851,15.638711561112112,0.1427617685080945,0.3852683923481219,0.3083130770174888,0.6713060004349524,1.3254393159222089,45.15434469130793,15.604622021481411,[-21.66133383  -7.28852379],22.854670473285623,37.79594297992908,15.119457260508122,[-11.31459654  -4.64255577],12.230021213785207,17.94951601709565,0.539331554336495,0.176029986648343,0.1675791582082267,0.5415423162887536,0.4026935113800512,0.4375,3.231561263816925,Sec2_GFP,190079,9.991695741428664,0.998444846950018,26,[17962.39814647 61590.2820623 ],Spot,0.44,0.56,19
1515,1515,20,3,Exo84_Sec2_c,30,64.59583077676041,56.10473961123445,68.0692171850703,51.12257485804757,27.53176756358668,32.0,0.7536692907610851,0.6063708811166277,[33435.76788469 53871.71261259],[33486.66 53877.16],[33458.39133333 53887.40266667],[6.32283261 1.03074478],1.29161167083586e-15,27.995065451802667,6.406297445164274,1.6989528937242568,0.3125,0.8678449484396038,0.7870116811030496,-1.2789936169624898,-0.9565460027506056,3.058950122170117,12.53165265885532,0.1564293153992799,0.3180489835694219,0.5222756150603772,0.4532542542233354,0.8875371562812601,46.51681476462059,15.033968000069708,[-20.51469325 -15.54074131],25.736497030285577,46.46579167203034,14.559327103321,[-20.10443126 -20.85552048],28.96792865473256,20.37406722357132,0.6256258667892056,0.0274642946749349,0.2989895485672931,0.3096027262369622,0.8044203399310639,0.5,1.0354968182684836,Sec2_GFP,200003,9.305548240314527,1.7067722148695683,22,[33459.13213921 53890.56663366],Ring_Rand,0.5,0.5,20
1516,1516,20,4,Exo84_Sec2_c,33,69.19107074792032,59.1638771115316,55.250257860436335,57.77315688186306,2.544790040742149,34.0,0.571277827256778,1.0986259806664145,[32252.91704778 53217.16342772],[32256.19 53220.91],[32251.46294118 53215.075     ],[-9.12228077  4.47295134],1.4506050902273353e-14,24.363623717379024,10.159886816960704,1.39027428409625,0.3125,1.1241853234449046,0.6440115755169707,-0.8564520161639421,-0.956552636136704,3.4808742769522016,6.6077545322431614,0.142851058084874,0.0931876601249179,0.4611620108622974,0.5184315643417345,-1.505971860447366,42.3163947361745,18.125576834469907,[-9.66521558 10.93824551],14.59662998901038,39.31663784359252,16.914266070406512,[-17.9021551    1.80329848],17.99274972161951,13.120323038605532,0.4104841782903402,0.296616802779238,0.4496739339335281,0.381828805439776,-0.9189213745494867,0.25,0.8491237241610249,Sec2_GFP,200004,7.986517720861716,1.9086744213208129,24,[32251.90963399 53221.15113801],Ring_Rand,0.58,0.42,20
1517,1517,20,5,Exo84_Sec2_c,45,57.450494095397445,55.16138722928166,57.99478749072792,57.26725404421348,12.789838421777985,46.0,0.6978758994102696,-1.4267661703724448,[32670.61442666 53885.90037077],[32673.77 53901.38],[32668.77866667 53898.55777778],[-1.1457614   5.18540066],18.42553261216524,21.13009347511212,5.310475416694912,0.5245711638935151,0.6875,0.5354525695653443,0.3725437479492876,-0.1635067623742857,-0.8366696710320674,4.7466467412984565,13.15393389379937,0.0794333586233974,0.3131282609622415,0.6471644655354614,0.3465258760023454,-0.0916597745608117,40.51581254693564,15.247880789372942,[-8.87282199  3.21962949],9.438907996441811,37.140774240685474,14.850694883387682,[-6.0360008   3.33299598],6.895082873068062,16.472815765798256,0.2219862078861054,0.2691044630028639,0.5909297994076227,0.359792324100724,-0.4326170938643486,0.5625,0.6088579801888443,Sec2_GFP,200005,3.5189303445062494,0.3988467131635563,31,[32669.49272921 53898.5071702 ],Spot,0.39,0.61,20
1518,1518,20,8,Exo84_Sec2_c,64,69.49303664543011,67.31001964576946,77.74580914500092,71.13378584322722,27.790874428098206,72.0,0.6932267321907323,-1.1321535876917934,[25130.20534496 62679.89347666],[25130.19 62662.06],[25142.0084375  62654.73359375],[-4.35078075 -7.91537304],1.5416848676057997e-14,20.84863605859985,9.032298903336288,0.860567066309633,0.125,0.8168036670201391,0.3988199659452612,-0.3282318436110214,-0.9563549240870568,6.539824399122318,6.830579251714142,0.1367075109621894,0.1952649343943269,0.5401304908504707,0.4411805655960522,-2.5420291140675464,58.69006411843888,23.903988986456906,[-3.83599386 35.48370159],35.69044588247837,69.65714288197354,23.315414060480386,[-15.22540113  54.66554672],56.74623192463231,19.11680303117845,0.6900480360719867,0.3327337600593144,0.3459030628772829,0.1779306450359113,-1.5316710993546163,0.3125,0.5143945345723531,Sec2_GFP,200008,6.884536530477064,1.9241805412216304,45,[25147.18301343 62658.26186357],Spot,0.45,0.55,20
1519,1519,20,9,Exo84_Sec2_c,46,58.44225223390356,49.18126723681058,46.67494117907376,42.02374141769046,1.6183177094148034,50.0,0.5533612045120612,-0.8237079942984216,[29131.33477371 62988.83059117],[29141.14 62989.22],[29129.81234043 62989.3793617 ],[3.52911139 3.05332729],3.9091310924405053e-16,21.788256634770256,4.666629913757676,0.7394070709735572,0.5625,1.080688137998861,0.3424659554948914,-0.2422348420333683,-0.9566115190814876,4.7466467412984565,6.95133801552608,0.1282131985012996,0.0368892526822221,0.4727096568522874,0.510851718877779,0.5206329754620626,34.10455693707865,15.26533125508436,[ -0.65313105 -10.85985153],10.87947404178737,30.979061971298385,14.84790770785607,[ -2.5361296  -10.87842759],11.170145038666424,9.067083632539015,0.3883885567422437,0.1159791993694112,0.4403930471658238,0.4087612818258531,1.2333446127277248,0.5,0.9281737857953506,Sec2_GFP,200009,5.01490274719879,1.329669027155497,35,[29123.43041105 62988.3442089 ],Ring_Rand,0.61,0.39,20
1520,1520,20,12,Exo84_Sec2_c,49,69.83254692564543,69.83254692564543,70.53966257284236,55.0658402837295,7.116357478313876,49.0,0.644554648488692,-0.3458895015473522,[30530.27633859 61146.75390901],[30534.69 61143.83],[30536.97122449 61144.34122449],[-4.88258998 -9.56926719],37.68176270608151,15.388367164202243,10.742930676944315,0.2184998379921161,0.4375,1.5580483919418977,0.2090054257737246,-0.0194132161889401,-0.4250977547254595,5.168570896080542,24.612264197512893,0.0669608713264539,0.2586410646757385,0.3891702146242329,0.6063460270869693,0.6090792749832841,49.9179349324339,18.80273796658686,[ 1.81501416 -0.67273992],1.9356795724619005,47.32103529392781,17.60279487985052,[-7.38813481 -2.5496789 ],7.815714843824737,24.190121413153125,0.0567341502819578,0.2672358466580331,0.3873921500039174,0.6093890861878668,1.089049283329646,0.5,1.5730548132730735,Sec2_GFP,200012,1.5294988659448128,0.246114744947068,34,[30536.90772843 61150.05567744],Ring_Rand,0.5,0.5,20
1521,1521,20,13,Exo84_Sec2_c,78,76.57721295754084,76.57721295754084,77.30484107284464,68.60133827382163,7.558240163142795,81.0,0.6171182671712266,-0.005691943789798,[30412.98965619 61740.40903044],[30409.49 61734.65],[30405.43153846 61740.45205128],[-4.90517736 -0.70295585],1.060718233740166e-09,40.010445844129634,4.955291303051333,2.4751565640513555,0.75,1.4549619952778634,1.1466553338658614,-2.714783487805592,-0.9565322747759598,8.122039979555138,15.33771471574705,0.0673967000609321,0.1878814577053219,0.4054880225175243,0.5899696623033724,-1.1313039654887282,54.533282898837854,23.493307018819035,[11.22129376  3.75569809],11.833118858711495,49.4606059299448,22.574010316440766,[5.90065907 8.59231434],10.42332207819483,16.07288198967306,0.2064347109718464,0.1836356324281306,0.3794508132823036,0.5779338968236666,-2.5509948757854364,0.5625,1.523079873843084,Sec2_GFP,200013,21.859990880423258,1.8052071108967365,45,[30405.27679914 61740.55664093],Spot,0.32,0.68,20
1522,1522,20,15,Exo84_Sec2_c,38,62.51718235332679,59.316449586716274,61.61761030252266,56.38337613672871,11.91570537575919,39.0,0.7068036062393731,-0.3168857589039762,[14824.66520382 41520.97225028],[14823.75 41530.81],[14835.98763158 41517.25921053],[11.59075048 -3.59578224],34.880643808566354,11.3937119643605,12.135697200129224,0.1602459706511153,0.25,1.722332000272288,0.1559068362661711,-0.0083864793520289,-0.3356814985073655,4.008279470429808,20.22508307033305,0.083649009028463,0.3961520203173169,0.3647618450612327,0.6282409982273234,-1.7121998627330266,43.85733891354778,16.207174222224506,[11.32884361  0.02054555],11.328862239988302,40.7833539603984,14.67569734192861,[-2.43422968  8.80962666],9.139748139347782,24.437284454773003,0.2448520316862904,0.2855954295063703,0.3622497722119635,0.5777977103671323,-2.907294049030897,0.375,1.5950257382882358,Sec2_GFP,200015,0.9878225054010912,0.3342803798793197,25,[14841.09593414 41514.1492226 ],Spot,0.42,0.58,20
1523,1523,20,16,Exo84_Sec2_c,55,54.56790849826502,52.1531976569602,55.08954500076628,37.83170656462944,12.675340484607922,73.0,0.656583490647912,-0.8401319327222199,[33442.5663813 52127.6117212],[33501.51 52149.21],[33451.02545455 52118.172     ],[-7.6374648   2.64949531],5e-324,23.655874818556043,8.083977608283348,1.2155321702838269,0.375,1.0463887421851077,0.5630804791750301,-0.6546978509736726,-0.956541873620082,5.80145712825367,8.58179806994771,0.1096279438194856,0.1069320954033619,0.482792782019978,0.5051889319139335,-1.0185850574246105,40.86205832630509,14.96641680590014,[-11.82536951  11.92207115],16.792115543146625,37.98988526070053,14.637946630242324,[-9.75260411 13.21570697],16.424621686075913,19.71093607743122,0.4436127222828372,0.0643444611064058,0.3842710048315804,0.4189367477972299,-0.8444954085955362,0.5625,1.0902117061391163,Sec2_GFP,200016,9.014627842275024,0.83845360416252,34,[33450.88137458 52119.82363036],Ring_Rand,0.6,0.4,20
1524,1524,20,17,Exo84_Sec2_c,32,66.51550884067024,50.80476124640209,45.02247484540507,42.384943122969446,2.908614469484172,34.0,0.5635852054680122,1.153514169931502,[37079.67642884 52537.87828013],[37067.39 52536.64],[37077.40121212 52539.69030303],[1.66051844 8.41380552],6.152624940936029e-13,21.966426927231904,8.576097294923906,1.0791555342763348,0.375,0.7406240354569287,0.4999422360488398,-0.5160520725419729,-0.9565103109810476,3.3753932382566805,7.625865153942837,0.1852574117417396,0.1915306143557577,0.5547893581403134,0.4108903332544381,0.3377012899470965,35.2885971937299,15.657945069460984,[-10.88430517   4.49587065],11.776287700343357,29.711340712182583,14.687716065676575,[-2.58196257 -5.84488858],6.389777244383973,8.929642826569484,0.4257616670044763,0.2496127678390883,0.4524770082394942,0.3662499946700752,-0.323539789972925,0.3125,0.8094333811459004,Sec2_GFP,200017,6.104625569934305,1.3530644133687173,22,[37059.61990137 52538.85337105],Spot,0.43,0.57,20
1525,1525,20,20,Exo84_Sec2_c,43,56.65407783221666,51.16228761013388,60.68023606526351,48.34203311129821,26.48739857539202,47.0,0.7412058318999182,-1.4602830455988742,[30160.15328479 41461.04848365],[30161.2 41439.4],[30161.20681818 41434.58204545],[ 0.69532333 -2.75638896],1.1464473634509745e-13,23.487810032367943,2.842737171175565,1.2323145756678002,0.3125,0.6180287962284154,0.5708018687017027,-0.6728667684536265,-0.956581788239544,4.535684663907414,8.05233444354728,0.066684159220974,0.2580862140680568,0.6152877039207222,0.3802655189882696,1.002505892588449,40.13451390769084,17.719157361002065,[  7.37518211 -18.74573859],20.144379527414987,31.626545403553955,16.32071492581864,[ 3.69708386 -7.05345969],7.963650084205813,14.280094451524258,0.4976837123603796,0.1226468034223765,0.4717905875340084,0.2805203349171826,1.8213484022658293,0.4375,0.5945865439652538,Sec2_GFP,200020,8.080827072542906,1.1341659943742473,30,[30157.84909108 41434.57231884],Spot,0.45,0.55,20
1526,1526,20,21,Exo84_Sec2_c,42,56.36544070222089,56.36544070222089,65.06127712939056,56.525647533901385,23.210514816269804,44.0,0.7221625001503984,1.3729995107521953,[21145.49533997 53614.95323651],[21162.22 53619.53],[21150.05642857 53637.71119048],[2.03554406 8.24533633],8.352450074265244,22.48386352039629,8.492880010016886,0.7916567173402601,0.4375,0.7963162183293145,0.4439299243683691,-0.3241383506547574,-0.9223146263535302,4.324722586516372,11.743243840873356,0.103772547417891,0.222132961796133,0.5506999537767621,0.4385313046256395,0.110610885402116,42.97639639437684,16.8559060900904,[ -8.29599724 -14.94145032],17.09007044860597,38.06097133342001,16.301885183757072,[-9.90814287 -7.97375239],12.7181768450565,17.503344148036508,0.4759233559318304,0.2209334293225024,0.5234679490547977,0.2500290102237866,0.9206828654328548,0.4375,0.4776395778867697,Sec2_GFP,200021,5.130521907234991,0.9824419156886204,30,[21144.24911781 53638.09219404],Spot,0.48,0.52,20
1527,1527,20,23,Exo84_Sec2_c,31,59.347266434619534,55.73015939415405,62.15064511443828,64.9261330088218,19.650674055574022,34.0,0.648008146977046,0.1067984658835649,[40525.3271007  54058.06564233],[40502.59 54057.33],[40505.7883871  54055.97096774],[-1.37368957 -9.39329106],2.224109171850922e-27,16.130691911549672,9.493204937037197,0.8397076672543661,0.125,1.1059858468011303,0.388972262001229,-0.3124330141696922,-0.956555487568844,3.269912199561159,5.813286253390866,0.1621764035134988,0.1469951062024213,0.4623482231005581,0.5113505910428687,-2.9620805797388514,50.23367022424172,18.05320267701968,[30.48752015 -3.05205713],30.639907594728456,49.61917110880872,17.710014736436577,[34.2438744 -4.2948973],34.51215839174772,24.95079287922132,0.6597362016636497,0.2366110804796709,0.1680810496642592,0.3966670945501609,3.026505303956108,0.3125,2.3599751152345894,Sec2_GFP,200023,4.675294424933989,2.365329426595094,21,[40507.04210014 54051.04131275],Spot,0.35,0.65,20
1528,1528,20,25,Exo84_Sec2_c,75,65.12722642016978,65.12722642016978,66.04538905345993,73.56299281362821,7.838868164569966,73.0,0.7067548274485492,0.8513629329452471,[28300.1197105  42144.18216626],[28305.52 42160.38],[28305.2852 42150.0784],[-0.41224832  4.30374124],2.023966492828576e-15,34.30505974415901,4.323440456233826,1.9074635324797573,0.75,0.919839392607339,0.883629907401885,-1.6122267567156006,-0.9565319351932646,7.700115824773053,14.2680864980615,0.0889277213679032,0.3277038601837084,0.5167577372318368,0.4753341231404757,0.4324346512364681,44.42210299085939,18.74219907212532,[-2.48638909  2.30347692],3.389415378211525,42.05835047710933,17.845972322962155,[-8.8253498  -4.49552334],9.90436920167978,13.566639771628251,0.1145235873634843,0.3289317695527575,0.5241494488285383,0.4627348991088602,0.0564757702480246,0.625,0.8828300786026997,Sec2_GFP,200025,16.51911875919874,2.180992999116629,47,[28305.28486478 42149.23414278],Ring_Rand,0.68,0.32,20
1529,1529,20,26,Exo84_Sec2_c,57,78.51270893541849,73.32140663675641,72.81862442351829,60.74273008844741,13.976720050654894,59.0,0.6917420085620161,0.9099813262104972,[28564.86466611 42590.83432499],[28549.27 42579.51],[28555.98827586 42580.03810345],[-0.17482663 -7.7400022 ],32.115053459660764,20.222504814653192,7.7419763903369105,0.3758586715184376,0.5625,0.8811135694929387,0.3313468470915057,-0.07933650166271,-0.6370384258048767,5.906938166949192,22.541851577148066,0.0267875014714318,0.3680949997284044,0.5312185537177739,0.4680638760471442,2.2171432963131537,51.1050787594868,19.273532058507367,[11.16725123 10.70235397],15.46763978588304,47.24321174217168,18.849875831424228,[ 9.01293306 11.77298141],14.82686931463208,18.858240480347533,0.2899127557764366,0.2755533091559974,0.4661177664279615,0.4498328276101507,-2.409175733438896,0.5,0.965062608656588,Sec2_GFP,200026,2.837670741025017,0.8069704641855743,44,[28552.81853655 42579.2536578 ],Ring_Rand,0.72,0.28,20
1530,1530,20,29,Exo84_Sec2_c,40,68.0899725820341,64.07696668076345,60.99859367430376,71.37465699069828,2.857473531466541,42.0,0.5881991597154236,-0.7949314793054685,[35549.84211608 46755.04617134],[35580.22 46770.72],[35550.93829268 46752.40731707],[ -4.75397528 -12.55672096],5.289571242392347e-15,24.20871343780355,13.426523087042224,1.1783348664796192,0.25,0.9226789563270176,0.5458737250972526,-0.6152563655653955,-0.9565225139325656,4.219241547820851,8.596214762262939,0.127509488935037,0.094268625298112,0.5116513742423291,0.4720899559891965,2.992973221105112,46.69148247883315,18.53557831713071,[13.15284113 11.67799592],17.588997087026833,45.80765103982899,17.660430665625025,[20.21971405 10.72249327],22.88686737320695,18.82736589373065,0.4372267551364811,0.2559731496841101,0.420597419189615,0.3882353454032086,-2.635690244307902,0.375,0.9230568892962776,Sec2_GFP,200029,7.45244404893198,1.6708811847681448,34,[35553.90878664 46752.27524555],Spot,0.47,0.53,20
1531,1531,20,31,Exo84_Sec2_c,52,70.88329591714049,70.88329591714049,73.91385396765092,69.68485292538638,14.962813911154075,42.0,0.6110898698749526,-0.5944266391054782,[18760.16162311 51186.82224103],[18764.7  51204.39],[18747.76538462 51195.20192308],[10.19067098 -5.0498755 ],19.76450101554017,20.7488498835198,11.373258883270177,0.4940737621092789,0.4375,1.0191345130912135,0.3625866210343036,-0.1465114129127766,-0.8178391383247744,5.274051934776064,14.102003051522113,0.1241970025602769,0.1129430864126475,0.4876223442130647,0.4969527603419779,2.4502060535285946,50.91128537197851,20.190797481934943,[  3.59003652 -16.33921167],16.72896291538294,45.89952972135554,19.36620714010193,[  7.86362877 -10.27299479],12.937197507721669,16.838194551327955,0.3754283848841643,0.0379797962828605,0.4605041943266926,0.3985493334965752,1.996833989505692,0.5,0.8654629825452467,Sec2_GFP,200031,3.5628165662928044,1.518104666262744,37,[18752.01562885 51192.19593426],Ring_Rand,0.69,0.31,20
1532,1532,20,33,Exo84_Sec2_c,76,52.10714412860094,47.46681471266552,45.14830945254582,37.775582127190496,3.972533056595371,81.0,0.6085314041711665,0.5627735814123983,[33849.50971347 49451.71841779],[33826.97 49465.59],[33845.94       49449.97538462],[-4.80424811  4.14536171],4.2502035720415423e-20,19.6050761259386,6.345456927814717,0.5632739017890769,0.9375,1.2057460661052757,0.2610565773834547,-0.1406251970742912,-0.95633241115096,7.911077902164095,7.323580720427041,0.0913972713603985,0.1222824716005848,0.4495742071247763,0.5420723316630974,-0.7399057842046316,32.86008768330596,14.37828277351714,[-8.51152811  3.70591014],9.283311952126262,30.153768711721582,13.744664110262349,[-6.14538264  8.95346886],10.859573310732925,8.409984935733696,0.3276898805369821,0.160115147814076,0.4041174431196836,0.4885018990739748,-0.4304542336437991,0.8125,1.2088117139979526,Sec2_GFP,200033,4.910508030864881,1.4171737574098628,37,[33838.9725704  49451.36202219],Ring_Rand,0.62,0.38,20
1533,1533,20,34,Exo84_Sec2_c,31,53.96495846171967,48.46719759937472,41.74840886529763,51.1685213135241,3.187284132452087,34.0,0.6673147223827073,1.0466482372017578,[38273.62232411 43326.59739609],[38267.51 43346.8 ],[38270.56848485 43327.51      ],[-0.38845857  4.07628358],15.876919925157964,12.624889185242436,4.094751261384609,0.1797964433124762,0.25,0.7185838410639945,0.1466047646138128,-0.0193954850019831,-0.7358197875702733,3.269912199561159,9.796153109299247,0.1061938388091609,0.1806942915709127,0.5753125596635684,0.4134103089354055,0.3055597395032352,30.83410568286688,12.904569618497694,[10.40295048  7.47583669],12.810523520204008,27.48681029334772,12.399903343586049,[6.56355908 6.47458387],9.219573960096362,13.664138961329996,0.2644922473837335,0.172283118930211,0.52029192602174,0.409751925052162,-2.2127208454652494,0.375,0.7875423479760877,Sec2_GFP,200034,1.0010642296387935,0.4359346431268678,20,[38270.73302224 43327.99663038],Spot,0.37,0.63,20
1534,1534,20,35,Exo84_Sec2_c,79,59.57477815511701,54.75314152178597,54.77740669014643,59.1370951044871,1.16447789672773,83.0,0.669270760728925,0.8578401615471298,[27049.49760264 52415.581734  ],[27060.72 52417.89],[27048.73594937 52414.70088608],[ 5.03899203 -4.94701643],1.4048889891098132e-14,27.392116044227738,7.061473803063955,1.058284916183804,0.75,0.8979568118751041,0.4902922737161279,-0.4962948165624009,-0.9564936336353328,8.227521018250659,9.390950204568082,0.0522783213877679,0.2650577405111882,0.5254423972522421,0.4718245798606352,2.092282020755975,40.05976683463528,16.86201083715575,[ -0.41579849 -12.51841259],12.52531605169163,36.15339173186008,16.465575314415386,[ -1.04374181 -11.28333662],11.331508387378133,11.860655505799514,0.3075540829342726,0.2093325711634283,0.487665273734243,0.4177452123362154,1.5396318301403018,0.8125,0.8566228411905927,Sec2_GFP,200035,9.40624208395418,0.5387934953221337,40,[27051.96662757 52409.20035805],Ring_Rand,0.64,0.36,20
1535,1535,20,36,Exo84_Sec2_c,70,55.27935315005015,53.347587010473134,53.38201052063224,50.65123229773696,1.369121456895315,78.0,0.6421217822702513,-0.0466902994886154,[30599.41522775 43144.29133004],[30591.52 43166.33],[30600.78285714 43144.22742857],[ 4.54729741 -4.55394293],23.85368452303557,15.73938176708842,6.435550480303004,0.2109285103295299,0.6875,1.5876951469136034,0.183336137768681,-0.0254803298964198,-0.6589033005113307,7.383672708686489,19.52799201090052,0.0434520585744876,0.2285188310980096,0.3857146464088352,0.6123972721968042,-1.4354139838626423,38.74698308842663,15.466929934792384,[7.02081745 0.117649  ],7.021803112060734,35.36716813901876,14.51387373522885,[-0.56416409  3.02454181],3.076708354958845,18.198065789313155,0.1564877229540398,0.2017691774672837,0.377247276496264,0.5982643160683957,-2.8262963763037368,0.6875,1.5858678202394405,Sec2_GFP,200036,1.764754530490975,0.5530152619618712,37,[30600.77176973 43146.02969026],Spot,0.49,0.51,20
1537,1537,20,39,Exo84_Sec2_c,71,61.65394608301434,61.65394608301434,61.79119230262271,60.60669655537743,2.9400800499724262,71.0,0.5986048067429368,0.3658986242047616,[38248.74066572 47578.86305382],[38253.06 47585.89],[38245.99521127 47577.81112676],[3.30987752 6.30622481],35.377273084011776,14.1917278616638,7.122061541235441,0.1608436023261653,0.9375,1.288769494179233,0.1541240595495156,-0.0103417206834808,-0.417175286695864,7.383672708686489,21.523359937159505,0.1137452650178303,0.1525433146800072,0.4312631818959078,0.5557988327901157,-2.703947895899079,44.41738629513774,13.569436377848742,[10.81650486 -1.70515003],10.95008282854801,42.39877372712206,13.20985409751966,[10.35351881  1.86157778],10.51954483163382,21.658219579843813,0.2597566436935006,0.0834604123333305,0.4512373825590776,0.4812891034980102,-3.0525081462447474,0.8125,1.066598473664797,Sec2_GFP,200039,1.3552922832574867,0.1985857911679909,43,[38249.40398572 47576.37665835],Ring_Rand,0.68,0.32,20
1538,1538,20,41,Exo84_Sec2_c,57,70.04039538492462,67.77046168078839,67.78170478113803,62.45668310274669,0.8817962332681875,59.0,0.5487914653920671,-1.5212245788910956,[23530.67790481 49410.33858524],[23525.97 49414.86],[23530.63421053 49411.21929825],[10.82198167 -5.86319159],35.92053482448045,16.874541707461397,12.30822094522618,0.2593969644400913,0.75,0.7781459474761747,0.2438596380262642,-0.0310699421693481,-0.4911742951322547,5.906938166949192,23.02284697843628,0.1022148991961121,0.1136748259353336,0.5565078141008938,0.4330443002814348,-1.6661113303526929,47.49323388208923,18.29327066660084,[0.08768155 6.60526005],6.605841985584885,45.5876004458019,17.423768719129868,[-3.55523153 12.72625072],13.213520677112944,23.364472540942703,0.2083076657400706,0.0780537194266698,0.5353345323624158,0.4212733840315071,-1.5815121173915034,0.6875,0.7869348203121512,Sec2_GFP,200041,1.958404134534504,0.2934318058060255,39,[23528.85319653 49410.32365201],Ring_Rand,0.61,0.39,20
1539,1539,20,42,Exo84_Sec2_c,103,68.08117143658576,64.74735125023854,64.94156102164033,63.111044147855736,3.58475043999493,117.0,0.6146394774787475,-1.093802660458136,[23108.17162177 59640.84489693],[23127.38 59660.55],[23106.52582524 59644.02951456],[-0.50457371 10.66089316],1.7717614888948388e-13,33.48735921679983,10.6728270682752,1.9433291548497709,0.75,0.8497469028192328,0.9002529128647635,-1.6734339674783223,-0.9565279804906968,10.653584908247648,16.296058408853344,0.0945854035443399,0.2063824470091405,0.5357779488241724,0.4552756526121819,-0.1940664074217105,46.67224553929,15.724808466708144,[-11.39298045   6.42727964],13.08089931938487,45.18020943150085,15.39293567606636,[-14.11270285   8.59124399],16.52204149552243,22.683352032774543,0.3129693155251957,0.1248076194922476,0.4648723127448604,0.4371778947948301,-0.5009523809577683,0.8125,0.9404257530707576,Sec2_GFP,200042,19.722636867852632,0.2345518431242666,50,[23107.2202546  59650.30999938],Ring_Rand,0.84,0.16,20
1540,1540,20,43,Exo84_Sec2_c,103,74.55800220361212,74.55800220361212,76.1037685787862,72.11288723046778,10.900475071551362,105.0,0.5154817306975285,1.220133389238523,[25222.69754611 57002.96625491],[25216.5  57017.23],[25218.95300971 56992.72912621],[-10.31371396  -3.91319229],0.5360189182282845,40.658817061571696,11.031127299001554,2.3649257140510747,0.8125,0.7961266904310341,1.1031043645794634,-2.49300437101842,-0.9556281484261134,10.86454698563869,20.98572975630274,0.0943669978138119,0.1121103556718601,0.5517956361339774,0.4392992335896306,-1.8986985136225267,55.022550326358136,19.301403219670224,[ 3.48454683 13.38535416],13.83147760310046,52.76921777323214,18.88355655611345,[ 2.77754247 17.24218782],17.464472021961583,27.102207394672234,0.2870706738453783,0.0481065745238581,0.5047799788711639,0.4128104493467964,-1.7868262809752562,0.875,0.8178027390665568,Sec2_GFP,200043,24.001374631402644,0.4856199203389046,63,[25222.89117889 56998.03195604],Ring_Rand,0.67,0.33,20
1541,1541,20,46,Exo84_Sec2_c,73,78.27209404847778,78.27209404847778,80.60349011039955,71.46136876284938,13.747020293901684,77.0,0.8930324603630456,-0.5501639088032416,[23210.24999915 50215.2363539 ],[23225.19 50213.92],[23221.96849315 50208.0490411 ],[-1.33990793 -1.33197224],30.31847700878369,29.347425739715145,1.889312921924633,1.1799063190834649,0.4375,1.937724603708151,0.8930084875153091,-0.840523377531922,-0.7977130252069776,7.48915374738201,22.70924508749404,0.0209804897531573,0.7148208471426872,0.3402496673064659,0.6593101517432518,-1.6619996832424986,69.81931730770178,18.605144532254403,[-36.10955165  26.50541501],44.79326674541946,63.626424380048455,18.40222229227494,[-31.70468134  22.67592058],38.97927902351864,34.35333365868761,0.6634379944786976,0.0378776216357374,0.2018310091264413,0.3580190183556422,-0.6313829994870347,0.3125,1.7738553649670037,Sec2_GFP,200046,10.081124009372942,2.0911625454369087,39,[23227.28670942 50220.50072644],Spot,0.45,0.55,20
1542,1542,20,47,Exo84_Sec2_c,45,53.08616708843493,48.14663603412456,48.34708586825834,46.72128960528866,3.141407989784762,49.0,0.6240215700744524,0.1815000661642651,[22251.7633038  50662.84562618],[22254.48 50692.44],[22254.85311111 50663.41266667],[10.91371283 -0.75779819],3.481326732749493e-12,21.095516550505184,10.939990216484238,0.7953905781724049,0.625,1.226813155620678,0.3684969936706016,-0.2803470973318382,-0.9564927280019656,4.641165702602936,8.289379191707443,0.1493794299994173,0.1497794435623159,0.4390515582437986,0.5386342276492505,1.7164195665416462,36.99998420586637,13.885222068253857,[ -1.75922803 -14.69383541],14.798772999614618,36.26856521131649,13.529237201848938,[ -5.65707882 -17.55919387],18.447976316027287,18.024776413056177,0.4841737712735532,0.2546836141812294,0.3713346898946469,0.394241069316098,1.437015672225923,0.5,1.061686613302813,Sec2_GFP,200047,5.335642204369074,0.5790297440580429,34,[22255.42794818 50660.03333122],Ring_Rand,0.65,0.35,20
1543,1543,20,48,Exo84_Sec2_c,53,65.33009376906658,56.29596291085062,57.328592835282464,37.46822990381539,7.737139309900174,61.0,0.6805305723110819,1.1948191618062554,[32065.85735039 39430.53480768],[32062.34 39422.23],[32063.01641509 39423.33811321],[-1.68759785 -3.76495724],18.628405568253147,16.955530704261392,4.125880457590244,0.3765696194373437,0.5,0.5179112505226613,0.2917923321767612,-0.0857538698767304,-0.7804311101692014,5.274051934776064,14.8681967048445,0.0957064519018384,0.3744578365789458,0.6527656177020796,0.3380746573622815,-1.5929116013524314,43.88630455863419,13.02271874784338,[ 3.21728857 24.80943076],25.017170107886628,40.02676318296738,12.54281246739782,[ 6.37791271 20.21755402],21.19969954838148,23.68139793970606,0.5833779654503257,0.0697656823528981,0.4480568046817187,0.2116133447453199,-1.8079457405013324,0.4375,0.4722913312200255,Sec2_GFP,200048,2.7414682104684074,1.1633459216482165,34,[32070.55270757 39429.0064599 ],Spot,0.45,0.55,20
1544,1544,20,49,Exo84_Sec2_c,109,78.15177166234831,78.15177166234831,79.7475561268884,73.18772660552158,11.338333351437312,110.0,0.7919175580909737,1.3329486991471229,[19190.08364239 54458.36215673],[19195.7 54464.3],[19187.41220183 54447.34302752],[3.40418641 0.5877194 ],45.55137998436543,17.47891397292937,3.4545476174899705,0.2767151030697783,0.6875,0.39929826974662,0.2662201893237635,-0.0293224821519479,-0.398040148086722,11.497433217811816,27.184614274636555,0.0036596313815187,0.509789702801764,0.7146343483146202,0.2853522587835312,2.459182291790813,55.84101413672834,17.449543816484088,[0.48275418 1.34634239],1.4302759973842671,53.103309403927,17.21715704940812,[ 0.16313133 -0.43838879],0.467756943914576,27.225821835441007,0.021250249398836,0.5104107617145895,0.7165116453986331,0.2830367815018541,-2.0664069444776487,0.6875,0.3950204903430227,Sec2_GFP,200049,2.888990491693261,0.3884886323764838,61,[19193.91931185 54446.75780923],Ring_Rand,0.63,0.37,20
1545,1545,20,50,Exo84_Sec2_c,42,71.9224507585151,71.9224507585151,72.2961670606883,64.84086638747337,5.243890933298776,44.0,0.594772021239145,-0.4709694263808936,[23423.9625062  59217.72820153],[23429.27 59233.56],[23419.28952381 59220.10761905],[6.95379594 3.70247692],3.5767378466318994e-15,36.825870390164944,7.878046286309955,2.5847871254161383,0.25,0.9085090799694392,1.197414063730056,-2.9605146233922457,-0.9565288516155817,4.4302036252118935,13.819256573735831,0.0766151464783978,0.1145836879622944,0.5208935759142485,0.473236543415845,1.262838093146395,52.55354155397343,22.322788791710483,[ -4.08744837 -10.2938799 ],11.07570303256104,49.28566140344059,21.40994931141705,[  2.3525254  -15.57961623],15.756231072533993,13.65568042882332,0.2383007691998582,0.1658374859801487,0.48642400088882,0.456788742509936,1.375177669284371,0.375,0.939075254665204,Sec2_GFP,200050,16.75133512040503,1.873549350331215,33,[23415.60827739 59217.49544484],Spot,0.36,0.64,20
1546,1546,20,52,Exo84_Sec2_c,30,72.98073435971688,66.76422665830839,72.40293306449844,68.39666485099958,23.42283388279314,36.0,0.7940901465781272,0.3614567723470522,[32602.69646014 41449.5940869 ],[32591.89 41470.36],[32580.14451613 41443.26645161],[5.81260515 2.53248732],34.169986513506444,10.822756341264515,6.3403367939350925,0.1669326489224329,0.3125,2.098770729263804,0.1626885275766731,-0.0088253655662414,-0.3249634302409135,3.164431160865638,21.42313868431048,0.1110691268556312,0.4620524469448956,0.3187275650090362,0.6689360840504915,-2.279014984916108,52.14041086773331,16.591894666614284,[23.93537012  4.8388089 ],24.41958259619414,43.35765250189187,14.831880978332311,[6.52434916 2.82944812],7.111463180539674,26.23687759628616,0.5080076901149194,0.1954419277231571,0.1813151953019722,0.5606129914821316,-2.771683422560121,0.375,3.091925034459777,Sec2_GFP,200052,0.9143277739890696,0.1743031756316946,23,[32582.99322992 41443.9249117 ],Spot,0.4,0.6,20
1547,1547,20,54,Exo84_Sec2_c,46,66.62096776577641,61.07169922659306,63.88377781289012,51.06739164987654,13.389468547013188,50.0,0.6618591252454017,-0.6119195219846364,[28364.86099462 48340.17355722],[28387.83 48336.51],[28353.90108696 48347.865     ],[-4.9417473  -5.60564097],1.705066366166429e-16,31.40281637655404,7.472889469035644,1.7697590690379947,0.625,1.0990853342147329,0.819826528976004,-1.387836709097159,-0.9565380632620176,4.852127779993978,13.275099578915508,0.0788515220014978,0.2655357839417597,0.4734359395873827,0.5203464978906647,-2.81210520896578,44.56586998100146,19.271975669704567,[8.4224232  3.49923321],9.120408188170536,42.8166370646144,18.33263999259236,[15.339498   -5.57808017],16.322229544717242,15.63560035818133,0.2283973861249158,0.3152601707100962,0.4550885348654861,0.4927460991458199,-2.868451923673744,0.4375,1.082747776301296,Sec2_GFP,200054,12.003089996844253,0.7966661467796925,35,[28357.28776138 48346.76995795],Ring_Rand,0.65,0.35,20
1548,1548,20,55,Exo84_Sec2_c,39,54.760141766800736,47.911627720603065,47.95726892017745,48.084879242876,1.4941333308940967,43.0,0.583469095761125,-0.3267123356032579,[15520.06048214 53225.72689653],[15508.  53244.3],[15518.64538462 53226.20641026],[11.8235831  -2.57933906],1.3882489721006484e-20,18.4672078818094,12.101657217290628,0.8332594878274323,0.4375,1.1850342819734032,0.385881906007932,-0.3076075743360565,-0.9566704128483868,4.008279470429808,9.32069017362192,0.1899015389006877,0.1345042947791809,0.4411543624169481,0.5227830431062026,1.803267526891699,35.9121396668169,12.11487300898854,[ 10.71214388 -10.14854065],14.756114117655176,33.3817382157801,11.909985702619965,[  8.94812576 -10.00464654],13.422440432790872,17.82046845772318,0.4258149677368188,0.3471957445775114,0.333843711054855,0.4848379021964371,2.249015269904468,0.375,1.4522900571182895,Sec2_GFP,200055,5.203703833628789,1.28347186666574,27,[15519.13440029 53222.08905277],Spot,0.48,0.52,20
1549,1549,20,57,Exo84_Sec2_c,30,66.00671712669825,53.17047249631895,49.27815604078905,47.26818737090886,3.634743977409472,35.0,0.6097603755856335,0.3820864930405293,[16781.45386925 58287.99798233],[16768.64 58314.28],[16778.20774194 58289.63322581],[-5.09727203 -1.67426716],10.834992554665233,21.906372818991205,5.365198286494925,0.8370206885137769,0.3125,1.6348156893167431,0.4993172896450012,-0.3786563737946163,-0.906008922300046,3.164431160865638,11.334543201072648,0.0854203792357665,0.2811122906487883,0.3767638711262738,0.615939487684944,-1.684281297191633,35.51965454544417,14.48628687874016,[4.04861809 1.39723083],4.2829385243121,32.364062548299785,14.157072911195552,[3.41098128 0.16313189],3.414879979565263,10.953681141116643,0.169401786115535,0.3015128804580849,0.3574061246237008,0.6138969102371655,-2.4103795737583256,0.375,1.7176451883232666,Sec2_GFP,200057,4.584551121975009,0.9452032266035328,21,[16779.18727658 58292.83765341],Ring_Rand,0.55,0.45,20
1551,1551,20,60,Exo84_Sec2_c,45,49.00005022492705,44.75909743901837,51.08440989676463,48.5135584093211,17.5871029239418,56.0,0.6819978519198209,1.357175262125641,[41381.14779983 44480.09534205],[41387.16 44452.78],[41377.41933333 44462.908     ],[-2.25188769  0.61707155],4.036134637599617,14.714655053913782,2.334903734405878,0.3555363272259089,0.375,0.7122660042771053,0.1896892452637858,-0.0629451097912956,-0.933330170899471,4.641165702602936,7.060152687977384,0.0687629718210624,0.1935431239506323,0.5812599509773748,0.4140117027289609,-2.219643953737216,44.58498784437945,15.82191748064184,[ 9.60716321 30.11173576],31.607186138488256,52.81462461710317,15.404669955928435,[13.56421954 42.8771808 ],44.97155417194745,20.346822411661982,0.78157252478415,0.3850604511820302,0.2773827707440869,0.1117616177584425,-1.9163178344027776,0.4375,0.4029147789483785,Sec2_GFP,200060,2.3850101884432244,0.94074049275472,24,[41375.10292201 44464.38494392],Ring_Rand,0.52,0.48,20
1552,1552,20,64,Exo84_Sec2_c,33,71.83308642168188,59.2849674302007,61.534248185169886,68.54764372880055,21.264397310121065,39.0,0.6464653966891097,0.5096246626570404,[26535.40894175 55942.10945325],[26494.08 55944.73],[26516.80228571 55931.81542857],[  0.01604096 -11.42122881],7.303730666051656e-12,13.855599217188672,11.421240074360163,0.5035850104177974,0.125,0.9553030540589424,0.2331178001586613,-0.1123276961339073,-0.9568384542353292,3.3753932382566805,4.92524337935057,0.2915999942665681,0.101601875343048,0.4679425224874404,0.4470269208562971,2.824482067482857,58.78607510664445,18.510975861852057,[42.80301589 16.13617032],45.74356962397636,47.61703198891144,16.436361324048644,[34.06773724  1.59102579],34.10486891244347,28.700844750349845,0.7971028529063948,0.5791068783035502,0.1315137946881018,0.2331132472003843,-2.8874329399986447,0.125,1.772538369478546,Sec2_GFP,200064,2.8928756402025426,1.112017126016488,21,[26506.3088381  55931.68929889],Spot,0.4,0.6,20
1553,1553,20,65,Exo84_Sec2_c,35,61.29058036599029,61.29058036599029,63.18067072547714,66.7007107093381,10.95589282591788,43.0,0.6527218902688157,-0.575323748872912,[15660.61325709 52525.91774338],[15673.53 52484.02],[15669.80542857 52519.95657143],[-4.78663471  2.595468  ],1.413218036152409e-09,26.297846839487143,5.44502763540574,1.3722636947815865,0.125,1.2239848989602422,0.6356900919610038,-0.834421050241299,-0.9565380173049636,3.691836354343245,7.52356331095476,0.0224372130748415,0.1576863957754155,0.449416977577824,0.5500795938916103,-0.4042301480594038,51.480864857891454,20.86916377611584,[-21.89116074  15.9517057 ],27.08652494240644,51.71058663427347,20.24822203090001,[-30.06672136  16.22861421],34.16687947092409,16.040363846248894,0.589102783883052,0.1959700575299594,0.2667833917202665,0.3861745183009716,-0.6103190480638603,0.25,1.447520836326617,Sec2_GFP,200065,8.118421501778926,0.2724383209700698,29,[15669.59884097 52520.89535779],Spot,0.42,0.58,20
1554,1554,20,66,Exo84_Sec2_c,74,65.61143782562786,52.44386629341576,47.08508416990701,42.6678895324046,2.5849599259986307,94.0,0.6013503801556012,-1.15115971687145,[32890.10745243 56137.12817891],[32886.11 56126.19],[32889.33220779 56134.66220779],[3.67499199 1.44630534],8.275485601542426,21.17188326623458,3.9493499805357577,0.5833496978141797,0.75,0.5860631429966842,0.3303576801508328,-0.1772813053564556,-0.9199189301508348,7.805596863468573,9.615982570772498,0.0971811416723616,0.2498706829600591,0.6245374467448471,0.3660183789584093,1.5595562296682235,34.770577996819966,14.478537458446832,[ 2.37618252 -7.58444058],7.94795459787757,32.938581163516005,14.074822671092852,[  1.99632997 -11.10384784],11.281877956146372,11.794240652574356,0.2957159444586897,0.1326266945525686,0.5654213620999092,0.3471307180929958,1.6461566881116374,0.8125,0.6139327966028604,Sec2_GFP,200066,5.018163845028599,1.1649516034644902,36,[32883.47056519 56136.24479031],Ring_Rand,0.68,0.32,20
1555,1555,20,67,Exo84_Sec2_c,42,64.69695495828128,61.2743537564834,65.1772007955963,59.93543938825934,19.48663566162348,45.0,0.6657867401535211,-0.7644782246978451,[28936.34967481 45816.5450653 ],[28944.52 45809.  ],[28949.0227907  45801.74232558],[-4.38245661  2.88442604],2.43233123809224e-18,24.665123850446022,5.246507362087383,1.5090924343339565,0.1875,1.0369729293616106,0.6990512177810634,-1.0090988835955026,-0.9565526677596692,4.324722586516372,8.239533793058222,0.1019123581415127,0.1146943215811661,0.4858257353317808,0.5037881359262553,-0.6916581441792384,42.22658784999008,18.93071873927672,[-4.92933053 11.83830963],12.823567151175178,37.57093871875067,18.33019909342842,[-1.25037049 12.66071868],12.72231204961468,12.20987445995268,0.3657761338082526,0.1948308605841789,0.3811188847575233,0.485088935178764,-0.94763335055432,0.25,1.2728021480420444,Sec2_GFP,200067,9.780036756847464,1.9302776370326635,31,[28949.21558644 45805.35783812],Spot,0.49,0.51,20
1556,1556,20,68,Exo84_Sec2_c,69,59.063411068467786,53.73055997540002,51.63051991334744,56.03018946268163,12.535398533529484,76.0,0.608884962997343,0.249785144608655,[28672.83374447 46772.00257734],[28661.7  46764.47],[28660.30875    46772.51319444],[-12.4729267   -5.44377945],0.4387935200075668,16.683442041001424,13.609137929777669,0.6776953831714992,0.4375,1.0614020341319932,0.3181230228986989,-0.205855597310512,-0.954845383203624,7.067229592599925,8.392908416858589,0.3462085428306694,0.0921112295072462,0.426961665069701,0.4531779798013635,-2.114747616915632,44.52386979564913,11.242077493580004,[16.02187833 21.05186479],26.455275396836228,42.10472219458829,11.073501533874245,[16.92675023 18.57471888],25.13036122074957,23.24387185015934,0.7022981279758895,0.4729783529208075,0.2175412531068119,0.289236086334749,-2.189272798558494,0.4375,1.3295689079842492,Sec2_GFP,200068,5.629360641641784,0.4448901453797211,34,[28667.63132918 46788.85518725],Spot,0.45,0.55,20
1557,1557,20,70,Exo84_Sec2_c,62,63.188558571977694,56.617924057967,56.63455770329028,57.310236426925655,0.980368947006938,72.0,0.7089635940184155,1.563142568668703,[39347.05088366 59796.01530493],[39355.26 59831.74],[39347.0583871  59796.99564516],[-0.07764181  4.03625591],2.7484695002832703e-25,23.99287254051617,4.037002607808337,1.1110784064393493,0.5625,0.5638807578817845,0.5146648103758551,-0.5469959404152586,-0.95656595754449,6.434343360426797,8.169726005430924,0.0503986015967795,0.2815641800411146,0.637810763979288,0.3596492169778009,-0.1549487935355971,49.37107719608495,19.652759334469344,[-5.91958295 30.03447781],30.61227400829785,35.97872249938449,18.92769246030065,[-7.13480119  8.64044098],11.205472249920396,17.288398842490544,0.6446925641813784,0.1749303995521969,0.4190368272521165,0.1653346704371226,-1.4285259448903287,0.3125,0.3945588064927949,Sec2_GFP,200070,8.748640120947933,1.7321018064053024,38,[39348.56546752 59796.54847201],Spot,0.35,0.65,20
1558,1558,20,71,Exo84_Sec2_c,33,62.04583802318997,57.77788994399648,61.68317486652524,72.90481659930926,20.14847391043073,41.0,0.692207515871588,1.402009173441251,[38680.32053882 59897.8420842 ],[38683.97 59927.25],[38686.21       59917.11058824],[  3.56496862 -11.56479728],16.62530689868047,13.2900285325361,12.101798931970787,0.2420099516733906,0.125,0.5641109271546673,0.1969546639135012,-0.035164557128643,-0.7377439519233977,3.3753932382566805,8.562438303036274,0.1994959843187505,0.2744445032690534,0.6138959427816485,0.3463054094590443,2.320895429004103,52.66801270605737,16.19351767712028,[ 14.59273988 -30.20619183],33.5464168329024,57.599245128140936,15.648546629271976,[ 10.46887349 -42.14172079],43.42259715515655,26.78595351876523,0.7697358889142213,0.4653957557537429,0.2832864963185234,0.1242201649989102,2.078834957636102,0.25,0.4384965983667601,Sec2_GFP,200071,1.3902413284734332,0.3184787387383276,24,[38696.10800421 59911.07481304],Ring_Rand,0.64,0.36,20
1559,1559,20,72,Exo84_Sec2_c,29,55.40520614733718,48.26556585567916,43.55413969941547,37.20580597335722,2.91519622451054,31.0,0.6901840690233638,0.1960871436503409,[23126.56924614 42193.78663279],[23113.12 42199.8 ],[23125.51433333 42191.069     ],[1.00967303 3.61866695],3.2874294862524604e-09,20.67926321597642,3.756885692603913,0.925359502608088,0.3125,1.1508937421855627,0.4286737741797065,-0.379433611382287,-0.95652955971912,3.058950122170117,8.20717913354231,0.136681604631539,0.1541422564902877,0.4562373862123994,0.5250807527429483,0.5477838028101205,37.4848502366114,15.889860922196265,[-19.47768304  -0.85385609],19.496389584922483,27.839865365108302,14.814333657788428,[-3.02828723  5.80514019],6.547532071068679,19.64857931291373,0.5769635261226601,0.2258361102834047,0.2870669560181542,0.3800461335059523,0.190602863714333,0.3125,1.3238936963609218,Sec2_GFP,200072,4.983213427392565,1.3240989794510911,20,[23122.37577189 42191.51801186],Spot,0.34,0.66,20
1561,1561,20,75,Exo84_Sec2_c,36,45.20765873805247,39.34714963726358,40.945259151141535,42.62375236825683,8.091191430419205,38.0,0.6342303901703344,0.2604004777897078,[41678.94730154 45373.15460811],[41688.72 45381.38],[41671.12888889 45371.07138889],[-6.98879967  2.8421238 ],4.226016298686469,16.76059601913746,7.544599954487574,0.4269654517434962,0.5,0.9017713838315782,0.2252152419078922,-0.0899679428262383,-0.935615215784492,3.4808742769522016,6.099430640465593,0.18722155551703,0.0377029577076234,0.5073943678790993,0.4575537212706842,-1.175560574571039,23.59408834679537,10.004235748171247,[-1.86538303 -1.61918544],2.4701043179799407,22.33540604318598,9.528173106577986,[-6.80323398 -4.18556496],7.987674674558826,9.8986237032914,0.1865759794425482,0.043578225001531,0.5039921434945858,0.4611972604004681,-0.8187648652922859,0.625,0.9150881940393236,Sec2_GFP,200075,2.561792710460977,0.3720871059222562,21,[41675.87788586 45370.81530143],Spot,0.32,0.68,20
1562,1562,20,76,Exo84_Sec2_c,43,64.92145119237814,53.44848696136918,53.80158968885084,51.23080381144905,4.395631794349199,58.0,0.5321989840472638,-1.046378280302653,[19351.93232191 50107.55911296],[19385.64 50143.13],[19354.13325581 50103.75418605],[2.71847537 9.02427182],5.680344801024177e-17,23.029311168461817,9.424839006101443,1.1606159041741664,0.4375,1.0557820367714728,0.5375571925483869,-0.5968260261031209,-0.9566092120323768,4.535684663907414,8.783980373377723,0.1142044974635074,0.0185074922241167,0.4800885089496582,0.5068688238094495,0.441830334560252,40.36159313952843,15.53103125221671,[-12.5815803   -3.63885184],13.097228929366672,38.83933190984227,15.092958558379731,[-16.31399011  -3.55303152],16.696415973791346,13.016827180989722,0.3826305399033373,0.1861216801228702,0.436492254751294,0.4171016151819866,0.2686462214396247,0.5625,0.9555762115862608,Sec2_GFP,200076,7.610667441949277,1.9827971029861613,28,[19355.0127387  50098.48528612],Ring_Rand,0.6,0.4,20
1564,1564,20,78,Exo84_Sec2_c,37,60.95818724974565,50.44410705107239,52.11326994165437,44.18671397535024,17.31241733332499,40.0,0.6853724092915533,1.231138046045964,[27213.56364347 46882.41490726],[27207.48 46857.23],[27208.17052632 46865.96394737],[4.17350974 5.82849456],5.226940979598298e-20,19.29336677457845,7.168649267271518,0.956463517236587,0.375,0.9267360561115466,0.4430263714025599,-0.4053416984769132,-0.9565844022274476,3.7973173930387656,7.215628420510352,0.1180260348191906,0.0698399113103505,0.5117825308646072,0.474287324240252,1.2044856464724822,33.41666670522606,15.097217694348087,[-9.61323904  8.47225914],12.813802700471149,32.153856067668826,14.041058673102942,[-15.71207583   0.31023144],15.715138260847263,7.086825055573082,0.3243062719470969,0.3112589629719876,0.5512709638525936,0.343554478123182,-0.5105883765956083,0.375,0.6232043779745425,Sec2_GFP,200078,5.817940444243956,0.0271752245898517,21,[27212.67368939 46865.58069944],Ring_Rand,0.5,0.5,20
1565,1565,20,79,Exo84_Sec2_c,62,68.69783148031566,68.69783148031566,81.73856607877661,77.34746167924271,31.637303080101034,63.0,0.7354833050163,0.545462830072036,[16559.5198017  47408.13193659],[16567.27 47412.78],[16586.56612903 47424.54580645],[11.22154658 12.59743789],2.4222097989745892e-34,18.311562799719034,16.87064163077187,1.139300904461298,0.375,1.274837434075873,0.5277244391267797,-0.5751292984079386,-0.95657679849998,6.434343360426797,11.760316073579146,0.1821724171906335,0.1936882399492749,0.4250032094305142,0.5418100009844076,0.7281558276960767,58.22195894514606,16.400133907743477,[-26.60205577 -19.07712143],32.73539267049588,53.34385758728549,16.146768474730585,[-22.63378393 -16.75100799],28.15820384254334,28.294148333815887,0.5822466761912272,0.0587072348951889,0.2461208003498059,0.4148680077144624,0.5731380497109634,0.625,1.68562757444645,Sec2_GFP,200079,8.970864292597039,0.4605032667945095,44,[16585.49414409 47423.65682178],Ring_Rand,0.67,0.33,20
1566,1566,20,81,Exo84_Sec2_c,61,76.62134255404425,71.47991563555001,73.26905606081357,77.55351944634664,18.04736532366137,77.0,0.6191634517404212,0.3343254842549396,[27401.13845413 39677.34562551],[27412.56 39706.03],[27417.45693548 39685.05370968],[-4.36189779 12.56249713],14.932686043707976,11.655969109320674,13.298213661643704,0.2023602856905682,0.375,1.2442951232982555,0.1661198622744694,-0.0245047385398722,-0.7289592089910264,6.117900244340234,10.424693615616262,0.1649001526468236,0.1712904969872502,0.4334581176772324,0.5393498219798217,-0.6121035669278166,56.52267665603894,18.78982640600452,[-32.77112152 -10.87823327],34.52944199944789,53.255244519899776,18.267436758989824,[-30.90292569 -16.05641443],34.82526755623812,25.901520747408632,0.6491779972214197,0.2278490554446814,0.2084245877335429,0.3701433401900433,0.2521031441488515,0.3125,1.775910146758919,Sec2_GFP,200081,1.580484355731138,0.8623864284294996,41,[27415.51551542 39695.49515481],Ring_Rand,0.5,0.5,20
1567,1567,20,82,Exo84_Sec2_c,70,72.39859852331708,70.41649805123802,71.33944613724458,68.03981088045563,8.170172773410181,71.0,0.601713888720404,0.6802647862589412,[29038.97102849 45697.21111323],[29041.98 45704.52],[29045.32257143 45702.35014286],[-1.33758812 -5.32130447],31.88125945673664,24.461180767383333,5.486840917349891,0.5024993975946964,0.6875,0.9473775191335856,0.4150922205850172,-0.1506855165675348,-0.7224226795437979,7.383672708686489,20.80139632732391,0.0663503748538789,0.093161515725361,0.5112504473193799,0.4843471804373699,1.3058722765328123,50.99922310167936,18.62817870393859,[ 1.58277491 -8.28113605],8.431037347234241,47.82413840401927,18.171371710588364,[-2.13147263 -9.10853575],9.354603095478067,25.369388820167977,0.1826576557183994,0.0893221755156119,0.4646259242500793,0.5020102565573794,1.6013103009337228,0.625,1.0804611416542018,Sec2_GFP,200082,4.204211593249357,0.8910545278248556,46,[29050.06012639 45703.24660632],Ring_Rand,0.68,0.32,20
1568,1568,15,1,Exo84_Sec9,48,65.65790415075264,61.57577477733286,68.56078061340513,65.79194975406087,21.535502236481666,49.0,0.6613815005961251,-0.840189570357254,[15000.66527359 63017.15205347],[14980.05 63015.34],[14986.29416667 63033.19104167],[5.66086524 5.23211388],20.775459851832714,11.69883531906024,7.708463589809928,0.2309310034672052,0.25,0.900603618367228,0.2096781464472873,-0.0281933652903748,-0.5822526943043808,5.0630898573850205,11.465888231502245,0.1854484389081146,0.0209631572780357,0.5080537925820005,0.4575550839245427,1.8333961379191976,53.45090834763989,15.293269904401503,[ 13.44249916 -27.23639565],30.373047789968982,49.70746706649818,14.724159557829784,[  6.90979995 -26.55956043],27.44368025281859,27.727509327226343,0.5869136555816753,0.1828316185406018,0.3585263902952902,0.2970059705964644,1.963698249115164,0.625,0.8284075555828507,Sec9_GFP,150001,1.5999369241922563,0.4318312659817419,29,[14983.52899894 63029.91460113],Ring_Rand,0.62,0.38,15
1569,1569,15,2,Exo84_Sec9,100,57.91737549075023,51.47791638044653,48.778142845475216,47.89833840146963,4.735938164858536,114.0,0.7011139449949811,1.213576345171229,[19174.21728674 60991.85692137],[19173.05 60987.34],[19175.44893204 60996.42990291],[-1.60642895  9.41482872],1.508779915915673e-17,23.398333519671585,9.550895965263823,0.7750258180639206,0.8125,0.7002881157020486,0.3590269182299989,-0.2661607964920123,-0.9565350889583212,10.548103869552127,13.714787896252847,0.1176444874751361,0.2647057970943008,0.5799956874717832,0.4061640870949293,-0.1119605310049105,36.20077138007337,14.431673287127987,[-9.7669919  -4.04568374],10.571740051069446,33.46363968916303,14.129064375725214,[-10.43747308  -3.31265587],10.950549451979091,13.493600859919756,0.3342728910016619,0.2836371527618806,0.5330804493225842,0.3551811850188067,0.3376155090026269,0.8125,0.6662806438880955,Sec9_GFP,150002,7.750258180639205,0.8967725116023384,48,[19175.33349836 60995.02075039],Ring_Rand,0.56,0.44,15
1570,1570,15,3,Exo84_Sec9,55,59.65598442425081,48.2688185175579,44.863059602294825,45.66149328998272,0.4595722441124578,65.0,0.5778272444288577,1.0889949993547456,[18935.98084374 60675.59509795],[18940.62 60700.23],[18935.56614035 60675.79315789],[-9.53555554  5.52901561],5e-324,11.94156669470779,11.022560189391438,0.6075143338048918,0.3125,0.744286739466473,0.2811784994637847,-0.1634598096150988,-0.9569127706825982,5.695976089558148,5.618482484163226,0.1992770938858391,0.303357069925583,0.5505337041925452,0.4097549356598692,-1.669572510879039,37.82247293153144,14.66240512175662,[10.39332167 16.21839878],19.26285529907204,32.11576069923415,14.20277861067717,[ 3.95999154 13.66918455],14.231238149603676,16.276515784077745,0.6237840144315657,0.2448420723429791,0.3171952565214753,0.293698246818165,-2.0970579905725883,0.4375,0.9259225690794038,Sec9_GFP,150003,4.505446883252769,2.3555251277203304,33,[18935.09333851 60686.11542304],Ring_Rand,0.56,0.44,15
1571,1571,15,4,Exo84_Sec9,69,53.54283117280955,50.33153620908178,51.486635018431535,48.05520560174816,7.746297613173932,71.0,0.5633176031025162,-0.6888211669951123,[18085.01039947 59804.48971793],[18079.3  59811.56],[18079.03028986 59809.41347826],[-6.16358065 -7.22887788],11.561549728915288,20.2283290546438,9.499810622003883,0.6502637331211474,0.625,1.1665708926378344,0.4028011251981294,-0.2342782761313329,-0.8944412332012047,7.172710631295446,18.65232184523728,0.1180376882001885,0.1622068359512021,0.4551280124343417,0.5309390917300134,-2.3940138284470565,37.3115800166091,13.739393553248876,[8.77791282 8.0072065 ],11.881376575811736,33.844977494152054,13.329198021215884,[4.36093695 7.9128688 ],9.035002140482458,18.480860407241067,0.3371467654278578,0.2462210792529549,0.4131115248468359,0.4732205337146971,-2.4243351173189627,0.5625,1.1455031032846323,Sec9_GFP,150004,5.401496242734313,0.4385280605462515,32,[18085.52289164 59812.28755775],Ring_Rand,0.54,0.46,15
1572,1572,15,5,Exo84_Sec9,92,69.55585827239877,68.24215756433533,66.90898910724592,66.06694676672133,2.4718314848996803,96.0,0.5478267848607575,0.0806438184548028,[34319.39441178 47471.52453179],[34320.19 47467.48],[34321.84139785 47471.17494624],[-0.29956619 -0.88681911],37.065788482595885,16.40568335512318,0.9360491588278448,0.1754825499561765,1.0,1.2255249932003844,0.1663344911456735,-0.0134938786029302,-0.4622964390984395,9.598774521292436,23.1523365340267,0.0545116281340549,0.1280156762991876,0.4479969829340859,0.5490314994640885,2.2823277872666226,46.997890897876495,15.6169282661268,[-1.76460461 -3.86522332],4.2489740825812445,44.32078430499768,15.385198828881158,[-2.02248338 -2.91838391],3.55069058983294,24.072121898563424,0.091704798000589,0.1300946790923232,0.4458996685084498,0.5456905615152214,1.6317743145029668,0.9375,1.2237967418557985,Sec9_GFP,150005,1.683169489742261,0.4158760075814273,56,[34323.10518949 47473.55386118],Ring_Rand,0.71,0.29,15
1573,1573,15,6,Exo84_Sec9,53,59.475035159370336,59.475035159370336,62.73125873895844,52.26038861157775,14.248720239089774,51.0,0.7305142060293487,0.9136429931842822,[23322.72349518 55393.25634566],[23321.24 55418.94],[23331.42754717 55404.53754717],[0.47614191 0.91353735],25.923816486348937,18.50624354000252,1.0301755231545868,0.4029869869022176,0.5625,0.9196720248819584,0.3414229553099356,-0.0954006656984816,-0.693374180624156,5.590495050862628,15.42422843303233,0.0514892745847339,0.4735197308994204,0.5195412766741055,0.4778075779286325,-0.860151972525713,42.6675206780713,16.31203495450385,[-1.5568154   3.65500357],3.9727478272888472,39.4943994637082,16.00140105252017,[-1.09299499  3.15010972],3.3343409131070443,15.82141933262884,0.0897592584489243,0.465284994598362,0.5170098833865853,0.4749333921361139,-1.2162421010210032,0.625,0.9186156926539654,Sec9_GFP,150006,2.933789548598193,0.5096300799283924,33,[23331.4255494  55405.72773604],Ring_Rand,0.78,0.22,15
1574,1574,15,7,Exo84_Sec9,50,61.301406479612666,58.6934935508672,58.5401819311159,71.28872324991501,12.17271768588793,67.0,0.6753059035957284,-1.5098662033355827,[29674.11333398 60117.24670997],[29665.45 60119.59],[29672.31254902 60129.2854902 ],[4.49698638 5.64274063],1.7374774580040594e-12,22.780862998090434,7.215497785963172,0.9779369141910192,0.25,0.7146553170563764,0.4530181493370265,-0.4237698897442442,-0.9565411415255186,5.0630898573850205,8.47379778174934,0.1476362058382394,0.1694852834228689,0.5704957381201335,0.4077078126055555,0.6325611562785993,46.57526940788525,19.26496495091161,[ -6.37855932 -26.10434164],26.872340264243448,35.095203038781406,17.57917796582691,[  1.95770653 -12.50538178],12.657692855612366,19.126598987682623,0.6054496025004222,0.2488340963517877,0.3707659536097318,0.2626648252223489,1.2207357361793596,0.3125,0.7084383629755548,Sec9_GFP,150007,6.9150582359711645,1.7272179022631018,32,[29669.29626197 60129.29318092],Spot,0.3,0.7,15
1575,1575,15,9,Exo84_Sec9,100,61.56975800258804,61.56975800258804,66.62162398944339,57.75045231969512,18.177212726297263,108.0,0.672738170956399,-1.0425978214642913,[34308.07811858 57776.52034352],[34281.8  57799.73],[34298.9172 57792.2203],[-22.66352328 -18.15132645],1.923298103624159e-28,16.350452342624486,29.03628659572607,0.8734536113804753,0.75,1.239469051505881,0.4045543701925812,-0.3380266166888589,-0.9566083266123244,10.337141792161084,18.869308994853675,0.1915047134119979,0.2166931934942629,0.4301581859741359,0.5331677587668526,-2.854109061795839,46.45028914117768,13.19203187746952,[16.66618907  2.76575356],16.894118824835346,44.308320760652926,12.982261728795118,[16.25193641  0.45312711],16.258252095697376,23.959028027997608,0.4097220156531882,0.2971013785543085,0.4369935495634685,0.3951343203256202,-2.9930210710621687,0.625,0.9042108761567232,Sec9_GFP,150009,8.734536113804753,0.2318151181853637,50,[34302.60354099 57794.10809563],Ring_Rand,0.64,0.36,15
1576,1576,15,10,Exo84_Sec9,93,70.2723534997236,67.470188008606,73.03291514796308,80.00651145193702,22.88977164698335,103.0,0.7171113090956681,-0.4030952952637566,[34977.37398046 39348.51007999],[34958.44 39366.05],[34955.94861702 39356.56585106],[12.99980528  4.03199858],3.5848205006658185e-13,25.911620162342498,13.610729215163994,1.267575419672465,0.5,1.2750421053608751,0.5872665689632849,-0.7120116536364718,-0.9564846710585078,9.598774521292436,10.022347538644352,0.1550697204408322,0.3210002766914426,0.4289825579503254,0.5469708238520766,1.4035687027724455,50.71667264729626,19.864451992087663,[  7.78158996 -19.25338907],20.766466554697946,48.26157717503524,19.25990888833568,[ 14.01172076 -19.62016359],24.109731188165977,18.049139318919327,0.491047311705783,0.2969132255772106,0.3277395339983575,0.4311330036681661,1.890508522703677,0.625,1.3154745123617793,Sec9_GFP,150010,12.22405466054033,2.740283106448608,53,[34951.12313855 39346.93944521],Ring_Rand,0.82,0.18,15
1577,1577,15,11,Exo84_Sec9,36,54.93877533170356,54.93877533170356,55.10137153476589,53.88973703042171,3.021361875736625,38.0,0.6296761134371829,1.112661534220132,[38331.12844634 60936.87798178],[38340. 60946.],[38332.46472222 60939.58777778],[ 0.18148911 -0.36859136],23.192152177910646,16.332210691955257,0.410850206533761,0.2534583500270198,0.375,0.8708704855704267,0.2157326370454195,-0.0375965632766522,-0.6875838890948368,3.7973173930387656,13.84297061020224,0.0194064700810036,0.083341360819043,0.5343092408741543,0.4653141480448408,-0.149625632452597,39.470853398707625,16.487757526047606,[-3.87925424 -1.72234533],4.244418326072382,35.85913646657991,16.023137997340935,[-1.62661563  0.19889703],1.6387307436104628,12.857843441042805,0.0884202655589473,0.0717329010387936,0.5235717320704653,0.4686101245680201,0.3375239057433151,0.375,0.8950256399727705,Sec9_GFP,150011,1.5207501001621186,0.4549168474110236,25,[38333.55610366 60941.27162118],Ring_Rand,0.55,0.45,15
1578,1578,15,12,Exo84_Sec9,60,70.43450942559693,70.43450942559693,70.89084660429305,67.72951995425858,5.736208582549538,65.0,0.6196301094009903,0.888405245580192,[38909.62737594 40984.03851553],[38915.33 40981.02],[38906.00983333 40979.58683333],[-1.86365088 -0.15635257],38.44892602966852,18.90998181178054,1.870198046997232,0.2878959186585462,0.5625,0.9239500799080196,0.2686725678823537,-0.039756011312008,-0.5139773384759608,6.328862321731276,24.42235723214181,0.072923802099631,0.2648236878320647,0.5169999624599864,0.4776821566273476,2.146248021294828,51.20963405560377,16.335417690998202,[ 4.14261012 -8.61003416],9.55478449945918,48.2043434609004,15.96080277497254,[ 1.87990088 -6.61356289],6.875553896218999,26.324370506052645,0.1639763959770284,0.2914603193198682,0.5153019446338386,0.4578097969285461,1.93327135786947,0.5625,0.8884301751545979,Sec9_GFP,150012,2.230032196811269,0.359221084021615,40,[38903.57417753 40977.97465749],Ring_Rand,0.76,0.24,15
1579,1579,15,13,Exo84_Sec9,39,70.04149461974677,70.04149461974677,70.33258286071091,69.37983615645047,4.565914268512715,42.0,0.5611339091518085,-1.4365305954281058,[39602.21110214 46909.39866669],[39596.66 46919.5 ],[39602.82230769 46904.87384615],[-4.12144845 -0.0646985 ],34.270485929372114,19.92894266892888,4.121956232892724,0.3986089775690561,0.5,0.7442374799119975,0.3590868805907086,-0.0856445369202241,-0.5983469084585995,4.1137605091253295,21.31061967245706,0.0433445306995477,0.147263790107056,0.57223930981508,0.4258819418433559,1.2486471762869686,50.2163412567536,18.705685904489407,[-0.44469128 -4.30330094],4.326216514832353,46.94555708188934,18.34754966883152,[-0.97381936 -6.05019052],6.128060825429667,20.40458647914837,0.1051805229378218,0.1296540061776363,0.5644195969356504,0.424517460658876,1.4142594740385794,0.3125,0.7521309730627148,Sec9_GFP,150013,2.489312267062388,0.5046109494293136,28,[39599.75949364 46906.51710023],Ring_Rand,0.72,0.28,15
1580,1580,15,14,Exo84_Sec9,53,66.47082599061824,60.73242902047526,58.41804307273565,59.84466493099229,3.0315605846871296,52.0,0.5662756289685673,1.336822233761891,[18159.76960967 57957.27990976],[18154.91 57966.36],[18158.58222222 57960.06925926],[-2.88476719  8.42851305],18.44519406609037,22.7503728816289,8.908519185422332,0.5577076002960241,0.5625,0.8148704171974562,0.3858511083201656,-0.1829336402959756,-0.8500946082941822,5.590495050862628,15.78672432607013,0.1013764739099416,0.0961737523766882,0.5453407588547994,0.4443820516827877,-1.0371436152402242,43.48202013237725,16.403588891155845,[-7.73095229  7.36635886],10.67852359563232,39.97779653974285,15.75452123055502,[-2.73418393  8.77687765],9.19289633451936,22.13169366343768,0.2890777799356958,0.0799627357139702,0.5037986535979136,0.4126353835495358,-0.8795153393905463,0.5625,0.8190482062678632,Sec9_GFP,150014,4.060172616241991,0.5367160037868604,34,[18155.15087529 57960.78349601],Ring_Rand,0.64,0.36,15
1581,1581,15,15,Exo84_Sec9,38,77.91215810526909,77.91215810526909,77.93288057872866,72.83152146742937,1.2836282040766196,34.0,0.5806644577632851,-0.0609274860233351,[18631.19808853 57152.59341909],[18647.09 57146.05],[18629.91684211 57152.67157895],[6.76236174 3.66537671],24.03446261383545,28.367002808866538,7.691847815215314,1.0399383457931894,0.25,1.182861815247191,0.7308805025112646,-0.6401270591121905,-0.8421941434723003,3.902798431734287,16.819001393790796,0.0441079717910613,0.0980484548134572,0.45722293543875,0.540831551385729,1.9263790898147308,54.12365725725137,23.19588492457701,[-6.77430755 -4.30005887],8.023823840665349,48.58008593562711,21.95964979451135,[0.07796595 2.02097645],2.0224797887424804,21.81013278349283,0.1219493417782859,0.1024492769957065,0.4407543882198244,0.5443739698200183,0.7448342929349785,0.3125,1.2350959726543074,Sec9_GFP,150015,6.41061050103193,1.0469487737129006,33,[18629.68816407 57151.73151263],Spot,0.43,0.57,15
1582,1582,15,16,Exo84_Sec9,40,58.48095713972736,55.727984228370914,55.729013271391615,54.85259518428819,0.2419036380330661,44.0,0.6834598442357778,-0.4886861770823814,[18158.40433892 56088.06843441],[18168.77 56106.79],[18158.19075 56088.182  ],[ 4.31702197 -3.43078338],32.93191380445285,13.986224828557669,5.514250023168714,0.1765947390000381,0.5,1.4790016753241333,0.1682172772525986,-0.0131574506787005,-0.4429180612696839,4.219241547820851,18.809930824566067,0.0272666323451375,0.3268417065665291,0.4030882837664483,0.5961682469941068,-0.7672467737253196,39.82157539248423,12.518387563811332,[0.6644514  0.90685067],1.1242214202689642,38.32915682590934,12.037088908754074,[-3.89412779  3.78913559],5.433394864389062,20.019923727987067,0.0302634565471393,0.3278667604913448,0.403109665496722,0.5959744577010976,-1.1557590611120914,0.4375,1.4784424902506932,Sec9_GFP,150016,1.1168831960861725,0.1993150264871838,29,[18157.79036239 56087.91389584],Ring_Rand,0.5,0.5,15
1583,1583,15,17,Exo84_Sec9,59,76.20415856068637,73.4068754596623,78.95508894377583,69.22258846147687,20.76762474221331,66.0,0.6859493602791067,-0.0138489886012254,[17157.22673967 56488.14895734],[17184.2  56503.47],[17177.99237288 56487.86135593],[6.39855271 5.47478966],2.5684025959617003e-15,36.75226546265454,8.421092485010831,3.1272342168132625,0.5,1.3074946030681225,1.4486520507965943,-4.333409748369506,-0.9565446810116998,6.223381283035756,11.851211677154293,0.0869395998691167,0.1399286793015225,0.4300948330084995,0.5623466729660985,0.248349441402919,54.47418257135118,21.549026500800085,[-14.67889354  -1.6421228 ],14.77045980193868,52.36490039332488,20.81275142975077,[-19.70964442  -6.12480599],20.639363642386613,20.27057911210212,0.3247534221042518,0.0758479448478018,0.3608123602383627,0.5337228545932149,0.1843821391404117,0.625,1.4792255294154075,Sec9_GFP,150017,24.020741807064407,2.122863881852208,37,[17178.83459216 56497.02602343],Spot,0.49,0.51,15
1584,1584,15,19,Exo84_Sec9,83,67.45724116201565,63.42858244158089,68.40329441385127,60.230967800693975,18.292208892952548,86.0,0.7177363793124667,-1.0678338458290308,[19977.82044081 52511.37687291],[19999.45 52496.3 ],[19986.63771084 52495.35      ],[-6.83660652 -9.83314803],4.0329141751459896e-08,33.91615652253519,11.976225983386469,2.018562388415712,0.6875,0.8961811266079708,0.9351088492062168,-1.805515696967964,-0.9565263202186124,8.754926211728266,18.47811676357969,0.085168601456699,0.245014810478236,0.5235503588741062,0.4691959504518039,-2.525332928378905,46.480875572398354,18.232879660124244,[4.54229053 9.33776989],10.383946736152367,43.51653622867956,17.404959832144055,[11.69026157  2.70442094],11.999004467905326,25.340032390158424,0.239844502783644,0.3492829348905287,0.4915776748425608,0.4508969396419058,-2.122802291955656,0.75,0.9172445428615448,Sec9_GFP,150019,18.38997856502021,0.4165859298525515,45,[19992.87016438 52499.54091601],Ring_Rand,0.58,0.42,15
1585,1585,15,20,Exo84_Sec9,57,67.3040186847688,67.3040186847688,107.29562632242802,56.07137596659795,59.68676953523164,59.0,0.7920561298771062,-0.1678878306956063,[18804.21897169 54103.5394837 ],[18727.97 54123.25],[18745.37140351 54113.51315789],[10.84583639  4.9872636 ],2.596860173366188e-57,29.337934225502373,11.937544354498748,1.8941602544574767,0.4375,2.0690329084922765,0.8775562158446686,-1.5899048166467615,-0.9564878525470758,6.012419205644712,10.18315020547915,0.1037065346099413,0.3947327094493244,0.322331165606557,0.6669137890726402,0.97381133439665,65.20122611491819,23.066506421350148,[-43.86683555   3.97018831],44.04613100745669,46.2645036796418,21.07982043965199,[-15.92805534  -4.46340158],16.541611183342273,32.28662341637681,0.6878736014797561,0.2319684156611859,0.1451493012427497,0.3816806071445198,-0.0831147483121218,0.4375,2.629572473836383,Sec9_GFP,150020,14.300596315024269,0.8937522186870945,34,[18741.57604427 54112.78228455],Spot,0.34,0.66,15
1586,1586,15,21,Exo84_Sec9,82,64.74406938854446,64.74406938854446,66.27460210665616,83.3255057097957,10.114859835577226,111.0,0.6299814644261827,-0.8676254918194092,[19756.76750148 53966.2947173 ],[19738.51 53956.45],[19763.30817073 53958.57914634],[-1.56977269  0.87651572],27.954044496316005,19.019868577380592,1.7979060330186123,0.2477225006753361,0.8125,1.123007789887255,0.2132448537425187,-0.0355323989943514,-0.6726366323415599,8.543964134337223,17.879411173358683,0.0457648750113691,0.1368131671408225,0.4700432946919092,0.5278622815232846,-0.6570895694682687,46.52239871169861,17.05126203987138,[-8.80478958  6.14992525],10.73992086250266,42.77926345155963,16.50173718843338,[-7.43115428  1.70970705],7.625296850773055,22.02945120712171,0.2124300557274122,0.0762302326028196,0.4634435321756051,0.4914299392480435,-0.5877387287511192,0.75,1.060387954797984,Sec9_GFP,150021,2.243222650997675,0.2607228689491729,52,[19760.15845903 53959.1196984 ],Ring_Rand,0.73,0.27,15
1587,1587,15,22,Exo84_Sec9,44,59.33791585862672,55.34071904688327,55.86487824625884,61.61408366563781,5.45339422684566,46.0,0.709751012939084,0.5211513374474116,[20161.50466448 53323.73013025],[20150.62 53324.42],[20156.77522727 53321.015     ],[-1.8955725  -2.04113886],8.842947239160585e-16,28.435058378920782,2.785577673032379,1.450178456700857,0.5,1.456904756048486,0.6718525474263836,-0.9319174867605536,-0.9564935454922254,4.535684663907414,8.652000639462454,0.0837889212548842,0.2428611994557969,0.4041586936695021,0.5888207230054407,-3.0298168707860293,38.9328639775885,16.804467993478582,[2.4072885  8.27360804],8.616706332068265,35.608362823259824,16.17487140609442,[6.90124307 4.38883581],8.178571743978173,10.857235855697011,0.2122782639529306,0.1838601435391181,0.4140381107295243,0.5408998279236058,-2.230052323033135,0.375,1.306401062864852,Sec9_GFP,150022,9.619395639866797,1.1406439538607758,29,[20155.6346463  53324.83907165],Ring_Rand,0.57,0.43,15
1588,1588,15,24,Exo84_Sec9,113,68.22927887558274,67.16220054063255,66.48261755056907,61.445469296555885,4.7999828725093385,117.0,0.6217754152258861,0.2354131622878408,[31252.10014938 47227.3011628 ],[31238.05 47239.72],[31247.31666667 47226.90350877],[ 0.54470235 -1.97586109],6.711002624427136e-21,29.990120202234326,2.049567682105918,1.3374067760318495,0.8125,1.1214799383541925,0.6195499918798607,-0.7925740658469675,-0.956533055122663,11.813876333898383,9.268162932840312,0.008877141376652,0.1328202643194087,0.4713319123520444,0.5285892840089345,-2.282342435034588,48.45693786638464,23.790777205024856,[12.13587356  3.36218771],12.593003346531368,43.82086066614957,23.01732433489315,[16.32232147 -3.61559455],16.717975415174216,10.042598209472477,0.3217921611816488,0.0534754378692605,0.3892648621734332,0.5071849428286105,-2.7659975895719,0.75,1.3029301951292975,Sec9_GFP,150024,14.216829040157911,2.5418345992537024,60,[31248.62083118 47234.32431848],Ring_Rand,0.53,0.47,15
1589,1589,15,25,Exo84_Sec9,44,54.17955606746261,54.17955606746261,54.784736362505846,47.52699234007868,5.8003801178178325,46.0,0.6066338196590901,0.9244277593353426,[22350.61443492 47726.11923983],[22349.86 47739.81],[22354.10795455 47730.74954545],[2.24586363 2.20136153],5.087891893508243e-10,28.09970165093937,3.144820503624819,1.2740507033788568,0.375,0.915490235796487,0.59020227185717,-0.7192617667510448,-0.9565317423812472,4.641165702602936,10.29870006984238,0.0708463727073116,0.0599523075052908,0.5194392395639073,0.4755415519103094,0.9701724599394128,39.18252563630723,17.382735337804444,[-2.18320522 -5.7304863 ],6.132280021877478,35.726927958596555,16.908942213358014,[-3.88810709 -7.03866996],8.041159838445797,11.00702297837045,0.188918638973804,0.0487630584626939,0.499061253964448,0.4652484938838374,1.1499117346221497,0.375,0.9322472746341084,Sec9_GFP,150025,8.451096293992101,0.6430400258780886,33,[22354.12971488 47728.17237867],Spot,0.48,0.52,15
1590,1590,15,26,Exo84_Sec9,133,63.82945372539185,61.65047558553327,61.91290157202543,53.19105606072952,4.067431693849812,133.0,0.5432197346238715,1.3656381865232574,[30137.07859278 56960.91320566],[30102.81 56973.23],[30137.90721805 56964.89533835],[ 2.53755767 -2.46492187],27.92029371837221,19.857257731565124,3.53766006761174,0.2976741265120668,0.9375,0.9200772395589356,0.2525194934526786,-0.0520014334659369,-0.6917980254823926,14.028978146504327,17.271010848493106,0.1083430761580582,0.071035870677052,0.5146989701704003,0.4735628076782088,-0.6108811001837567,45.41526426948904,16.55263201018123,[-8.26290154  7.42271082],11.107302898852232,42.639917933443,16.262711434856577,[-9.30559658  7.54123373],11.977659778830372,20.5932037219961,0.2697782752950165,0.1021918178108343,0.4803653415438019,0.4468543406350444,-0.7127917008706768,0.8125,0.9302385122101864,Sec9_GFP,150026,3.432945496814365,0.5690879926219268,58,[30135.51684948 56966.49206282],Ring_Rand,0.74,0.26,15
1591,1591,15,27,Exo84_Sec9,60,59.90157928343149,58.03876831148625,58.07306597262636,59.27628708372848,1.4254187259359232,65.0,0.6095928851503595,-1.0921313238899453,[29117.55187354 58690.64361655],[29120.39 58697.06],[29116.89533333 58691.90883333],[ 2.57944319 -1.46273609],28.45828199580673,18.40777212885697,2.965320222793221,0.2866057478040265,0.75,0.8606651234817877,0.2506583077607476,-0.0466709837874631,-0.6496507683198274,6.328862321731276,18.37471679675171,0.0370563321156231,0.1270134867845604,0.5367042224027107,0.4619226058474258,-2.374096545225589,41.63943726699415,15.056321890217577,[3.79930822 0.88670426],3.9014083846855248,38.94024371111973,14.741714599327077,[2.48227207 2.97948105],3.878012632660256,22.03839531396005,0.094398039187853,0.1407375027651236,0.5307918963739668,0.4602971138235217,-2.707988479958729,0.75,0.86718941447294,Sec9_GFP,150027,2.220038576344636,0.3527558757809608,37,[29119.0529517  58696.81149385],Spot,0.49,0.51,15
1592,1592,15,29,Exo84_Sec9,35,58.637936061904696,58.637936061904696,60.58743643719276,55.78653562661585,10.889751511150692,35.0,0.7479326184434852,1.355130947583566,[32509.03447819 49519.72994664],[32510.45 49519.06],[32511.36485714 49530.36742857],[-0.17470231  2.59690347],33.885059219759235,12.263352188804888,2.6027732357287268,0.199434301644249,0.4375,0.3625635695934306,0.1927552203869842,-0.014381492743291,-0.3741088317060931,3.691836354343245,21.39787210956573,0.0656110098105531,0.5145870644857865,0.7307513701461582,0.2649438252454814,3.111760234975629,42.505315049416325,12.574772505484434,[4.82494915 5.39741689],7.239630057448273,40.27152742931825,12.353413806043724,[3.99354831 2.04077488],4.484773153937516,21.30907475537878,0.1645636011011746,0.4466984719511405,0.6900486060457464,0.2828702151468673,-2.3369123847276034,0.4375,0.4099279567678955,Sec9_GFP,150029,1.1798692400141324,0.299490416501209,21,[32510.13861952 49531.92343552],Spot,0.46,0.54,15
1594,1594,15,31,Exo84_Sec9,92,75.73008473304576,75.73008473304576,76.07392324209432,72.62016860850537,5.1604888121666805,100.0,0.678843378929867,0.9320425530349844,[34834.94660125 46341.09293465],[34825.02 46351.05],[34838.02326087 46345.23597826],[-6.2062066   0.67064387],42.96161116029045,16.53916727888354,6.242336385222827,0.2591354258238637,0.75,0.7924169696103742,0.2492377095917651,-0.0257970641604251,-0.3994199415272189,9.704255559987956,25.493891726844204,0.0740735507968769,0.2646734743868898,0.5548447297330176,0.4396683793393249,1.6789444017780537,55.84076098437784,16.976717262582117,[ -1.81711435 -13.74208649],13.86170428352348,52.76662816605882,16.73516473638413,[ -1.25727737 -11.69437038],11.761761980938026,26.497785374676976,0.2470504092605658,0.2225073809182999,0.524183522867488,0.4147825724166988,1.4399007944781914,0.5625,0.7912926567162519,Sec9_GFP,150031,2.485539687946301,0.3919594044016923,51,[34837.32962172 46341.58921066],Ring_Rand,0.74,0.26,15
1595,1595,15,33,Exo84_Sec9,34,61.114886825458925,61.114886825458925,61.38214073111921,56.15184061805616,4.086925959589583,38.0,0.6040863326801671,-0.5667178696712268,[35417.69346365 61169.03207244],[35393.8  61158.98],[35421.14147059 61166.83794118],[ 2.49789321 -2.028327  ],6.67824289811355e-14,34.09487487760424,3.217698073801237,2.3944736371081468,0.25,1.1643773707459215,1.109229606462619,-2.540576148037098,-0.9565346433794644,3.4808742769522016,24.791837904459936,0.1020978459922139,0.1585644878545548,0.457210486128261,0.5323655437154892,2.5312462808263083,41.71309975130951,17.651880123118527,[-0.84430446 -0.09605386],0.8497507633124503,38.88831307187701,16.8796237663196,[ 5.90947705 -0.48676232],5.929490412418083,24.67767212328195,0.09027520275707,0.1595609534801076,0.456144755805607,0.5357056319615631,2.3834987860981074,0.3125,1.1744202364344667,Sec9_GFP,150033,13.962060591452868,1.8228334724370865,28,[35417.84602882 61165.21098448],Ring_Rand,0.51,0.49,15
1596,1596,15,34,Exo84_Sec9,62,58.53930764435792,58.53930764435792,59.0599048773982,53.28897942540183,5.588884040635665,64.0,0.745123288063988,0.9181040701805906,[35274.94652364 59846.49506343],[35270.75 59832.81],[35278.34080645 59850.93516129],[ 2.05345558 -2.11969528],8.32149058315255e-10,30.19928136773009,2.951234978556184,1.6418328143333,0.625,0.9901001860150992,0.7606054873922226,-1.1944841026642556,-0.9565154480206476,6.434343360426797,11.768552813331318,0.0563129502293705,0.126770908329144,0.5008938035589438,0.4959350480775207,-2.977538212589564,42.92030469800242,19.74492326738887,[ -6.66013512 -12.20742236],13.906062001051296,37.712855464426,17.292484419360257,[ 8.65600153 -2.53759909],9.020297760220895,9.907443387124111,0.3059340181779253,0.1428284993026229,0.4755933335564343,0.4308110429650746,1.0774471066047897,0.5625,0.9058391120487692,Sec9_GFP,150034,12.927804507871375,1.0504710290414945,37,[35277.09468387 59850.39856808],Spot,0.47,0.53,15
1597,1597,15,35,Exo84_Sec9,73,55.50633723616375,53.95286455810434,54.39949824304455,57.25362670089997,4.968975948265046,74.0,0.7223662064541989,1.5080508014038874,[30405.03143723 54194.85162419],[30413.78 54187.06],[30405.3430137  54199.81082192],[0.44147393 4.92735701],1.2220787327365092e-21,28.897141006728017,4.947094733993841,1.469057562320799,0.625,0.4825212410941348,0.6805294823414338,-0.9562861615875352,-0.9565377478350312,7.700115824773053,14.39234953629968,0.055699225974789,0.3518547215993091,0.6724339379381007,0.3244636582877088,0.4647732104582429,39.45904351206578,16.634185765368493,[-2.71487246 -8.03035528],8.47685899043366,36.83448550679218,16.199831619237408,[ -3.80535928 -10.93499572],11.578207577046978,13.347265443776443,0.2531310273871576,0.3136160559473749,0.6475090506723014,0.2884156323016206,1.1959184689153497,0.625,0.4454233218858669,Sec9_GFP,150035,12.551633314555948,0.6032130556296449,41,[30408.04958834 54200.55238454],Ring_Rand,0.63,0.37,15
1598,1598,15,37,Exo84_Sec9,47,66.12396152521575,63.35339640925745,63.622226713994095,55.7220212354857,4.173219738877265,49.0,0.5703964990084699,-1.184073034557502,[24754.2528548  52971.85013325],[24756.95 52984.73],[24755.82680851 52967.98510638],[1.66941454 3.96833388],24.512492612136096,17.506793407399915,4.305185097001171,0.2451041049610136,0.375,0.9785923806621976,0.2076197185444216,-0.0352956765387151,-0.6935892095010493,4.852127779993978,12.948798578245666,0.0627586117024621,0.0357523094705282,0.5034191814302936,0.4926421752268858,-0.3995505296040347,44.90552055907334,19.01031361712194,[-7.07555289  6.94244907],9.912671070872038,39.95951379010419,17.996656260991706,[-0.2362293   5.05140956],5.056930173564699,15.4073017529111,0.2023526343581195,0.0414482228268282,0.4949216265211953,0.4641317848471338,-0.7465131297350203,0.5,0.9377884496774098,Sec9_GFP,150037,1.6803490847531533,0.3114528234848475,37,[24750.7705293  52970.45249907],Ring_Rand,0.66,0.34,15
1599,1599,15,38,Exo84_Sec9,69,79.60010233296299,75.00738808544108,73.35971536390574,64.42426019038528,5.806667927031628,62.0,0.5917319937205378,0.1653238361083808,[16576.42492201 59373.83069483],[16568.97 59385.59],[16581.98328571 59375.51057143],[-9.32028579  5.45426593],9.071306445741823e-21,26.7123289633473,10.798923282236924,1.546519865407992,0.4375,1.2189382091945318,0.7163622566355615,-1.0597520855018776,-0.9565685124906924,7.278191669990967,9.070183418075938,0.1479286199906777,0.1261912668151134,0.4408041284496639,0.5373129949379897,-0.8794788556134842,56.10737031730327,24.47378300767279,[-15.84487732  11.71373608],19.70461240957552,56.98137511403614,23.542461374613502,[-26.64142043  17.01915158],31.61355410266075,19.70238830792088,0.442223284499758,0.196853666574607,0.3354452902792533,0.4689932763669927,-0.6097817004630248,0.5,1.398121511786803,Sec9_GFP,150038,12.846358818474878,2.498778829755605,45,[16579.1060183  59378.29511624],Spot,0.4,0.6,15
1600,1600,15,39,Exo84_Sec9,92,49.78313947415165,43.76797951427076,42.392246638649134,38.77135728321412,7.56858785100777,101.0,0.5768123236787879,-1.253390458223907,[36041.04127466 46659.98081303],[36032.22 46672.48],[36037.94       46666.88484211],[ 4.55659802 -3.81885694],1.6261978414516854e-16,11.187980589790904,5.945271553818279,0.2697407721133316,0.75,0.9455743866768374,0.125124716242589,-0.0322649763574684,-0.955964245482908,9.704255559987956,4.11765094238205,0.1728102950552736,0.0229367749976778,0.4986376303914872,0.471498971531422,2.003096203345258,35.18168010072869,14.124271298567232,[  7.86561763 -17.66427443],19.33635259712342,33.35072656104568,13.730528282407274,[ 11.6489146 -17.5064708],21.02792741016556,14.509632097085603,0.6182376976113175,0.3310333584852553,0.3414348695913653,0.2763472796608919,1.980270395498392,0.625,0.8093704078661584,Sec9_GFP,150039,2.5872625960476565,1.542324226245234,37,[36041.15578166 46665.60282458],Ring_Rand,0.74,0.26,15
1601,1601,15,41,Exo84_Sec9,48,62.27014511049108,59.72592049757743,59.938216053340334,59.48731828698361,3.600181711260118,54.0,0.68932278788183,0.814952640318587,[22028.65979159 43170.78753578],[22025.95 43163.64],[22026.19041667 43168.16770833],[-5.55934805  0.84482954],32.03500980980416,10.98444385792206,5.623174166136388,0.1286249406651254,0.625,0.8626912030821314,0.1247761268785084,-0.0056706356566819,-0.3533255601887966,5.0630898573850205,17.828170071220583,0.1384920992723347,0.2485342584454876,0.5265606756590747,0.4542592627800672,2.259150832355462,44.3276839067159,14.430089115690196,[ 7.55273934 -9.37587577],12.039556388932152,41.736163717979,14.154732191716883,[ 5.22158223 -9.74711455],11.057629172992415,19.499064826641337,0.2699080769796357,0.3137150337429064,0.5101202621233548,0.4170293678578001,2.1842554514426897,0.4375,0.8175118669506134,Sec9_GFP,150041,0.8911397294101174,0.2763139510823658,29,[22025.97959549 43163.38423058],Ring_Rand,0.6,0.4,15
1602,1602,15,42,Exo84_Sec9,139,79.47769269560358,79.47769269560358,80.78387851146977,74.57773860651226,10.334492255202,154.0,0.7252559293592492,1.4631430132830812,[26556.646222   45649.62200376],[26557.06 45654.26],[26555.53582734 45639.34733813],[ 4.08120029 -3.88495559],38.03511625767512,17.392912670537573,5.634631821235915,0.2256411362838798,0.625,0.4526040862110248,0.212954039951546,-0.0229686080565432,-0.4780028822429573,14.556383339981934,22.224730295791645,0.0570057614028191,0.3759518158703454,0.6861817012829767,0.3105686418839081,-0.8870951971490338,58.00892557908034,21.42498908982791,[ 0.03888968 14.23590926],14.235962383860144,53.4934129041348,20.99554880669038,[-1.61121745 11.69512464],11.805590289541923,24.475174541955973,0.2641616754698158,0.3156205414493244,0.6547817440106403,0.2754368652023395,-1.4572872212541867,0.75,0.4206544665024497,Sec9_GFP,150042,2.660269762881911,3.2202900544404685,67,[26556.85902999 45639.75819185],Ring_Rand,0.56,0.44,15
1603,1603,15,43,Exo84_Sec9,38,62.579938066441535,59.46966970214282,64.3404677903574,50.99347640609205,17.540829643779148,38.0,0.7630407761730641,0.6787748404394759,[41524.45354247 63847.84400935],[41532.95 63853.33],[41538.10631579 63858.85684211],[-2.21319149  5.67728049],3.621071417109132e-21,30.41857919067065,6.093416966640917,2.184266499135736,0.375,1.0796154395613702,1.011817922964482,-2.1140500041531154,-0.9565490893834496,4.008279470429808,12.456507059159971,0.0588384264217174,0.4160664241273427,0.4791934223119658,0.5173446172642503,0.0817095349153768,52.549920576752825,17.871908401370558,[-25.20603559 -17.93713844],30.93679307301965,49.95375980850471,17.605712977970505,[-26.26275176 -17.64080871],31.63748191166913,25.59462985865081,0.625407880485809,0.0698172089916724,0.2516078446817221,0.3572571383445259,0.6113661347213132,0.4375,1.4198966602032923,Sec9_GFP,150043,13.464722993488351,2.5100624976681805,25,[41540.21089468 63857.19170672],Spot,0.47,0.53,15
1604,1604,15,45,Exo84_Sec9,52,50.48156410736031,47.22130484713424,47.51790619380588,47.92266107965772,3.786373094787095,56.0,0.6066346872898198,0.6862390491455358,[27284.27784638 39720.91198643],[27270.08 39723.66],[27287.20711538 39723.31115385],[-0.80112991  1.31746971],16.84779816278898,19.062985541634863,1.5419259236822966,0.4117400950629765,0.625,1.1817343878891653,0.2938533372031214,-0.1009052028407965,-0.8339879430183659,5.485014012167106,11.679781880914751,0.0266142776511918,0.0863821603085882,0.4580262775213087,0.5412654027037966,2.411172805307634,33.75367629264224,13.259670778292037,[-0.59641964 -1.12939943],1.277207680567317,31.293939146933504,12.904184372042929,[ 2.19538156 -1.82469116],2.854680015271483,11.53753795439784,0.0429312537844743,0.0919453882006643,0.4539490478871733,0.5442078595613198,1.7785110488172693,0.5625,1.1988302698160518,Sec9_GFP,150045,2.9691000498279583,0.849301796225718,27,[27286.1094165  39724.76246318],Ring_Rand,0.58,0.42,15
1605,1605,15,46,Exo84_Sec9,54,60.548934167182615,53.74648641536231,56.67145395317745,47.17633753955055,16.60214008985627,57.0,0.6287214767680873,-1.0310682573329086,[30947.11429196 55610.19491065],[30950.94 55636.05],[30956.88472727 55596.77218182],[-9.37606388  2.62041194],2.717681042657204e-12,17.14453941102635,9.7353547789002,0.6312133894644246,0.1875,0.8802719980570429,0.2922990936129349,-0.1765128056173455,-0.9566928906374184,5.695976089558148,5.989533622633464,0.1629593128747693,0.0356385243652361,0.5177145983949558,0.4557296639524273,-1.5434306951214192,49.119145797651214,14.961604953922295,[-13.88216299  29.20363484],32.33522439883785,48.86590677116609,14.719382083739836,[-13.53220893  32.40476519],35.116797766359625,25.22528344564476,0.697429912344596,0.3403638569573726,0.2927640469125828,0.2208274704544263,-1.1882809077512655,0.3125,0.7542847995961874,Sec9_GFP,150046,4.638452169001535,1.6087018005617806,34,[30955.47250565 55604.5129333 ],Ring_Rand,0.69,0.31,15
1606,1606,15,47,Exo84_Sec9,38,71.88758543553045,71.88758543553045,72.50628870242959,55.41148259545984,6.751302279867585,39.0,0.7766344089105033,1.2693208119670274,[30263.00281869 46897.76865663],[30257.62 46897.92],[30260.99815789 46891.32184211],[-13.9830166   22.15239376],3.948768556389748e-09,19.75088316096702,26.1964368270846,1.213727978812821,0.25,0.5666800354176982,0.56243906973466,-0.652879729110048,-0.9563928925824076,3.902798431734287,12.55762590122611,0.2192840369820225,0.4550700236828964,0.6075998223026272,0.3443146888222399,-0.7235729466883929,59.616583107111495,21.95319856597101,[-8.34347449 30.95405532],32.058807016159726,51.96211093373861,20.58541794412704,[ 0.96209955 25.61784631],25.63590617321714,28.162183966379,0.5741218047125831,0.3156516166008445,0.4831127474254844,0.1872714059280822,-1.3484040747887986,0.3125,0.3876349918855474,Sec9_GFP,150047,7.481921748388986,2.3127358384225647,26,[30256.42071624 46896.44819191],Spot,0.47,0.53,15
1607,1607,15,48,Exo84_Sec9,63,53.650582613052265,40.7648744648485,37.69096825339152,35.43451639325298,3.699761068510829,72.0,0.6124979089675909,0.7480329039420252,[33757.20049168 50583.60590687],[33747.08 50588.83],[33756.50876923 50579.97138462],[-1.68222313 -0.77738484],2.1881580801087918e-16,17.166419234388183,1.853159960632201,0.431798666518546,0.8125,0.9836069369338568,0.2000886283242837,-0.0826315891929824,-0.9564062411546232,6.645305437817839,5.405945239880872,0.0479697881660964,0.0683608171671671,0.5029720761944321,0.4947268232288677,3.096162773405393,27.339264741642488,13.434718173625432,[-3.05085071  7.02511665],7.65897865575708,24.99537834772351,12.893498926775148,[-5.61809962  9.25950326],10.830579113685612,6.492326054898445,0.2745497017950105,0.1383131679935935,0.4440048272692179,0.4806176339750529,-1.2840744240713975,0.75,1.0824603798364452,Sec9_GFP,150048,3.427295664172155,1.0975718496156837,32,[33762.88587071 50580.44478079],Spot,0.36,0.64,15
1608,1608,15,49,Exo84_Sec9,44,72.27877558114943,68.68636747637201,77.27661776050324,60.07535567739149,25.292761078244443,54.0,0.7479362892271022,-1.1685188109434064,[22363.98704854 46973.7982284 ],[22367.62 46950.66],[22373.88954545 46950.52454545],[ -9.53578697 -12.36368898],1.8489921186500493e-18,34.608664642589524,15.613841245473706,2.561984553909028,0.25,0.5350716660180846,1.1867963922926985,-2.90843384955053,-0.9565473347876496,4.641165702602936,14.882766721879578,0.1103924635405503,0.3610547636250849,0.6434966691527814,0.3443168348406669,-2.059020200508721,53.66329759828329,16.575522980450938,[-0.91618686 21.72235212],21.74166460944845,51.72805189378545,16.364708059825755,[-0.63594483 23.15472021],23.16345167943027,27.469807529839866,0.4293744633090865,0.2825385594814586,0.5727378237554215,0.2428997465026126,-1.5438765716210552,0.5,0.4241028554914143,Sec9_GFP,150049,16.994282968004605,0.7779743198893705,30,[22370.84177429 46947.02677655],Spot,0.48,0.52,15
1609,1609,15,50,Exo84_Sec9,48,64.33438935018482,60.97269458870862,61.05981886602792,59.21609358545718,2.329052814417174,52.0,0.7639637218083648,1.335517597884574,[15626.38439325 47538.06030269],[15613.09 47564.88],[15625.84145833 47535.79541667],[-2.16103749 -1.8905539 ],36.09365204440415,13.408704995223989,2.8712849164911542,0.219512300689018,0.5625,0.3728497452932593,0.2117439301740356,-0.0178775998609507,-0.3846266579288885,4.9576088186895,22.052288072198053,0.0575709330132836,0.5332862618367109,0.7259975762745066,0.2706880113974734,3.004662510173373,42.645426276250745,11.4284481571657,[ 0.06011117 -7.62089535],7.621132418985554,40.99254393211529,11.318038454050685,[ 0.00832312 -6.78627653],6.786281637361427,22.20568574355593,0.1544997723313977,0.5015087185051954,0.7104261147571295,0.2657037055924168,1.777020016160493,0.4375,0.3740061071421225,Sec9_GFP,150050,1.5208258307188631,0.2218515797213877,26,[15631.39134521 47536.74057741],Spot,0.36,0.64,15
1610,1610,15,51,Exo84_Sec9,80,58.43866054500543,58.43866054500543,58.45963975277968,57.914645421293095,1.1185891556774912,85.0,0.5409627499069571,-0.5162000941473252,[42866.88853688 42457.37461204],[42886.31 42468.23],[42867.861375 42456.8225  ],[3.22024524 5.7030533 ],31.476683161211213,14.407890825462584,6.549411910601984,0.1688186109041562,0.875,1.1151708205787436,0.1593039832118682,-0.0128672492002159,-0.4784524189617675,8.33300205694618,21.62813053729049,0.0540800200622068,0.0619298748401562,0.4713923536243073,0.5256829978057641,-1.8539650971907764,41.68638477232149,13.797457799573792,[-3.04224163  7.79571122],8.368294186301652,39.22400998951285,13.120698417644077,[2.9705368  6.47397788],7.122954340563223,21.58501272480728,0.1843125835148287,0.1129776848906488,0.4492823215608754,0.5167465499972137,-1.3177416799933206,0.8125,1.1501599889395988,Sec9_GFP,150051,1.5099595593951225,0.2441326092667541,38,[42866.80626134 42462.34161527],Ring_Rand,0.75,0.25,15
1611,1611,15,52,Exo84_Sec9,86,65.10510817617339,63.00693476789553,63.03019452058789,58.24545857645492,1.2229924110111328,86.0,0.7354737002539737,-0.7042954732463768,[25842.67665445 59148.78090667],[25845.08 59144.61],[25841.74465116 59149.5727907 ],[-3.53026702 -0.03332218],34.8971906475476,14.470052159075848,3.530424279398309,0.1941722231822087,0.5625,1.136465864718082,0.1854432422053654,-0.0155535696869091,-0.4319484943972462,9.071369327814828,21.293106126130272,0.0324393636700324,0.4027003354334119,0.4675701606945636,0.5313775269901198,2.3979287826946614,46.3577790232433,14.94987533893455,[ 9.89587557 -5.06650684],11.11745676510366,43.21811173280043,14.55376520262918,[ 5.51711453 -4.8716404 ],7.360124522269503,23.351826620555663,0.2335327365618391,0.3111394575868349,0.416018379840425,0.5294440811135137,2.553774690922836,0.6875,1.272645889627752,Sec9_GFP,150052,1.8006791202140509,0.2065361072893142,45,[25846.07136514 59146.72733829],Ring_Rand,0.57,0.43,15
1612,1612,15,53,Exo84_Sec9,47,64.92464650465996,62.328508329076335,62.595986232982334,57.79307589955654,12.423054805211818,52.0,0.6726666781824509,-0.1196215896770221,[39526.66324717 51340.39033945],[39531.27 51341.11],[39538.65333333 51337.13916667],[3.27447757 1.63863891],2.949994951627463e-17,22.633337362308467,3.6616035863578418,1.126367151730186,0.3125,2.166047677267687,0.5217651586297171,-0.5621640376161243,-0.9565507307481323,4.641165702602936,8.012796265712346,0.1523083041208504,0.3973827737421506,0.3085241537925339,0.6682780267032967,1.1422140767732714,53.71652236271102,17.627326736362132,[41.21601212 11.14585864],42.69648486421767,52.09419370027003,17.270979082264542,[43.12169513  6.64044857],43.62999138404062,26.00915981223812,0.7737496508612466,0.4188774105744791,0.1115247323819104,0.2897867454101884,-3.0334855758980783,0.3125,2.598407897701374,Sec9_GFP,150053,7.721984145499671,2.22057311271462,32,[39540.14367621 51331.9808333 ],Spot,0.28,0.72,15
1613,1613,15,54,Exo84_Sec9,97,70.69912834156244,67.79301075698804,68.21194805930557,72.76369593821836,5.391676812566004,96.0,0.6650526399477847,-0.9367222799129836,[19122.74801524 62977.90326128],[19114.73 62999.91],[19119.55381443 62982.24690722],[ 8.79386628 -7.0217196 ],35.34591317287553,14.06066947964435,11.25329419462146,0.1996348693928831,0.5625,1.0865657294493305,0.1914471094807886,-0.015803837052113,-0.4135017287232035,10.231660753465563,18.441117143835008,0.0808872051195554,0.2737304781850601,0.4761207595938673,0.5173365004540796,-1.9241800247647785,49.7605061933484,18.96475676649135,[11.44672355 -0.4873218 ],11.457092239701078,45.619881975077405,17.55536253741075,[1.30860922 6.54285212],6.672433735851548,20.11676785952261,0.2067413933307698,0.220065585485248,0.448959741904909,0.5082982543787429,-2.936316558216599,0.5,1.1321688938568617,Sec9_GFP,150054,1.966175440930644,0.3491217303666274,49,[19122.34498749 62985.24275682],Spot,0.48,0.52,15
1614,1614,15,55,Exo84_Sec9,53,63.65687695754958,63.65687695754958,83.65812663405532,47.92075624738983,38.77251924938157,55.0,0.809131177389559,-0.0332907744415945,[42228.1357529  46705.38003725],[42193.16 46696.8 ],[42189.38471698 46706.67056604],[21.28533994 -2.73711728],3.4037332964632557e-28,23.31987785189863,21.460603608054782,1.6758847408636672,0.5,2.481028650590387,0.7762246962162378,-1.244408423013469,-0.9566021206836156,5.379532973471584,15.078021514897914,0.1060833066138493,0.4315482302829076,0.284038550469896,0.7047077815879759,1.8323812601218088,46.65632741093718,14.66190017269829,[17.69535972 -7.40923308],19.1839122800924,44.7845608282765,14.46093465548701,[18.32121772 -8.40800892],20.158413448498944,23.72345251638971,0.4302340254344113,0.3327360862135756,0.1874878015524694,0.6274108818060329,2.709009851119192,0.5,3.346409081608697,Sec9_GFP,150055,12.200625075255902,2.2053310685547443,31,[42190.16002723 46704.36221938],Ring_Rand,0.52,0.48,15
1616,1616,15,57,Exo84_Sec9,38,73.42911970551961,68.77439994622401,65.30383774290982,84.08291855260495,2.27481882868024,48.0,0.5933814205086917,-0.115814876733341,[28935.71053548 44543.15558051],[28946.86 44529.59],[28933.92717949 44541.74333333],[-9.94348471  0.36315797],31.63340421596604,17.251492211013613,9.950114162010047,0.2879266021336809,0.25,0.8980820882411721,0.2633454524343709,-0.042928148657973,-0.5661539530161807,4.008279470429808,15.875028950846954,0.0893071882685104,0.1323544572404318,0.5226455864418469,0.4693786396817259,0.6765499198263826,46.82910157029568,20.309681877398425,[2.28084644 5.52685846],5.978998656881811,43.28655596582824,19.2496208186532,[-0.55987349 -6.40408963],6.428516342275367,15.0483060060033,0.0639112634325617,0.1578518136699236,0.5165113834022171,0.4794039670042364,-1.6242902460789652,0.3125,0.9281576019611468,Sec9_GFP,150057,1.7748987780201395,1.0217033115420606,29,[28932.26437843 44539.37843875],Ring_Rand,0.62,0.38,15
1617,1617,15,59,Exo84_Sec9,51,55.49378602565999,55.49378602565999,55.49599686363079,66.37449359958184,0.3538277760318012,55.0,0.6611174396645728,0.9901917347402652,[38878.30153597 51081.98741506],[38840.09 51079.2 ],[38878.10745098 51081.69156863],[-20.94439569   6.87404288],9.135426255197931e-54,12.944065050583406,22.04359717255849,0.7949513728862302,0.5625,1.0145012431221565,0.3680173591474667,-0.2799215058683919,-0.9568137274954002,5.379532973471584,15.568378959783583,0.2328419787136737,0.1928124193163989,0.4694882250272953,0.4762963879214057,-0.913397150090554,43.15482178100165,11.4296748950753,[-9.34198161 14.27801787],17.062661417646627,42.44362350217368,11.25676129401424,[-10.60967734  15.63350154],18.893692698533552,22.355114442766872,0.4304372804165888,0.3752755973729525,0.4475900193410166,0.3671337282865544,-0.9804866998385784,0.5,0.8202455649638537,Sec9_GFP,150059,5.677088333638892,1.8412206917104184,25,[38880.0582852  51081.89785418],Spot,0.46,0.54,15
1618,1618,15,60,Exo84_Sec9,39,38.79322109850566,30.993658961914832,31.74995705245138,28.883767844678964,4.920432046361152,46.0,0.6945661684426493,-0.6258143716476322,[37406.39718513 58751.60525692],[37408.5  58758.17],[37410.38512821 58748.72307692],[-1.03410422  1.28818904],2.158001711511448e-14,17.43263362496805,1.6519087559584886,0.6348157614431514,0.5,1.0221894605542068,0.2942506600138552,-0.1786280224082456,-0.9562786141346392,4.1137605091253295,4.729131809513484,0.046356798484,0.1816086328009829,0.4934508198657312,0.5044002273685828,-1.1005262676344754,23.94005040632787,10.274555894609328,[-8.08811515  4.19557477],9.111556088366338,20.441589515301064,9.650696703976402,[-0.45143849  4.5480956 ],4.570445304645969,8.872722721562395,0.3932934032978272,0.0960529924094289,0.4166601783463269,0.4286601205760857,-0.5663059699896061,0.625,1.0288003098289475,Sec9_GFP,150060,3.964423159564236,0.6479199246999786,15,[37411.49170991 58748.85630733],Spot,0.32,0.68,15
1619,1619,15,61,Exo84_Sec9,82,67.1883781844388,63.88032277778867,61.18628049020497,65.4807958915251,5.976103533483921,93.0,0.5792398502891116,1.1049414805017552,[17184.88625123 50812.53633184],[17178.11 50817.62],[17183.67547619 50806.68416667],[-5.30719694  2.32187234],6.298560373189814e-10,32.1929795570951,5.79287756414028,1.427428894566931,0.8125,0.8767143001589089,0.6612450114716264,-0.9028572868248892,-0.9565379723151028,8.543964134337223,17.20904293284701,0.0559999656362201,0.068855824903057,0.5311751521072406,0.4656888517415015,-1.241160964408148,44.42064564646207,16.37026732862305,[-2.38110842 14.08213814],14.282026882012886,41.27683625878564,16.07229552119974,[-1.09471645 13.85665803],13.899833659648095,15.3353271149513,0.2979320079764776,0.097833807624903,0.4568638372884783,0.4543726813346257,-1.3736335990347317,0.625,0.9945472682437774,Sec9_GFP,150061,12.925918397609308,0.5198264455200419,53,[17180.73780544 50810.35209592],Ring_Rand,0.84,0.16,15
1620,1620,15,62,Exo84_Sec9,53,78.07160250246666,75.21195605352216,75.87614362974632,79.41119936215539,7.1553761265841205,56.0,0.6289295345387417,1.5258264726121862,[17738.08210581 50982.2188389 ],[17728.11 50999.27],[17738.40377358 50989.36698113],[ 8.72543475 -5.20190444],48.82671688809299,15.17284449478519,10.158396595141271,0.2293340095931005,0.5625,0.7072026449221444,0.2237257566704862,-0.0163424622968478,-0.3185173119379293,5.485014012167106,26.989490884962944,0.1204191090924918,0.1815831289993044,0.5772596716017351,0.4082395665636355,-0.2764954558490211,53.773304891434265,15.730809247941622,[-10.30828266   5.44168261],11.656440323539286,52.14700617714898,15.484487103678012,[-11.16227945   8.35450716],13.942534647822615,27.907634038601376,0.2809535761263763,0.2259333451864763,0.5520714602006899,0.3689936278611107,-0.5147488437154918,0.75,0.6683801907220009,Sec9_GFP,150062,1.6695767911870842,0.2702863532564309,38,[17732.5608255  50993.81032338],Ring_Rand,0.64,0.36,15
1621,1621,15,63,Exo84_Sec9,85,70.48171375182815,70.48171375182815,71.09257502961663,72.6772857628422,6.642559553537335,81.0,0.599036752394744,-1.566964637564994,[32341.32043019 57082.40686373],[32347.61 57073.73],[32341.34588235 57075.76435294],[-4.12702711  7.43629455],4.531962037974742e-12,36.97526126356099,8.504753338314625,1.952918608579952,0.8125,0.855741465639755,0.9047709783749616,-1.6900722707305378,-0.9564944865524267,8.860407250423787,15.498275040642104,0.1158601784150715,0.0797660565103664,0.531634625471664,0.4549417935859639,-0.7666553666700333,50.084919290423606,19.860016929511065,[-5.30977045  5.43250496],7.596431555037851,46.910185646626495,19.370600757655684,[-7.90094651  7.37831746],10.81038964492277,17.804213170587914,0.2166997199223428,0.110926486996006,0.5161197807010426,0.4369214506845354,-0.7652926598364259,0.75,0.8465504850270754,Sec9_GFP,150063,18.005019933277428,1.867937783077183,58,[32340.95440502 57077.82362466],Ring_Rand,0.5,0.5,15
1622,1622,15,64,Exo84_Sec9,71,74.07266888512004,71.92876390022992,72.36728385877788,68.59393064551764,5.681903644141977,72.0,0.5742144177440395,-0.3977218804549904,[30467.11370579 56942.1394419 ],[30460.89 56964.36],[30472.35211268 56939.93873239],[-3.41674505  4.73174689],30.563110780682752,25.07693344399661,5.836400894985013,0.6126811639262982,0.625,1.0983584224822671,0.4937927677682491,-0.2260011977422885,-0.7470187234768405,7.383672708686489,18.18305455229084,0.0431697787234471,0.243999836010338,0.4756748701798124,0.522461500025156,-1.5441450681794506,50.4848928626046,18.992286992722462,[-4.20007234  1.48192821],4.453843159615369,46.76715682398278,18.48323887894936,[-0.0865775   1.44283488],1.445430089229149,19.80114584127093,0.0976046994425493,0.2097393850574994,0.4707617010498826,0.5197116215968471,-0.8820749820383761,0.5,1.1039802525094915,Sec9_GFP,150064,5.162543250447006,0.9398483462646132,45,[30468.51456752 56946.72908647],Ring_Rand,0.64,0.36,15
1623,1623,15,65,Exo84_Sec9,77,64.88743891228093,64.88743891228093,64.92062854926229,56.52308006866079,1.4826002110686027,78.0,0.5717881128794838,0.543617602366822,[30621.18887321 57366.54373653],[30637.45 57354.98],[30619.92       57365.77688312],[ 3.64485196 10.88109731],39.94539309617319,11.416845420899737,11.475331127021288,0.1458741118541728,0.8125,1.466743780021008,0.1428636629962879,-0.0060817882868572,-0.291830911629117,8.016558940859616,21.92093398333472,0.1202041827101719,0.3105734131557185,0.3995351939027029,0.5860157605562768,2.943600864754897,47.04910060198013,13.19638819790826,[11.00550909 -1.52885311],11.111193550128922,45.88833819489621,12.858469431038955,[13.16640561  1.81463925],13.290867249435191,23.44382130595066,0.2774662687609155,0.2278578557980977,0.3816825080852944,0.541329961614601,3.12080273612023,0.75,1.4182729104620906,Sec9_GFP,150065,1.2800401365628211,0.1936594748682449,41,[30625.4888831  57364.00964291],Ring_Rand,0.6,0.4,15
1624,1624,15,66,Exo84_Sec9,60,70.2875339570177,70.2875339570177,72.93545782031902,54.21785737381875,13.910126572955482,60.0,0.7635571546582551,0.4822431622941531,[21666.37993854 59453.58806721],[21658.36 59463.67],[21654.05616667 59447.137     ],[-14.20203002   1.79367825],27.20206527272075,13.710139601744704,14.314850273861616,0.2747835843488294,0.5625,1.2820982593032952,0.2553340963088399,-0.0369268741574933,-0.5263116089680606,6.328862321731276,22.429337432405543,0.1388987969472516,0.4330580539359038,0.4297392192507993,0.5509679049558069,-1.3827025263122237,52.20673409604487,15.452232758536104,[-0.83089859 14.29238858],14.316520655133944,50.91725652414354,14.94261763363934,[ 5.40755191 16.31033094],17.18337897886813,26.758126224537165,0.2884071383329193,0.4036675360992668,0.3669964551133325,0.5498248674452839,-1.6275927365018288,0.5,1.498174872766801,Sec9_GFP,150066,2.1284644919883946,0.3935262960192125,35,[21651.0595197 59455.2120893],Spot,0.48,0.52,15
1625,1625,15,67,Exo84_Sec9,32,56.00403448895408,43.77254942351382,73.3541102617157,34.40784450436978,45.95662068437565,37.0,0.8163414622367509,1.151791650771629,[23227.63457837 40810.13910057],[23217.61 40759.42],[23207.32393939 40768.91424242],[ 1.0759642  -3.44882001],8.706059397764953e-16,16.934901928862566,3.6127632691182447,0.7681868174838142,0.3125,0.5599214203393967,0.3558306483271334,-0.2614728521303779,-0.9565692196600876,3.269912199561159,4.386633615592645,0.0606260923401507,0.3491016174032976,0.6387017089045358,0.3576227680230276,2.5971919034392026,58.5594666774654,11.418069077848124,[26.24075384 46.62715656],53.50391472912255,83.35072333428921,11.139158126307496,[43.15585744 68.6134906 ],81.05701156178147,30.21505854248979,0.9128682656878516,0.6913418951733684,0.1232354692270875,0.0434360602729666,-2.0995619092052684,0.25,0.3524639500737118,Sec9_GFP,150067,4.345520862887343,1.313352103373807,19,[23204.3530439  40765.20181515],Spot,0.39,0.61,15
1626,1626,15,69,Exo84_Sec9,158,70.75160519082576,69.94502664140755,70.01033828350845,65.50746488884157,2.15954392202017,170.0,0.6539757715510288,0.6328949535057838,[41547.57507785 55326.76644418],[41546.3  55325.22],[41545.83379747 55325.48911392],[1.7592244  2.08137167],37.90313441500126,19.18686573283144,2.725248340527677,0.2509812685300727,1.0,1.1570618012059464,0.2330312231130314,-0.0309099116676953,-0.5284967723158123,16.455042036501318,24.89764307563026,0.0400807877034364,0.1910584134811346,0.4628488297826706,0.5355447006744014,-2.5438411999553585,49.81990884850237,16.235420780741734,[9.56144006 0.14090696],9.56247827765296,47.079302961766736,15.990377054535449,[8.72721744 1.33670635],8.828992470102547,24.912462174245512,0.1821487757245825,0.175932526970768,0.4547227839893892,0.5120990395126465,-2.9507788289363392,0.875,1.1261785367776866,Sec9_GFP,150069,3.154785626658075,0.2963782489523085,69,[41552.2803304 55324.8449515],Ring_Rand,0.82,0.18,15
1627,1627,15,70,Exo84_Sec9,61,60.09087384584031,57.85970934837094,58.13861028626866,51.10017642702557,4.062775274238404,65.0,0.6472966576795508,-0.4964903612841799,[41294.15333894 59371.04986308],[41282.91 59353.97],[41297.72557377 59369.11459016],[-2.43922713  1.50983072],7.940898860313025e-11,31.081461237953743,2.868696181471712,1.6706566595667924,0.5,1.1572671333778397,0.7739450263392679,-1.2367808571773848,-0.9565230385203468,6.328862321731276,12.114262472817574,0.0663351870472528,0.142769403098715,0.4615096700613523,0.5340899728980537,-0.7464376894697075,40.65034621510035,16.892016706114166,[-4.73932265  3.70336504],6.01465641642137,37.73272706436583,16.38426652389896,[-8.67080484  2.89208451],9.140405318037793,11.60197726347997,0.1861076045848623,0.1056617571553732,0.4324871338650424,0.5328768256506421,-0.7268045257472001,0.5,1.2321217995283211,Sec9_GFP,150070,13.048245633932831,0.549647786041194,32,[41294.30326807 59371.15871568],Ring_Rand,0.54,0.46,15
1628,1628,15,71,Exo84_Sec9,100,58.63185581447604,56.43119751453791,57.1008626828855,49.78342702738746,6.228164559330444,101.0,0.6556539067179016,0.828796304883744,[41791.99863362 58684.69970473],[41802.44 58711.39],[41796.2074 58689.2906],[-0.37257821 -1.71838529],21.64713819706716,18.797518786500493,1.7583124064289484,0.3083721328149161,0.875,1.1316496396828195,0.2432806848796465,-0.0574638578431156,-0.7659704662983904,10.231660753465563,13.880211657963992,0.1089794279103752,0.1985858274873329,0.4635487304749367,0.5245747538173906,0.7515374451102447,39.78098944125173,14.682188919902783,[-3.98439429 -9.90968114],10.680691838978449,36.5318177582111,14.34080251285372,[-4.07371324 -7.22780358],8.29676347648923,17.518673777844153,0.2877987125877388,0.1400042303870206,0.4200494476829308,0.4971224533499094,0.9469657794260335,0.8125,1.183485554122562,Sec9_GFP,150071,3.0837213281491618,0.7522411042905333,48,[41793.25304581 58685.33216812],Ring_Rand,0.73,0.27,15
1629,1629,15,72,Exo84_Sec9,145,53.1075285537599,46.71876090175813,39.90136817420004,36.88901697059429,4.850681460006697,166.0,0.6121016451707557,-0.3306708607691096,[27154.84439207 61067.31702148],[27159.98 61055.42],[27151.68806452 61071.00032258],[ 2.97769999 -4.10310238],1.9191126642924707,17.68521610994012,5.069728433295341,0.4233049369826765,0.875,1.312939451729222,0.2073401352653245,-0.0832554187353062,-0.948584007077258,15.294750610850585,7.121050162151845,0.1147631241846289,0.1847347910761268,0.4266559699993878,0.5601734553279957,2.943224506565487,32.04958809471749,12.031410209159445,[12.02933674 -8.96967797],15.005334557910777,29.08144001795141,11.72506460013382,[  9.5255821  -10.24489927],13.989091305170335,13.416611267083418,0.5197278737730991,0.1164650202107351,0.2802532322649925,0.449629704958301,2.621702823493095,0.875,1.60436938166392,Sec9_GFP,150072,5.097266434346612,0.7986920977609195,55,[27155.59716811 61071.58985586],Spot,0.4,0.6,15
1630,1630,15,73,Exo84_Sec9,66,65.42229998758569,60.77890089682363,60.40812171476952,55.86806512622313,9.316330811601212,72.0,0.605564792809969,-0.2089439553605468,[22756.79489358 58624.66245134],[22746.19 58622.88],[22747.49253731 58625.17253731],[-11.64615414  -2.51894727],3.8512747654519656e-14,20.763667441287915,11.915452215411507,1.0024831689085347,0.25,1.186165980798082,0.4643084733197454,-0.4452677239598245,-0.9566157270248612,6.750786476513361,8.177867823333141,0.1621843285042088,0.1353984801796625,0.4453898981778964,0.5283063454097424,-1.858049001839474,43.762844481947134,17.607067443716677,[-2.80895779 17.34915446],17.57507907103743,40.83701700057823,16.990121647750897,[ 3.9470462  18.54610512],18.96146589192125,16.101968057171046,0.463929329514053,0.3062887820051852,0.3479469101166216,0.4368226671000196,-1.449026946879968,0.4375,1.2554290738021197,Sec9_GFP,150073,8.144211764214095,1.8566424516444424,42,[22747.48515813 58632.09728835],Spot,0.4,0.6,15
1631,1631,15,74,Exo84_Sec9,179,69.98722538863494,66.05451695237926,67.05343637751031,70.50019602484275,8.23643350291365,204.0,0.6229608924068499,-0.5211457787969407,[32559.19181918 55513.06366814],[32575.38 55505.  ],[32566.33486034 55508.96296089],[-3.78598643  4.59667299],2.635228342067257e-17,28.93544515346716,5.955089909146348,1.1156649911702343,0.875,1.0290952032995675,0.5168675431850732,-0.5515670415211008,-0.956500586174298,18.03725761693413,10.132607017770534,0.1056229198153036,0.1262425923318641,0.4873323820398884,0.5015114167698015,-0.7970491940298436,45.81636496864724,19.50340294054084,[-11.76148786   6.45442724],13.416118202750516,42.6361428146191,19.00505198187297,[-12.74697067   9.41044479],15.844296529907432,13.82791083413253,0.3401979483101706,0.0698511052400832,0.45228821719424,0.4319771387713104,-0.6717677553081255,0.75,0.9550926209200652,Sec9_GFP,150074,14.926580274181877,2.200907881950433,78,[32564.74070845 55506.20909043],Ring_Rand,0.83,0.17,15
1632,1632,15,75,Exo84_Sec9,42,63.4342806595157,56.541054252896274,59.15696404788903,61.41007403284088,18.031198022773246,45.0,0.7112818062377348,1.4170244745971718,[41620.53535706 57829.22293001],[41622.56 57824.2 ],[41618.37522727 57811.32159091],[ 0.5560389 -6.6678664],1.4149498560666738e-73,14.073639619032075,6.691010503320311,0.6746548085475832,0.125,0.5520343310055826,0.3124154363726,-0.2016446240402284,-0.9566928842054844,4.324722586516372,4.137942761635326,0.1517368555824255,0.2926621475075611,0.6294808736769135,0.3474950529810446,-2.558535222920205,50.03171520204823,17.324503192480332,[  6.11646769 -42.21180533],42.65263985272638,34.59280029100725,14.540104613516084,[  9.92558246 -18.6847542 ],21.157439034399907,26.614578011330064,0.7763681126430705,0.458182127589494,0.2831003478786735,0.1141522057923633,1.771960972910637,0.375,0.4032217079481824,Sec9_GFP,150075,4.372262875130886,1.4918502996937837,25,[41615.25677238 57809.08434789],Ring_Rand,0.57,0.43,15
1633,1633,15,76,Exo84_Sec9,61,61.29639517386349,61.29639517386349,61.29866878275072,51.97297022696107,0.3771085123150277,62.0,0.6219918612877682,0.3368853282402432,[18058.38295997 48624.04252173],[18050.16 48619.92],[18058.02704918 48623.91786885],[-5.55471477  0.19136499],30.77098058944431,17.619155171093613,5.558010142801946,0.247822091497843,0.75,1.3478952868630971,0.2241117385802813,-0.032803645693791,-0.5906327029616851,6.434343360426797,17.43498157440775,0.0532482760129358,0.1648785703636251,0.4247057467515559,0.5724588743500945,2.1195235759520097,44.10929581275008,15.860895090231311,[ 4.78796911 -2.39625381],5.354127427489286,41.50624664317577,15.45272452639412,[ 3.56947262 -5.64364908],6.677717401474474,18.64813170923374,0.1456687870329019,0.1995215363870178,0.4036118206948834,0.5751687837894798,2.463159592870785,0.6875,1.425054357424996,Sec9_GFP,150076,1.935552409803538,0.2239549319528969,38,[18057.69136857 48619.50721984],Ring_Rand,0.76,0.24,15
1634,1634,15,78,Exo84_Sec9,107,78.99973191771792,77.64889117513799,77.66695802214412,66.39763696163067,1.1965229568332554,120.0,0.6829747312133679,-1.4672266002108518,[18220.62641241 58806.89306624],[18207.78 58826.2 ],[18220.50271028 58808.08317757],[1.81783849 6.18857544],3.236991799500417e-15,33.93228387858518,6.45003897448384,1.597209715241214,1.0,0.7808472923793028,0.7398930393562226,-1.1304037573366226,-0.9565390567653336,11.075509063029733,10.934406317519894,0.0549323662962681,0.128545239677623,0.559836005815565,0.4371464293175275,-0.1852711757166103,55.64333905172733,26.82511930020287,[ -2.08911389 -13.97312644],14.128434431584914,50.88588766585584,25.19485397147454,[-14.95147996  -9.9049231 ],17.93472203445513,15.275109738015887,0.2824449999935554,0.0723312946864298,0.5194893885331279,0.4007354334455127,1.2233807158293724,0.8125,0.7714025392839335,Sec9_GFP,150078,16.521665762486496,1.7572360164843162,63,[18218.00508229 58804.00522548],Ring_Rand,0.5,0.5,15
1635,1635,15,79,Exo84_Sec9,96,64.511664881665,63.3333433929647,63.81368483711116,60.07307534859002,5.582131987876697,98.0,0.6817194431433767,-0.1326858958610041,[29955.08546163 48618.50379289],[29950.75 48621.56],[29949.55239583 48619.24229167],[-1.38882792  5.54795652],32.61244083288757,19.84346434738284,5.719148935671079,0.3118330343219361,0.8125,1.8595132660056908,0.2775801079245169,-0.0537175466392621,-0.6205913366429383,10.12617971477004,20.70375717811652,0.0661727015895596,0.3309158383062782,0.3481785468178897,0.6474426267464494,-2.671719687804867,46.20652772529085,15.958673690188787,[9.18325769 2.05549792],9.41048848598628,44.44312721740796,15.567167637007325,[13.06999836 -0.46636591],13.078316191051623,21.72394184886424,0.2213260876459171,0.3042550336545168,0.3147036700792678,0.6363110928480841,-3.0443379096335828,0.75,2.0219373122906688,Sec9_GFP,150079,3.0553272761301487,0.3410535224049733,50,[29955.24583728 48620.29643852],Ring_Rand,0.68,0.32,15
1636,1636,16,1,Exo84_Sec9_b,89,61.24102550660118,56.919157422348775,57.205637721982896,52.12366242788857,10.343185007372895,100.0,0.606604630755375,-1.0490446840626375,[16122.71059958 40161.71089692],[16117.14 40129.86],[16128.17322222 40152.92788889],[-6.66480511 -9.06829541],7.072796381533033e-17,25.03079387956805,11.254048553919189,0.9608977059764778,0.75,0.7050766707067253,0.4450871436009316,-0.4091122475716312,-0.956577749576972,9.17685036651035,10.276737273040286,0.1286925434342902,0.2054684876971667,0.5767706790902223,0.406667550174191,-2.5042619401817223,43.04556200601286,15.655471098724432,[ 2.10793528 19.98449461],20.095358071111765,39.39984000222556,15.365957895515477,[ 1.09444748 18.43812725],18.470580712645152,21.89142706675786,0.4859506721211709,0.2399030136264403,0.4505129889034196,0.3133389553615626,-1.7366431505416025,0.5625,0.6955159186958221,Sec9_GFP,160001,9.065090828018564,1.723551128768083,49,[16133.42182865 40155.6028694 ],Spot,0.4,0.6,16
1637,1637,16,2,Exo84_Sec9_b,31,52.39646894752182,52.39646894752182,53.91404363571795,49.015537795209575,9.072669852789502,39.0,0.6501824483268293,0.6538333041227932,[31740.63559166 44741.19427815],[31746.73 44761.17],[31747.83709677 44746.71258065],[2.19436786 0.4151222 ],23.13304617554975,17.07397110934164,2.23328832559866,0.3408947433106495,0.375,1.3602303858076286,0.2855118167865324,-0.068824539412259,-0.7071294450889137,3.269912199561159,13.738848622067776,0.1129692741531383,0.2097782720763724,0.4182803293414502,0.5689576137558628,-1.0181967901675393,38.75577334135905,13.450489695845333,[-9.2845889   3.88551334],10.06483010068702,35.96982407814296,13.05515052561208,[-5.17177427  6.06702466],7.9722040429502,16.45232244969279,0.2640873129864069,0.342487110129566,0.3569482178701221,0.5733096732494976,-0.4928927205495823,0.4375,1.6061424165958436,Sec9_GFP,160002,1.898021603281122,0.3360288041395365,21,[31746.64003769 44746.26225816],Ring_Rand,0.56,0.44,16
1638,1638,16,4,Exo84_Sec9_b,111,66.72927457939092,66.72927457939092,68.76436632608761,62.536451056196206,11.861057665623964,127.0,0.7224061655488221,-0.7129989708079453,[18580.39320778 63793.74261304],[18606.36 63798.57],[18589.36495495 63785.98423423],[7.84303373 6.38360844],13.93558946858255,27.403123179386565,10.112548386533335,0.8547038987706367,0.5625,1.4993409414305192,0.5133672409878159,-0.3966803788441597,-0.904059225482739,11.497433217811816,16.036863811561908,0.08351595700725,0.3241848990154381,0.3973147754530828,0.5957103094720805,0.3459614860946717,47.267221765085054,19.38171788271489,[-7.23647391 -3.76878397],8.15906166689596,43.02696273433551,18.93693579432649,[-6.42982107 -2.16981316],6.786065728759991,15.631416487908496,0.214766833926882,0.3023418597395699,0.395614722353536,0.558260484691487,0.3793430227305255,0.6875,1.4111216118812806,Sec9_GFP,160004,9.004864338660726,0.7074124592090139,60,[18586.97952622 63782.01152608],Ring_Rand,0.81,0.19,16
1639,1639,16,8,Exo84_Sec9_b,85,67.67817887545031,64.7440013986882,65.42288672175408,55.91453285816432,6.714604471690649,89.0,0.5930352819663626,-1.324357052670066,[25904.64098483 42519.8454389 ],[25889.23 42536.81],[25903.00294118 42526.35717647],[9.5827255  1.86930958],3.515463023615602e-15,25.739857627516898,9.763347087145943,1.212469857857462,0.6875,0.6906218179797358,0.5616825127684533,-0.6514163163715053,-0.9565259984101072,8.860407250423787,9.975941287812958,0.1285417049733933,0.1667914881805315,0.5817250313602195,0.4017519987223136,1.5334695016722342,50.58086098444559,18.98087673349564,[ -0.69954696 -22.54724513],22.55809453229736,46.96376118135316,18.595228783769578,[ -3.17029684 -22.2899487 ],22.514275364150585,21.203913249648355,0.4736412672286298,0.1770858337919164,0.4153343367907859,0.3603296131872716,1.5539026854944706,0.625,0.8675651909049322,Sec9_GFP,160008,11.17841975764446,1.0931921186912648,49,[25901.05185974 42520.74562868],Ring_Rand,0.6,0.4,16
1640,1640,16,9,Exo84_Sec9_b,93,71.39257508194149,71.39257508194149,79.75450607264364,59.866253906360825,25.3936504001154,94.0,0.7320994451885879,1.2200007161227406,[26600.55434982 42274.70412333],[26621.27 42300.87],[26609.28075269 42298.55129032],[-4.21597335 -3.79606772],37.41546608711906,20.577394468221293,5.673143874863632,0.3415545367536614,0.8125,0.7109670644512227,0.311809551544661,-0.060749993381114,-0.5704226501705512,9.809736598683475,20.538676060858364,0.0781474045430862,0.2657764718306922,0.580895450189137,0.4129975329740422,1.009539655243299,55.2139648736581,16.892229236954645,[ -9.04999117 -19.13688865],21.168912283299694,50.98832781378641,16.57370709944089,[ -7.89327426 -14.55109934],16.554101325044744,28.371439168229145,0.3872698790949994,0.2009046261147377,0.559190005362082,0.2908320353836626,1.1188256083653527,0.75,0.5200951958991927,Sec9_GFP,160009,3.2938326682850425,0.4988619350809027,52,[26608.96354713 42295.58568767],Ring_Rand,0.63,0.37,16
1641,1641,16,11,Exo84_Sec9_b,47,63.34755331471456,63.34755331471456,63.47175755597009,62.37341850143371,2.8348681971874474,47.0,0.5893928075632616,0.9043926533911596,[39158.08262367 50251.09877328],[39161.34 50248.74],[39156.33021277 50248.87042553],[ 8.59890565 -4.87305805],42.80200615500189,13.375478331593808,9.883717572365228,0.191890171975804,0.6875,0.8579145809894162,0.1871437038351671,-0.011505843307622,-0.3203985210234801,4.9576088186895,23.852036446114088,0.0735726698056592,0.0761877221884776,0.5353244290316129,0.4592626332260546,-0.9811981274737244,45.86332775295161,12.219321769527552,[-4.743016    5.79174322],7.48601965319631,44.43011174671189,12.087523230722152,[-5.01483634  6.89855947],8.528698981541892,24.461346699204363,0.1788199240006508,0.0668351243844525,0.5026588397238652,0.4653645950565363,-0.915815198104235,0.625,0.925806050306772,Sec9_GFP,160011,1.3155327402776684,0.2411085698442541,26,[39157.09931597 50248.76150115],Ring_Rand,0.51,0.49,16
1642,1642,16,13,Exo84_Sec9_b,36,47.88488708769426,47.88488708769426,52.50719581735196,43.23815164413677,15.386901419927144,36.0,0.6448125393045594,-0.5562640896458273,[32394.03013013 61183.1735065 ],[32377.42 61204.61],[32380.96305556 61191.29805556],[ 9.59886888 -8.51024957],9.251262193968866e-25,15.24254224300485,12.828196737246971,0.7309182560452122,0.375,1.4083451384363683,0.3384686970262074,-0.2366793983450253,-0.9566941926929624,3.691836354343245,9.057429496769933,0.2265183967440783,0.1381243977485498,0.3939175497713065,0.5547718661651858,2.644252944352244,37.300901261810594,12.46756539700619,[ 12.15917496 -12.37103797],17.346126835760263,34.21476196950242,11.987543114155796,[12.29958575 -8.17429079],14.76816981359046,18.80388674850226,0.4930211803480419,0.2165114219039372,0.2648572803171278,0.4920728354110959,2.5292442129147585,0.375,1.8578792126156043,Sec9_GFP,160013,4.3855095362712735,0.3943726976485023,20,[32385.6848903  61188.50808716],Spot,0.47,0.53,16
1643,1643,16,14,Exo84_Sec9_b,50,79.12248588706542,79.12248588706542,80.23575366682527,81.69084419541934,9.513910158135074,52.0,0.7247596806704922,-0.8769393237307437,[38285.15338654 48142.01555293],[38294.   48140.12],[38291.2376 48134.7014],[ 0.12909455 -9.52355599],37.52884025719352,23.53083303352497,9.524430909367156,0.5331312562509652,0.375,0.866269882889767,0.4705762699256702,-0.1593101916873023,-0.6350082860319313,5.274051934776064,21.95488598262138,0.1133783062580962,0.2951585951682424,0.5289403042509218,0.4582050554191237,-0.4908095533726963,62.194903756134366,20.99413200882549,[-16.6805645   19.89722671],25.964222748896187,56.56247965994667,20.33982183541939,[-15.60917499  13.24050315],20.46844565446164,29.5461207380186,0.4172183071059003,0.0579933803872941,0.4161556692965705,0.4097732149191162,-0.8086626104007129,0.4375,0.9846633006628442,Sec9_GFP,160014,3.7698072655756047,0.9591298870622922,33,[38295.80979193 48140.82612149],Ring_Rand,0.76,0.24,16
1644,1644,16,15,Exo84_Sec9_b,69,60.67898493019455,60.67898493019455,60.71770322455142,57.63550244732588,1.548579452069806,69.0,0.6415298593885603,1.460143038720232,[22630.72508102 39722.05176096],[22638.39 39746.  ],[22630.89608696 39723.59086957],[ 1.33747973 -2.25796779],29.82170183232455,18.74943662999776,2.6243609801605725,0.2719874020918149,0.6875,0.6051614332716019,0.2398819967171825,-0.0415167126063008,-0.6363213773874838,7.278191669990967,18.31035074043731,0.0320245635718032,0.2610152000088899,0.6223513763920614,0.376623050935974,-1.4197918217204546,44.1295373236692,15.426402007201022,[2.61856946 7.87519803],8.299135499211872,40.93499019790107,15.057158456829104,[0.28735945 4.87529011],4.883751541752411,21.91141022884248,0.1810160192565769,0.209681508482169,0.5856431715387661,0.3815900292337363,-1.7974015999283837,0.75,0.6515742823930072,Sec9_GFP,160015,2.259297044628964,0.33374389449272,43,[22633.74508488 39725.03383822],Ring_Rand,0.59,0.41,16
1645,1645,16,16,Exo84_Sec9_b,52,52.13454113757511,49.37327355273912,49.99378351729404,48.853209928360776,5.608769057206124,53.0,0.6308241683205551,-1.225801439246837,[24205.48431377 53682.18328458],[24222.44 53700.34],[24207.38115385 53676.905     ],[ 1.79680733 -1.41189524],23.625978213375834,15.33639843656198,2.2851618635705675,0.1987279201684913,0.8125,0.6633409041382607,0.1736065481724883,-0.0224724145877053,-0.6513654953174053,5.485014012167106,16.335477707896707,0.0489447729397785,0.2009292864866201,0.5997594400040982,0.3978449691977754,-2.07573655372084,35.71795101425223,13.126105427352725,[5.1743087 2.2942947],5.660146524619879,33.541716162387075,12.563199870368347,[2.44501157 5.75915503],6.256672297828469,18.24890771232829,0.1558851382951117,0.1472094285421991,0.5591916375225541,0.4165081861361599,-2.366758057127241,0.6875,0.7448397976433629,Sec9_GFP,160016,1.4330474120676198,0.1771549946874634,30,[24208.4484517  53673.79350652],Spot,0.43,0.57,16
1646,1646,16,17,Exo84_Sec9_b,48,52.208107575864695,49.89699982789201,58.86613217989616,51.42312930225815,22.309407345808307,50.0,0.7148440671459354,-1.3934162019768497,[23933.75444314 53424.77710007],[23940.41 53465.19],[23929.81791667 53446.73645833],[ 3.85993465 -9.77845927],5.556062414082501e-21,23.50613895956868,10.5127237754955,1.541376003461303,0.5,0.8712411845316476,0.7140531518315772,-1.0527736804139416,-0.9565240300861602,5.0630898573850205,9.430364875648188,0.1905634268741066,0.1206046040052592,0.5149980602736668,0.4486875200643302,2.4041165778183635,39.843219903766325,11.70709562170184,[ 12.57021054 -12.61790289],17.81071773588156,37.64367627996564,11.54902479638342,[ 12.5753371  -11.04657091],16.73815497555956,21.44366075805785,0.4583906422505029,0.2485803866089581,0.4881648677096965,0.3017131513874748,2.371752326807865,0.4375,0.6180558482281002,Sec9_GFP,160017,10.678966206249754,2.101623186837603,24,[23934.83553419 53445.86085255],Spot,0.35,0.65,16
1647,1647,16,19,Exo84_Sec9_b,36,61.607516539217634,57.462982853429615,58.17267503313305,52.79845356025488,6.470723790738864,39.0,0.6509288571050976,0.6566255454693802,[24740.75065343 42789.50857347],[24737.33 42795.05],[24745.87583333 42793.45861111],[-2.42048485 -6.57032052],31.6987283849242,15.243343079513014,7.00198961934093,0.3081363251026781,0.5,1.3974515289672749,0.2886314788575592,-0.0447125068231764,-0.5027388253677074,3.7973173930387656,21.345446377010056,0.0669054177639541,0.3790718990884951,0.4152424576870015,0.5802812073868292,0.692322065351981,41.36308112709446,14.555115254770127,[-3.92519198 -3.28729808],5.119908273385255,40.664000268611616,13.933135771857623,[-11.12397838  -6.26572234],12.767230374923564,21.551867574799733,0.1682816628380966,0.3624374530893886,0.3849637483748511,0.5867175335775939,0.6210710277881618,0.4375,1.5240851536137083,Sec9_GFP,160019,1.848817950616069,0.4523955123525053,24,[24749.59084101 42790.21932724],Ring_Rand,0.53,0.47,16
1648,1648,16,20,Exo84_Sec9_b,47,61.37164136462504,61.37164136462504,61.58338143748119,62.92925316090041,3.644572809298332,48.0,0.6330098902695299,1.3625593733371957,[25058.52899363 42809.20754094],[25051.78 42822.39],[25057.77553191 42805.64170213],[-5.79344427 -4.23385098],31.946902644386743,19.079683172540832,7.175617793019774,0.3511617868419321,0.5,0.4856966741205577,0.3141667237002624,-0.0674626727150649,-0.6114995048722525,4.9576088186895,16.09072741074477,0.0975615268898168,0.3644556659719905,0.6666783104008984,0.3238034380700292,0.3488949442093856,44.556783665589634,15.38824607170758,[-6.24291957 -4.96591293],7.97711326461218,42.9334076932534,14.98385172175797,[-7.35576356 -9.59236243],12.08803848835923,22.9138028625045,0.2132568212658172,0.2886999346373735,0.6178870571713848,0.3366344710122145,0.7329388085360876,0.625,0.5448155404861336,Sec9_GFP,160020,2.407443919447943,0.3294838224144941,32,[25050.23810759 42805.46087818],Ring_Rand,0.61,0.39,16
1649,1649,16,21,Exo84_Sec9_b,60,70.80400155158797,67.93992299186904,75.0423243897784,63.37867524561434,22.76227313798813,64.0,0.7437868765956795,-1.1040070702175486,[22672.17332424 42630.98278156],[22677.8  42613.64],[22682.41683333 42610.65566667],[ -7.00934928 -23.78671471],2.243335134765941e-21,20.925291476222977,24.79795906569725,1.4108141471369413,0.5,0.5508602275122202,0.6534843034500655,-0.8819142640684063,-0.9565802292951712,6.328862321731276,14.517410804229444,0.1787517301687641,0.3556230929549706,0.6242005577217922,0.3438472612398812,-2.674891865512691,50.10456876086288,17.233891192409217,[11.80425352  4.01378914],12.467995208436395,48.76447434379546,16.544622708975208,[11.69287248 12.64746323],17.224447539318923,24.4299443791596,0.30392395436894,0.4596524554009829,0.5854164212958456,0.3222138086649009,-2.7348824203851563,0.5625,0.5504010426486947,Sec9_GFP,160021,10.928119392910387,2.1410468821117754,37,[22685.41457597 42608.09344682],Ring_Rand,0.57,0.43,16
1650,1650,16,22,Exo84_Sec9_b,49,66.84615361994125,62.87956004156193,63.51716040099929,64.77166666177277,6.412304593267921,50.0,0.7009235369279612,1.1432696887853695,[15937.94847417 40797.67842427],[15914.06 40798.92],[15935.28979592 40791.84326531],[-0.98777204  6.07420385],18.03151690620356,25.855291813642346,6.153994318986838,1.025095234665628,0.375,0.474241709601609,0.6740134513208922,-0.6029471343868684,-0.8726627874609889,5.168570896080542,15.983064592619064,0.0438043709252048,0.3956068939505589,0.6770132540596501,0.3210679230281969,-0.9797694550479188,45.5199037324961,18.23102898661897,[-7.31668358 -1.12380831],7.402486316263889,42.73606165267138,17.2217519811136,[-1.09770314 10.22203124],10.280801278034351,19.43127901807016,0.1302906572465741,0.4227928430229665,0.6589949923137346,0.3240293523205211,0.1261402386525555,0.4375,0.4917022983480535,Sec9_GFP,160022,7.175666642659396,3.086458382787528,30,[15931.92019915 40792.08872651],Spot,0.42,0.58,16
1651,1651,16,25,Exo84_Sec9_b,67,69.39311244127455,69.39311244127455,69.6382629543553,62.75773587561124,4.170083749263896,70.0,0.651098357102659,-0.1676968883311127,[29807.09184786 46888.82723101],[29821.61 46898.25],[29811.20343284 46888.13119403],[0.44854676 0.09519943],35.86530784399055,16.578144054022818,0.4585380339160255,0.2585016371020472,0.75,1.8582829390023063,0.243595386941841,-0.0304287770603167,-0.4832280554923918,7.067229592599925,23.62184248731292,0.102259553373112,0.3080496786433205,0.3462018998333786,0.643341083910553,1.5325194955953496,51.70135279763233,18.219561283735587,[  3.06684437 -14.38003976],14.703437621775585,47.328669082667226,17.08641381897694,[-2.10736359 -8.40646597],8.666582452817169,23.20441981575765,0.2270184346808346,0.2721479968591337,0.3655666593128782,0.5828959710021855,1.6906060959015992,0.5,1.594499815978298,Sec9_GFP,160025,2.115927091786809,0.5309663168953254,39,[29808.91883356 46883.02245061],Spot,0.32,0.68,16
1652,1652,16,26,Exo84_Sec9_b,87,68.1902735220641,66.60989020842173,66.61750769831076,64.18924448843542,0.7195727035719438,92.0,0.562710367524933,1.0602754295956618,[17380.34471574 53418.52620293],[17387.47 53420.55],[17380.69632184 53419.15402299],[ 3.9026988  10.44370104],40.21138863914947,13.039649066744726,11.14907840865915,0.1569692064348435,0.8125,0.8138688301668549,0.1527819202618819,-0.0079888123866215,-0.3331162318370366,9.17685036651035,21.28872886925845,0.1202699433511962,0.1291038331673871,0.5433331916485065,0.4422019490777935,-3.086802327781816,48.22223678030304,15.010853827027796,[ 7.83724138 -0.49876933],7.853096419385416,46.6279981842352,14.61899260145526,[10.9905179   1.83866303],11.143256503856112,24.081612068937183,0.2021102695128893,0.1605899530528325,0.5278264171210099,0.4313250218364173,-3.120041778748674,0.9375,0.8171721002314507,Sec9_GFP,160026,1.4641112880803335,0.1607795602190799,48,[17386.51761313 53419.55425427],Spot,0.43,0.57,16
1653,1653,16,28,Exo84_Sec9_b,72,71.35110777423394,71.35110777423394,71.43015358831569,66.39243516230687,2.399645067293316,75.0,0.6247207243903083,-0.7195716441710462,[17586.01081103 56346.20276625],[17582.5 56356.7],[17587.81555556 56344.62125   ],[7.63619287 2.17078734],42.13988829621904,17.009366296328956,7.938750486073175,0.2801304259965892,0.5625,0.8063849635870453,0.2682683526564115,-0.0315564785168768,-0.4199125057276101,7.594634786077531,24.414166190192667,0.034256645772036,0.2795151317862287,0.5529422035472553,0.445884278673194,-2.556065579876172,50.9738433727542,17.00933413358309,[-0.93917774  0.10761798],0.9453234632151628,48.31366337979637,16.531712109809387,[2.44199257 2.02612338],3.1730905558738765,24.17350384675247,0.0286200218668633,0.2812286256306665,0.549611945776727,0.4495689485716133,-2.228697370709869,0.5625,0.8179752132866579,Sec9_GFP,160028,2.376985486066375,0.4207393317106112,41,[17586.65102175 56342.68182144],Ring_Rand,0.68,0.32,16
1654,1654,16,29,Exo84_Sec9_b,103,69.48706781834392,68.26477952981111,67.10578114405517,62.854059577683614,1.6782265460268506,106.0,0.5208346982721211,0.2202136844264859,[15987.62117867 47597.91250265],[15986.77 47587.16],[15986.47625    47596.68548077],[ 3.33318762 -3.92450509],36.71312961261964,18.64442956525388,5.148968821442622,0.188121326852418,0.9375,1.050939745312118,0.1745631814359542,-0.0174081091824886,-0.5301038034515253,10.759065946943169,24.32829807131128,0.0280842692641643,0.0505539202485098,0.487196796543545,0.5120144772763529,1.4862470555527156,47.1017605922547,15.804199014686755,[-1.02944607 -0.71650904],1.25425053782006,44.50699907868563,15.477048495657444,[-3.61214708  0.23740606],3.6199403530920415,23.9945807441294,0.0422908833520095,0.0435515040245946,0.4889631870898575,0.5092482940954494,1.1533126250738637,0.9375,1.0414859595592911,Sec9_GFP,160029,1.9092229473064617,0.24198894315068,61,[15988.5476193  47592.17764139],Ring_Rand,0.62,0.38,16
1655,1655,16,30,Exo84_Sec9_b,41,64.40051476761894,64.40051476761894,64.77538070267833,59.56674813305472,4.970507039115183,43.0,0.5304429396098242,0.5381642922983443,[15575.14110177 47867.57475936],[15580.52 47875.83],[15570.87317073 47865.02707317],[-14.6282277   -2.42140537],1.4092019662153464e-29,29.067288252683568,14.827280590736926,2.2299395606481025,0.3125,1.2718151639404855,1.0329551765591292,-2.203360736331184,-0.9565574035374416,4.324722586516372,13.943613676075564,0.1048363159309734,0.1312217028573926,0.4353388262214848,0.5536705206405362,-1.7423187623747824,49.13791464024559,18.76708502956493,[ 5.10308211 16.50634364],17.277176490123622,43.61739353396239,17.956764569906532,[3.7758012  9.72789343],10.434969346210243,25.47235366581415,0.3304784951742888,0.1957008607297333,0.3945017009357422,0.4962822632915953,-1.888558667704148,0.3125,1.257997778246415,Sec9_GFP,160030,14.278580048796222,1.9427883614662047,30,[15569.31740681 47871.43763133],Spot,0.48,0.52,16
1656,1656,16,31,Exo84_Sec9_b,60,77.66275723610714,77.66275723610714,81.7077987825652,71.86229906739433,18.135832728717244,70.0,0.6096950768434858,-1.529955616911129,[30186.92485894 47962.62787654],[30186.84 47944.97],[30187.66533333 47944.50716667],[-0.78244956  8.3741397 ],19.202119959124666,33.14141142785419,8.410614902701957,1.482291520310214,0.3125,0.8322387509354001,0.9217077390015688,-1.220270669698169,-0.8931601018665015,6.328862321731276,16.89171415661089,0.0323913017051338,0.1032824996534713,0.5452077700375344,0.4537430335363125,-0.8447697966464865,56.06252473413331,22.69113789350108,[-6.4794233   4.87092031],8.106095918355209,51.23027653728062,22.046519873853224,[-1.80836981  5.47925024],5.769955332119697,21.567451568722586,0.1448275638255875,0.1516572732407058,0.5464931174373009,0.4325318593190443,-0.7683645794065145,0.5,0.7914680816976047,Sec9_GFP,160031,11.481780744771864,1.6794634344012078,39,[30186.54020855 47940.80846616],Ring_Rand,0.52,0.48,16
1657,1657,16,33,Exo84_Sec9_b,54,57.63621486906914,57.63621486906914,64.83027719193595,56.62433549448971,21.201554336924943,63.0,0.7779676003824357,1.240330160769784,[35830.50326899 51215.13843738],[35835.58 51227.78],[35823.6237037  51195.08407407],[  4.50149885 -10.74353748],25.08390156199551,17.485652310782697,11.648480132355925,0.3266872947547454,0.5,0.4836670306284585,0.2789846976364274,-0.0622738717187269,-0.6832713963558288,5.695976089558148,15.133719927093365,0.0570456130087342,0.387156581326188,0.6718123254476118,0.324933472588846,0.0977427420918538,41.92503993180328,17.507698331558853,[ 0.74993123 -7.89193677],7.92748780244097,37.90014094171046,16.63296208334988,[-4.15913178 -0.9559413 ],4.267575533978969,14.074063966723468,0.192073790872404,0.3283680791248712,0.6559078690404568,0.307199789819447,1.395405111349102,0.4375,0.4683581404029455,Sec9_GFP,160033,2.4006515327980007,0.5912318971951481,35,[35825.11878407 51191.92666556],Ring_Rand,0.52,0.48,16
1658,1658,16,34,Exo84_Sec9_b,68,64.17858567985718,64.17858567985718,64.98908384646538,68.3342017211976,7.308443514185914,79.0,0.6205243078790379,-1.563701040276838,[29918.33123317 56122.24370073],[29913.08 56093.86],[29918.38308824 56114.93544118],[0.92133712 6.75625341],7.57106375514332e-13,28.268317368590303,6.818784515650522,1.7392132527133266,0.25,0.6773971800501413,0.8057027319522996,-1.3403663626655933,-0.9565239488916,6.856267515208882,8.239203782277443,0.0382706190844866,0.2004768516925884,0.5952885646827197,0.4032467950321705,0.4604760048091531,43.87483980600923,21.10981024346834,[-10.65679931  -2.62483061],10.975295314550104,40.11703598153854,18.69330518556329,[  1.29813234 -15.7013691 ],15.75494015665167,8.752330906395942,0.2658526209307194,0.2164224324351105,0.4968262463580469,0.4324961375862203,0.231567097712482,0.3125,0.8705178938443885,Sec9_GFP,160034,14.341919892822212,2.4811978091915554,37,[29910.83094989 56115.65557166],Spot,0.47,0.53,16
1659,1659,16,36,Exo84_Sec9_b,147,78.79388549449929,77.63485253637461,79.25654669447516,78.2214133392316,11.393469880297348,149.0,0.6228016700557062,0.3570293092793224,[34977.22274355 42263.28431235],[34963.14 42274.25],[34966.5477551  42259.30238095],[-3.92370847 -5.87118212],3.084060396550329e-13,39.722465549027376,7.061605176436921,2.316795152887861,0.75,1.2304432590351777,1.0732593739239151,-2.37846988668501,-0.9565448350736224,15.294750610850585,16.570776603580796,0.1109069054787862,0.1991809483677094,0.4428266239529306,0.5448730343641891,-2.6838647383844174,55.95911686323212,22.435129744207007,[12.38103188  2.35509566],12.603032408239155,52.85646092885218,21.71569704807705,[14.2854888   8.43896383],16.591904680626126,19.21579165880816,0.2879822187262256,0.1016047121811776,0.4154164535136986,0.5016497881838218,-2.779784412827583,0.8125,1.2075828579747854,Sec9_GFP,160036,28.08964840871756,1.443712066157134,72,[34972.96653976 42254.8540352 ],Ring_Rand,0.54,0.46,16
1661,1661,16,38,Exo84_Sec9_b,46,61.15632515922736,61.15632515922736,66.59997122772423,58.96616560234186,18.83684053939448,49.0,0.7719199509567344,1.236803962444278,[34988.71895679 43216.87658981],[34967.83 43197.3 ],[34982.54391304 43199.08065217],[ 1.41400011 -3.57098778],35.82962573135694,17.097614337485883,3.840748628978142,0.3537568711096127,0.5,0.3807856051741226,0.3317695607765359,-0.0585569397747468,-0.4989269349234856,4.852127779993978,23.254649073198145,0.0730531578864326,0.4673650390010532,0.7203603748442822,0.2743028612785378,-0.6056671955192307,44.31319828091976,14.17347855727518,[-5.45784082  5.06549267],7.446290513003338,42.74844424619145,13.808555388569504,[-4.09173273  9.65148237],10.483004757610695,23.58688117954188,0.1820202062055232,0.450571165704302,0.6904426062213246,0.2764260383115742,-0.8969007960131986,0.4375,0.4003606321811556,Sec9_GFP,160038,2.3992958336633072,0.5553776551119499,28,[34979.41560001 43199.55416631],Ring_Rand,0.53,0.47,16
1662,1662,16,40,Exo84_Sec9_b,115,68.1583720257287,64.73124895975579,65.69083298146042,68.11895927297138,7.990777397895052,118.0,0.6486451629216597,-0.3388284311951658,[35472.71689431 51172.44278915],[35471.88 51173.42],[35465.18043478 51175.09878261],[2.14595812 1.77624645],22.54017553029388,21.6224944575943,2.78571134944022,0.3054861026176924,0.8125,1.3897618152516815,0.2320047239153541,-0.0563662025769221,-0.7952991010483719,11.70839529520286,13.472189627438183,0.0430368240164678,0.2175314149603266,0.4176767012546202,0.5804711305239554,-2.757377899465765,43.52252991024111,17.93669902048271,[1.76797123 1.43876995],2.279425639213577,40.11204303838719,17.47699153742602,[4.67515522 1.68252591],4.968698999605089,14.349919686273186,0.0780769902152776,0.2180370723541822,0.4185749387001565,0.575329044898767,-2.685611037624455,0.875,1.374494724135647,Sec9_GFP,160040,3.275973484728308,0.6037822158269537,58,[35467.85959727 51179.81790165],Ring_Rand,0.62,0.38,16
1663,1663,16,45,Exo84_Sec9_b,41,69.0002052574995,65.5313179310304,71.21257324815586,52.92643203308078,23.08482120007457,49.0,0.7527765532065803,0.1973328545929601,[23612.49460172 40518.1128331 ],[23630.06 40513.29],[23634.67190476 40524.52190476],[-15.72712551   8.19750162],5.2332124632189165e-64,29.721029718471826,17.735318146159315,2.348338743246328,0.375,2.3082258881001705,1.087862553283971,-2.443624986406878,-0.9565326228799615,4.219241547820851,15.20604637011367,0.2065704965846329,0.4013551943994971,0.2893782535782487,0.6679503763625295,-0.6663943001125802,43.59802379590556,15.745948120603938,[-6.02579565  2.19190487],6.4120714409571855,44.89912634532015,15.02778888650064,[-17.68585372  -0.75880331],17.702124282721073,20.075307988708733,0.3016300627186083,0.4209235040059316,0.2505053444663154,0.658513960798053,-0.4522717398063212,0.5625,2.62874216197252,Sec9_GFP,160045,15.036704724583158,0.3196851904818431,26,[23635.58490903 40525.67166635],Spot,0.43,0.57,16
1664,1664,16,46,Exo84_Sec9_b,70,57.77201741988823,56.1855324068295,60.81148109210102,56.36321931285632,18.577081251810576,69.0,0.7205481301857856,1.034945870947977,[18898.45558531 41395.09478576],[18886.27 41407.77],[18887.99887324 41379.74014085],[-9.55632887 13.87354968],2.3355618024486245e-08,19.955361873870725,16.84632903778395,0.8637513036301702,0.625,0.8187007494726494,0.4001347683595723,-0.3305924222518386,-0.9565284442454604,7.172710631295446,11.472191002728442,0.2452876489746903,0.1982369114876878,0.5167611931391042,0.4230727761213651,-0.7107830961742047,40.70272773423032,14.683041444754895,[-2.235494   13.71680087],13.897771742629155,37.88083415249115,13.766379136927888,[-9.88165076  7.6045974 ],12.469038586782672,19.53418708647247,0.4631269389813893,0.3265041855593515,0.4808936355222228,0.3046198028675059,-1.174312770723338,0.5,0.6334452784693362,Sec9_GFP,160046,7.226661886140605,0.5199989020932316,34,[18883.57085184 41384.35476725],Ring_Rand,0.53,0.47,16
1665,1665,16,48,Exo84_Sec9_b,81,61.31841634427345,61.31841634427345,61.97290315594591,53.56345424022282,6.416359138573849,81.0,0.6996455829578312,-0.1765431838041767,[30742.36534766 40184.17577828],[30741.91 40169.39],[30748.68197531 40183.04888889],[2.02709581 2.24227494],11.153372135694587,26.17607508025228,3.0227329260507863,0.8462607728908704,0.625,1.6715309689203044,0.4878282053519453,-0.3779300265408022,-0.9154619136164472,8.438483095641702,13.67254465343465,0.0358156452161927,0.2705815320512983,0.3738370436938555,0.6248801958638924,0.2991975408098864,44.11462793851104,18.919169821850417,[-10.23234977  -1.04110665],10.285177919408872,41.10413223693981,18.383049211949363,[-13.41781345  -3.2273844 ],13.800497377248115,17.71082177744955,0.2753412781447568,0.2387527668607357,0.3208344446369822,0.6033527359126294,0.0602140051064848,0.625,1.880573442154289,Sec9_GFP,160048,7.616346956017834,2.218262820637233,46,[30747.45711216 40183.50222611],Ring_Rand,0.6,0.4,16
1666,1666,16,50,Exo84_Sec9_b,121,77.29505170057317,75.7258703037154,83.28048487991072,72.95472901260402,24.75627861590852,133.0,0.7371338275155372,1.2989533872777,[33756.2009439  56300.03142416],[33746.75 56337.27],[33762.84818182 56323.87859504],[ 3.13168718 -6.99448224],37.36294632420138,19.748161102127767,7.663566163383524,0.337631442121684,0.75,0.4797451262749662,0.3108672709962402,-0.0577607346133663,-0.550319400852808,12.763205682158071,19.86394431393127,0.1084597920532659,0.4450986131490042,0.6678423574169815,0.3203941160907809,-0.0508944740488283,57.48182733648398,19.73953605019468,[-10.32178933 -16.48948334],19.453595959383392,54.78190252103518,19.2649144813168,[-13.63647312 -16.14070311],21.129971509426483,26.95150101765182,0.3736683141726238,0.3944035904236884,0.6333202436901222,0.2270517472932671,0.9109924633632844,0.75,0.3585101685212536,Sec9_GFP,160050,3.713945863338524,0.488486097905453,59,[33766.09835472 56325.5798488 ],Spot,0.42,0.58,16
1667,1667,16,53,Exo84_Sec9_b,48,54.551267959151616,49.20828501910599,48.03544760512133,47.03731798145519,10.881100600390182,60.0,0.7260835528950119,-0.5072419770634019,[17943.60850259 46467.26052339],[17930.72 46489.91],[17933.114  46470.1352],[-0.80846191 -4.70920477],1.5038193806972238e-16,23.11465326277056,4.778097973077582,0.953977645153785,0.5,1.4367517432427437,0.4419880263015381,-0.4032940866347231,-0.9564739625990784,4.9576088186895,15.00025597322307,0.0940556532114164,0.2598738780423841,0.4067519544604825,0.5844015796384913,2.610901830642375,32.10927953792408,12.982409599995938,[ 8.06168614 -0.17564187],8.063599286962447,31.1265752402912,12.49735656154484,[12.31052795  0.02295316],12.310549350956476,15.256387430824306,0.3534390213308665,0.137232392978732,0.3735406786463324,0.5015401795543468,2.971975875869552,0.75,1.342665493278723,Sec9_GFP,160053,6.609351002765076,1.3113738825061698,30,[17936.10481281 46469.53070057],Ring_Rand,0.58,0.42,16
1668,1668,16,55,Exo84_Sec9_b,43,76.48574313257386,76.48574313257386,76.86582647347821,78.63344981263891,5.4532510855834975,47.0,0.5990835722075398,0.2618686915925522,[18521.78545247 47444.93520646],[18532.28 47460.61],[18527.0527907  47446.34697674],[18.77699361  0.13721146],3.857551555898836e-18,33.24435594339324,18.77749493886441,2.43717094968032,0.3125,1.4724272709705184,1.1289768612489817,-2.6319503504001296,-0.9565477589822472,4.535684663907414,16.32403225950779,0.1159146662996977,0.2134733319026991,0.3990264149405565,0.5875373751960733,1.2805738477264528,58.8016590543917,22.392577733869192,[-10.98254521 -18.76938402],21.74640374038076,52.4631770821209,21.482949258195543,[-10.09894308 -11.27760504],15.138461836212969,26.86941460518977,0.3752765928786791,0.2907880341136609,0.3134929059912592,0.5456745728461109,0.9982136603429091,0.3125,1.740628136769785,Sec9_GFP,160055,15.98159867574342,2.5799115492659603,34,[18526.09014258 47444.36702723],Spot,0.34,0.66,16
1669,1669,16,56,Exo84_Sec9_b,134,65.42215886882252,65.42215886882252,66.26268500581105,65.68198049281679,7.514766182417248,135.0,0.5754628262993323,-0.7785892889539682,[22738.86034998 41494.4912446 ],[22734.81 41511.38],[22744.21014925 41489.21380597],[-19.40519483   9.92386785],1.2481069345303393e-17,14.881277844261673,21.79552108574937,0.7364634288634782,0.8125,1.0307163971038793,0.3414316082725267,-0.2404377852019998,-0.9561979525407112,13.923497107808808,14.207538216919737,0.1857096635629595,0.0333605339360522,0.4754538458626247,0.4900580749967077,-1.0386322860065405,49.68543772023308,16.46534978127313,[-10.28073552  15.61915843],18.698974112121395,45.95176694967898,16.076514466624882,[-6.47324845 14.70962216],16.070965415268404,24.464147620393923,0.396570264666001,0.1190242926983741,0.4331954381690763,0.4095365870136616,-1.0156072523713833,0.8125,0.9453852717022824,Sec9_GFP,160056,8.525180537393274,0.4572720390564526,61,[22741.58080346 41493.32150583],Ring_Rand,0.74,0.26,16
1670,1670,16,57,Exo84_Sec9_b,67,75.95347321838477,73.52292473674667,73.71371466476698,67.59837783631195,3.78579971827159,70.0,0.5607517223193766,-1.0237101370448003,[24623.55689216 57938.1232392 ],[24620.67 57931.48],[24625.52626866 57934.89      ],[-8.95009876 -3.63540404],19.31664260840408,29.80868452066237,9.660250017944865,0.8569822851943325,0.4375,0.862089250368519,0.5506363913529142,-0.4160200838978395,-0.881612100112054,6.961748553904403,16.069407717839393,0.0351321333694158,0.0745181446948448,0.536368347009818,0.4623973861950956,-2.3786302712562835,52.57310939107949,21.96658257620976,[4.37454045 8.82203315],9.84707434077409,46.94027050215393,21.379211183982,[1.55843433 3.09869392],3.468518640782829,18.82721534484093,0.2210518818718937,0.0497639674671084,0.5119429343118399,0.4391931312090544,-2.095408753953656,0.4375,0.8578947022668129,Sec9_GFP,160057,7.014702323561016,1.2688477520614088,51,[24626.37067183 57935.23720212],Ring_Rand,0.51,0.49,16
1671,1671,16,58,Exo84_Sec9_b,215,75.30061634233739,73.27761501926591,73.38553132869701,69.24124238491858,2.841685462376216,216.0,0.6386958001303434,0.6248955315342398,[33275.65937072 40653.88036904],[33252.75 40651.86],[33277.96404651 40655.5427907 ],[-1.08169175  1.25366977],26.618288415101937,27.137486477249805,1.6558215263187943,0.4054254271937623,1.0,1.1430079788803789,0.3008437571184875,-0.0989071121927818,-0.8109153756926436,22.46746124214603,18.705477768376483,0.0110573144890266,0.2175920376505256,0.4665767676323258,0.533300968163965,2.9466687778798915,51.739686160101634,20.876380376227164,[4.73149528 1.15432868],4.870269219533571,47.463980672150655,20.43632489307532,[4.09637916 0.0493051 ],4.096675874237886,18.265232780650194,0.0816284056708925,0.1949891100917839,0.4649494669829335,0.5283873364046947,-2.838171219779771,1.0,1.136440353041828,Sec9_GFP,160058,5.944703698106205,0.3754864123049776,99,[33278.30777078 40658.0395992 ],Ring_Rand,0.6,0.4,16
1672,1672,16,59,Exo84_Sec9_b,125,53.25099110824739,49.61277844155999,49.41812220869711,42.52994851535776,5.305447712416505,128.0,0.6120577166534164,0.0765087773692817,[36788.42792428 47132.73875667],[36777.61 47129.65],[36783.21428571 47131.75603175],[ 3.64319872 -3.82727767],15.459930255913305,19.17387138877253,5.284027940678073,0.3651804344604502,0.8125,1.592545678181024,0.2521589345534672,-0.0783649381113459,-0.8510203263295016,13.079648798244635,10.358897753520504,0.0153930692520493,0.2289095810897336,0.3856298702210149,0.6141331831979865,0.8752879044888665,35.48300025994663,14.77637638119532,[ 8.60073695 -1.12083718],8.673462522992967,32.843984457538554,14.253218802482849,[10.09102283  2.19721794],10.327463798536442,13.717348317429302,0.2566184827042191,0.2271546102411533,0.3211856720168551,0.6129612823177292,3.0724429569998595,0.875,1.9084328340946728,Sec9_GFP,160059,4.082841377532366,1.4466164832212822,49,[36784.95264559 47124.76790467],Spot,0.34,0.66,16
1673,1673,16,60,Exo84_Sec9_b,74,69.06874576704938,66.55372966116067,66.73118856404727,69.33852701612574,3.4738524283043906,74.0,0.6471521149047003,1.2496350716343865,[36295.99530558 41467.27011878],[36310.03 41457.48],[36297.09189189 41470.56635135],[-9.92741976 12.07579199],8.273107615086986e-25,30.51527477288107,15.63260743407572,1.743300613507967,0.6875,0.6897170911587217,0.8075484816160178,-1.3466302002923405,-0.9565495287505372,7.700115824773053,13.738333567468208,0.1351661572572871,0.2023713069580236,0.581002651313113,0.4007274586191853,-0.8771458590703568,48.77008024180817,17.737548452121757,[-4.50827993 12.72741599],13.50228520448398,46.66848769996625,17.35557883206093,[-6.2497714  15.38568013],16.606588922468838,21.005497340375605,0.3346129918638245,0.1677576922304749,0.5186210256977069,0.3694131199782333,-1.1304491906770762,0.6875,0.7122987724634913,Sec9_GFP,160060,14.996438915630495,0.6776372964961977,43,[36296.47446339 41475.22039387],Ring_Rand,0.53,0.47,16
1674,1674,16,62,Exo84_Sec9_b,98,78.42051422204213,76.58500003131121,79.2968491649123,72.31988256811148,14.685965424616104,102.0,0.7043434486571852,-0.9821473625119136,[39943.23497929 49647.49092854],[39938.78 49649.42],[39951.38918367 49635.27673469],[ 9.28899155 -0.55821713],44.466058482381406,16.064577252084153,9.305749317603716,0.2678788879444365,0.6875,0.8081095412480566,0.2589408851254912,-0.0259020479323098,-0.3734177752260394,10.231660753465563,26.50379013448117,0.0669027605409273,0.2849751110242311,0.5505883343466226,0.4449356862853807,-1.7374335133168446,56.17167746288532,17.378056287820915,[-3.17021584 16.63002637],16.92950222314265,53.61017018105728,17.167805944643753,[-3.29021979 17.02403857],17.339072507039656,27.495472884609715,0.3052858569566881,0.2913483843911297,0.5395214648674947,0.3672790806747259,-1.3284101984592456,0.5625,0.6807497098654431,Sec9_GFP,160062,2.651865694831113,0.5469577894295009,54,[39945.56401888 49638.56636683],Ring_Rand,0.53,0.47,16
1675,1675,16,63,Exo84_Sec9_b,71,64.40213141609856,62.264404003855056,60.61897050804284,57.92032757861732,0.1668435501243493,73.0,0.6313906624156139,-1.023476918144655,[25720.12430867 49249.61435426],[25706.55 49238.94],[25720.19513889 49249.76541667],[ 0.68512876 -6.35125151],35.91221930262012,13.20054630558271,6.3880980906401685,0.1835066097900794,0.75,1.0693615368884393,0.1771563491913166,-0.0123640352800876,-0.3803223097426344,7.383672708686489,21.32881415615424,0.0480597862901367,0.3110596259064918,0.4821246742808928,0.5155655826608537,0.2154753777168329,42.29399819495527,12.765329065221565,[-2.11449656 -2.59237803],3.3453728550045216,40.70703130554874,12.432802969571451,[-5.88449764 -0.85569743],5.946388028764857,21.54184681775002,0.0743360148439324,0.3193610515724836,0.4790106179579655,0.5154635389391574,0.506892526829875,0.875,1.0761004445717544,Sec9_GFP,160063,1.5462541784590405,0.2354878923365921,36,[25725.67979744 49248.52325986],Ring_Rand,0.51,0.49,16
1676,1676,16,64,Exo84_Sec9_b,38,61.365445217742746,58.361991409570805,62.56398247075956,54.20328952441312,16.101239990764682,41.0,0.7332973405287537,0.0907622289332513,[24605.34477059 49084.97298959],[24626.47 49088.55],[24621.37973684 49086.43236842],[12.24448654 -2.33357125],2.5075596713048203e-30,15.639495266253313,12.464870859403137,0.9229871352902924,0.3125,1.7889535317567578,0.427392168113016,-0.3774016475704612,-0.9567127998552468,4.008279470429808,5.925290610895326,0.1825243111384089,0.3478758867414267,0.3466120409810255,0.6200728348624237,1.6626475576276205,44.52062284408088,18.12666644970264,[-10.45344098 -11.61869451],15.6290911578149,45.66387320132413,17.019917357669698,[-18.90079003 -16.72751241],25.23984023458281,12.985676797714168,0.4549757202077604,0.426755204073544,0.22271521643184,0.5702818775895897,0.8930201719734729,0.3125,2.5605878517246223,Sec9_GFP,160064,5.6896748213437,1.986008442193196,27,[24622.86701123 49082.18397678],Ring_Rand,0.51,0.49,16
1677,1677,16,65,Exo84_Sec9_b,37,66.34425975737052,63.09729140474265,63.30192183002642,57.335829916169374,3.632697651100989,39.0,0.6357427385805275,-0.9251985580894926,[35570.01780649 48307.35158182],[35576.59 48301.36],[35572.20351351 48304.45      ],[ 4.60164709 -2.43609043],35.57799255261269,14.771548800658914,5.206696891468024,0.219530976101721,0.4375,0.7860259963265575,0.2096340192193564,-0.0199063669039621,-0.4325481263514609,3.902798431734287,21.78008751916235,0.009765167197339,0.2264592705725826,0.5598488731777593,0.4400557683318488,-1.5339059506402404,45.26732163113132,15.930185169575475,[3.1665909  2.80068436],4.227426026771106,42.31864178432835,15.553877814530372,[-0.01735793  1.2373276 ],1.2374493509918896,22.480959710154853,0.0754211076483491,0.2222830421434863,0.5620323582340369,0.4322792982870592,-2.202804506143558,0.4375,0.7691359615758157,Sec9_GFP,160065,1.3353547956713423,0.3333945463388051,29,[35576.73585374 48307.15560581],Spot,0.39,0.61,16
1678,1678,16,66,Exo84_Sec9_b,82,73.12795203075892,73.12795203075892,73.66321708463666,73.67778856338646,6.331496544462217,86.0,0.5685861232048353,-0.3103687088736128,[17758.83276463 61527.16666508],[17753.23 61524.64],[17752.80378049 61529.10036585],[ 7.01183023 -2.670233  ],12.750247169972058,29.037357723631768,7.503059868236236,0.907987899039462,0.5,1.016126608943556,0.5268338395103838,-0.4371085926044377,-0.9137673171393564,8.543964134337223,13.7959001919732,0.0538270171778215,0.0376746419970426,0.4945635099495151,0.5025391422722233,2.251714343051097,53.10599397217641,22.37025246895937,[  1.78806839 -15.08497335],15.190576339661504,47.612591740235786,21.800939075219308,[  2.41961612 -11.78874146],12.03449074212628,22.3776080023798,0.2793832059181899,0.1007934607081177,0.4474003553711362,0.4745446688797382,1.7692082549804282,0.5625,1.060671193446158,Sec9_GFP,160066,8.222180126570562,2.4645279499719672,55,[17752.34472429 61526.13503388],Spot,0.44,0.56,16
1679,1679,16,67,Exo84_Sec9_b,40,58.78547532297678,44.84629305589239,49.337978427023806,38.99587223462041,14.691489178785067,48.0,0.7054243759430736,1.3987321464344509,[18970.75182594 61494.49520351],[18976.28 61514.09],[18973.26725 61508.96975],[3.68936383 7.4563104 ],2.46294988136918e-19,20.834353740041216,8.319132780706004,1.0024465485137752,0.5,0.6704700679260006,0.4644397398075501,-0.4453133109059413,-0.956478206264098,4.219241547820851,8.559128696124015,0.1017157791742491,0.209561510141007,0.5924403670972066,0.3972135331697689,0.9897455192835642,34.426936645684954,14.028425167747798,[-9.18271599 -8.64721611],12.613350840702893,32.607335284717,13.08801446304238,[ -4.58858401 -13.68802347],14.436657842920152,18.36599315210469,0.4154532432059777,0.2111487991344617,0.5140696913039291,0.3133289114057055,0.88911876718789,0.5,0.6095066811096216,Sec9_GFP,160067,6.340028651756018,0.5826781727716736,25,[18966.14598585 61508.48862506],Ring_Rand,0.51,0.49,16
1680,1680,16,68,Exo84_Sec9_b,124,64.57676592231563,61.33973449124823,59.42401637026853,53.15551997952924,2.8938211781846404,131.0,0.6430250927943792,-0.2100170750561903,[25724.19166487 51815.64723674],[25718.71 51813.41],[25726.9215873  51816.60730159],[ 0.44535612 -4.86243946],4.48348338862126e-23,23.71361296672645,4.88279219504362,0.7964848688451214,0.8125,1.2061783014791334,0.3689629136131908,-0.2811018453345875,-0.9565406958043564,12.763205682158071,7.697115679673465,0.0782025913553593,0.0874418925078098,0.4505004668203637,0.543383887884943,-3.022424983857162,44.183266281833134,20.080067103412155,[16.67962078  2.6080692 ],16.882291740212302,39.36138811697886,18.880485732127887,[15.05423715 -8.00719854],17.051254635767993,11.676728115173711,0.4165925752828834,0.1326510927600181,0.3843458245048508,0.4421048017143244,-2.965709578126874,0.875,1.1502786644915006,Sec9_GFP,160068,8.869280136578421,1.252489037420243,65,[25730.7668613  51824.82860482],Ring_Rand,0.51,0.49,16
1681,1681,16,70,Exo84_Sec9_b,91,69.86735887871,69.86735887871,71.37761760006225,64.8234333848135,10.432397966600112,88.0,0.6810693159047229,0.370101075223294,[33910.81320222 61197.66507225],[33916.91 61186.66],[33920.53923077 61201.43857143],[ 1.65928877 -2.41970231],24.02666001057602,25.919879132916098,2.933973161636322,0.6143813816852549,0.8125,1.53652025008661,0.4462988485667944,-0.2259365131921351,-0.8239912681000271,9.493293482596911,17.465360665328845,0.0422634174251572,0.2569583113530385,0.3935366979678016,0.6046771055797453,1.2746681284908086,49.699883838414216,19.96563304439285,[-7.81833758 -2.82899183],8.314421041543438,46.33376552546077,19.482463189639944,[-9.73878398 -5.52538475],11.197043811382471,17.535085521388652,0.1842775774997588,0.2470577876833733,0.3823552192994309,0.5836865551313895,0.5564734995388178,0.75,1.5265557410223067,Sec9_GFP,160070,5.860824846102718,0.7459990387681721,51,[33921.06370535 61202.46790187],Ring_Rand,0.84,0.16,16
1682,1682,16,71,Exo84_Sec9_b,51,70.69964924608367,67.86559997861043,68.47562179823751,64.36874888520357,6.514157274669831,49.0,0.5311482877845622,0.9826013414627554,[16627.53672949 61308.98941231],[16631.92 61318.31],[16631.15117647 61314.40882353],[1.96020817 2.48931373],16.913031812210672,26.5088442310206,3.168453709801836,0.9186330639498542,0.4375,0.8663898487575871,0.587466424071203,-0.4767128596872421,-0.8833478263165778,5.379532973471584,15.229500580851424,0.0780700621355151,0.1406815873455512,0.5325281135984407,0.4613769517997161,0.2434186830712827,49.67814117257402,20.8810471161814,[-10.77737205  -1.37796533],10.865106380505685,45.746391724460935,20.118165094550417,[-9.51782259 -7.55094712],12.149310651666376,17.01655607240901,0.2236749715735264,0.15997283960261,0.5269097344183483,0.4230597726732339,0.3097807557550613,0.375,0.8029074906734195,Sec9_GFP,160071,6.560352278290911,2.414537647009582,36,[16627.39464667 61314.77421131],Ring_Rand,0.61,0.39,16
1683,1683,16,73,Exo84_Sec9_b,105,70.22704909492761,67.81701702145918,68.42423574360451,59.37054761196739,6.49679039310763,110.0,0.6730821100543203,-0.7358387315514708,[19627.10186315 44777.87062839],[19630.31 44790.31],[19622.286      44782.23133333],[-1.2850271  -1.03092185],33.53601932577649,14.261353753855184,1.6474509094924426,0.1558987815582057,0.875,1.1105091627213486,0.1484821235023877,-0.0102670867743227,-0.4435374973926965,10.970028024334212,20.91811903848496,0.0271487339331284,0.3116680168970364,0.4734700819575458,0.5257928642882825,2.772960801560131,48.98729445553908,19.06219547641388,[10.42655851 -2.29133773],10.675361869227697,44.37681806125919,18.43385194746015,[ 4.81994167 -1.57023159],5.0692667039479975,18.529275964083947,0.2092858863418811,0.2646166342900611,0.4554853731930133,0.5007140445850798,2.73284439822771,0.5625,1.0992977470934082,Sec9_GFP,160073,1.5974871391000238,1.0651953635143478,57,[19624.56068425 44782.99960997],Ring_Rand,0.75,0.25,16
1684,1684,16,74,Exo84_Sec9_b,94,79.01636277519897,79.01636277519897,79.07172094788766,72.88333167185341,2.1130628025406333,99.0,0.5952995258244634,1.428296633978438,[19338.41246042 44663.9228231 ],[19343.2  44680.94],[19338.71255319 44666.01446809],[ 1.919102   -5.32272822],35.36661121810275,22.93439385857938,5.658125853455463,0.3628112820516513,0.875,0.8990293195649663,0.3170613996578555,-0.0748671840603621,-0.6508296688800915,9.915217637379,22.27266595905925,0.0405526791333226,0.0577667820728561,0.5257188343167947,0.4726366458983151,-2.710641491706837,57.04160582240636,21.83992882379249,[7.30761688 3.85236034],8.260868276742372,52.49376150941474,21.34010167245017,[4.60660857 2.06669926],5.048969038823279,21.20932736160903,0.1327870462210229,0.045802366021915,0.5086227206679775,0.4737448796879185,-2.6753933350686787,0.75,0.93142689155873,Sec9_GFP,160074,3.517585888090369,0.5204370252458833,60,[19338.70089209 44665.99687498],Ring_Rand,0.55,0.45,16
1685,1685,16,75,Exo84_Sec9_b,39,60.12304848366541,60.12304848366541,60.4437486769504,55.77283640345309,4.441559017586541,40.0,0.5060407726566405,-0.9906048984669444,[33333.16238768 64067.33421939],[33311.72 64062.68],[33335.59717949 64063.61948718],[-4.57976698 -1.19886693],33.31965497040339,13.154913086786625,4.7340836000148085,0.1734387412557193,0.5,0.7084683521938866,0.1664432985621266,-0.0118426526522111,-0.4102386407365373,4.008279470429808,20.43630079505182,0.0335011766288923,0.1718993360159286,0.5846626716156587,0.4142149995488211,-2.7807789714519013,41.15168888234249,12.676232957744393,[ 3.90544175 -2.98144783],4.913400696031146,39.170893308628905,12.40747304502018,[ 2.01883653 -4.88113338],5.282155244688202,19.20693282796137,0.0838355604490898,0.1451604653730797,0.5659262487138558,0.4270453500903313,2.7345263265686928,0.4375,0.7545954107286063,Sec9_GFP,160075,1.0831245919867052,0.1697780180205728,28,[33339.87514528 64063.60760636],Spot,0.44,0.56,16
1686,1686,16,76,Exo84_Sec9_b,38,79.76283902184936,79.76283902184936,84.06877627541307,73.43808091615115,18.971631017913587,39.0,0.6455352989621552,1.3563577974346737,[19839.94003602 43655.97315795],[19842.92 43636.69],[19835.90289474 43637.43605263],[1.65201174 5.7133108 ],36.37447147714001,28.07244106919651,5.947357656167076,0.9222160392754032,0.3125,0.4317170651700619,0.7601997220850496,-0.5080372373248734,-0.7246614655094161,4.008279470429808,20.05033113212489,0.1241290670976153,0.4216912865180755,0.687700104059683,0.2968918706417925,3.0600667074596672,57.72696979628682,20.866421596404965,[ 9.14720484 -1.66040547],9.296682347202731,54.06476092846911,20.518736299246456,[ 9.38627339 -3.15278396],9.90162485561584,23.65844031950186,0.1755057406874924,0.4752478071119395,0.705551683070344,0.2636460519153907,2.956429021356953,0.3125,0.3736736205745894,Sec9_GFP,160076,5.684921466271883,2.408374970827248,31,[19836.37995825 43634.09498886],Spot,0.38,0.62,16
1687,1687,16,77,Exo84_Sec9_b,46,50.81298295273741,48.72435161474015,39.82460861561564,50.51006362237308,8.67389820932216,54.0,0.5935180557603004,-0.0815276976915288,[25496.31649484 58604.7678    ],[25479.89 58621.12],[25490.0394 58598.7816],[10.29644054 -2.98399074],16.62471811104557,11.057653975220868,10.720116072436872,0.1562033926441486,0.4375,1.225496816859826,0.1354451795390597,-0.0140148297901819,-0.6624205732405137,4.852127779993978,7.630876311251605,0.0724129447604013,0.1159458155196398,0.4469817066890831,0.5477746587420439,1.2578558013779864,30.4074200608284,11.342844007629708,[13.07874126  6.71511609],14.701913381348104,27.749453981304725,10.651749935384464,[ 9.82662083 11.47638677],15.108604508889991,12.110303049905289,0.4262181941135453,0.1322225058516123,0.3091357834942109,0.5092022675123772,-2.952025568941845,0.75,1.6471799600705652,Sec9_GFP,160077,1.0594229533962982,0.4441719630732772,22,[25497.77083334 58592.86528211],Spot,0.46,0.54,16
1688,1688,16,78,Exo84_Sec9_b,42,65.21584702634793,61.99228833402508,63.24179393509684,61.99125839860149,8.935160061612496,42.0,0.7121689329056254,1.1647860939683432,[19650.53298951 46657.2812338 ],[19635.53 46666.22],[19654.06190476 46665.49      ],[-6.12402109  2.40140083],27.717521568149884,15.19371585485156,6.578021000795975,0.2509019463878167,0.4375,0.777520456324636,0.2292214842719584,-0.0327087631858738,-0.568728211437606,4.324722586516372,17.03727776252113,0.1196326203122518,0.1633031507160307,0.5545297848190863,0.4311582513381382,0.1238107525477796,44.01713307523085,16.118694640173377,[-9.33868762 -4.85135336],10.52362655503801,40.45507162552238,15.770558287180464,[-6.79172347 -4.51504818],8.155560540039426,17.618035242589276,0.2606849933992453,0.1994252461498948,0.5375833812566047,0.3944599529598308,0.2978138668986897,0.25,0.7337651547891567,Sec9_GFP,160078,1.626030455265271,0.4299727855954057,28,[19647.83800008 46660.19146766],Ring_Rand,0.5,0.5,16
1689,1689,16,79,Exo84_Sec9_b,87,67.03601528653552,67.03601528653552,67.03817543301548,60.24138922591448,0.38440245912472,87.0,0.6037447662108086,-0.5885149868690254,[23560.75406022 48659.90201266],[23543.97 48669.22],[23561.0737931  48659.68862069],[ 0.67641493 -3.03423341],30.14127972506133,20.02060875515169,3.108715098031776,0.2678591913499168,0.8125,1.2027921557513492,0.2323577301006602,-0.0411912782539068,-0.6618225957884213,9.071369327814828,19.96325385772264,0.083266910528152,0.1327752683671646,0.4508217532091093,0.5422448684019874,-0.2109601116998944,48.39021866221828,17.458133226094827,[-9.68865355  7.48005815],12.240150226369469,45.05525544456778,17.12444697925504,[-9.8171978   5.53202729],11.26857127723528,20.325955454719715,0.2548101674167083,0.066990521041002,0.4210621135506223,0.5140096650304466,-0.5006519504796875,0.6875,1.2207454636467778,Sec9_GFP,160079,2.498424210574524,0.5879107936789201,54,[23559.92904576 48659.69394054],Ring_Rand,0.65,0.35,16
1690,1690,16,81,Exo84_Sec9_b,54,64.22089668316512,58.45156878318289,56.62198433477513,54.43465599463334,2.866942847539821,60.0,0.6497984793561419,0.0678462454710547,[26499.82437653 39571.51748181],[26490.12 39571.73],[26502.27218182 39573.01      ],[-3.17230218  0.2422944 ],25.64010811539442,19.20214126824128,3.1815417189904767,0.4188525698891731,0.625,2.066296889303627,0.3490105532828353,-0.1042237970380736,-0.7129632548781271,5.695976089558148,17.10922800072686,0.0816377769209121,0.3549641415408363,0.3239527381854414,0.66938253519397,1.751432590066858,42.63173689256467,14.013518787382932,[13.81063582 -6.97034148],15.469949005128653,40.0701997348671,13.792746552764855,[12.40153085 -7.95569227],14.734008512545524,19.804889022462973,0.3449318049524768,0.2527298082252301,0.2964240691075374,0.584597980824689,2.680359422434518,0.5,1.972167721011235,Sec9_GFP,160081,3.0779252210457115,0.3749463783156412,35,[26505.61498698 39571.51714449],Ring_Rand,0.55,0.45,16
1691,1691,16,82,Exo84_Sec9_b,68,78.75346994385264,78.75346994385264,80.51749231526176,73.98788293826945,11.972705790661582,69.0,0.7613297253469447,0.4077345797679517,[23159.48909295 52152.37069057],[23155.02 52147.75],[23170.48029412 52157.11823529],[-2.80388873 -2.45266654],42.94636241192912,15.830221172882991,3.725233573571801,0.2489891808124973,0.5625,1.8014760829800809,0.2403219782301526,-0.0228249503138629,-0.3814484673051496,7.172710631295446,25.88060441770096,0.0678006434619356,0.3599899544688288,0.3553137857551451,0.6400892869910024,-0.6548005814200284,57.76119951531896,17.354867386552762,[-12.8485532   2.6323961],13.115442368891166,54.366054226319136,16.970110490891635,[-8.40571823  2.94194877],8.905681418390095,28.431873700198228,0.2116197273206586,0.3129846392316199,0.3550036762695955,0.6002134147391345,-0.2160238393056834,0.625,1.6907245047325163,Sec9_GFP,160082,2.053217384251881,0.2876581783145506,43,[23170.5298439  52156.70729352],Ring_Rand,0.67,0.33,16
1692,1692,16,84,Exo84_Sec9_b,128,73.05341096961129,70.90226528299033,71.99667319683836,62.16903339022025,8.932562797953844,132.0,0.6102887628322499,-0.750549794269194,[35836.33352383 60291.46512651],[35841.67 60313.14],[35829.80101562 60297.5575    ],[ 0.24559    -1.16030767],12.57215131859457,31.98489188582939,1.1860136299423858,0.9531223675137256,0.9375,0.9476871478453563,0.5403408334990861,-0.4736507748284682,-0.9196907154960514,13.185129836940158,17.314052504766863,0.0101489607409889,0.1806713555375206,0.5133765962885886,0.4865204023072894,2.274142517025474,48.93073523718842,20.97864387630747,[-0.3532153  -5.50189497],5.513221319267664,44.51422032711931,20.48788051304358,[ 0.03613886 -6.17559353],6.175699265660152,13.857170929461448,0.1068214172689159,0.1880625526470072,0.5013289442986877,0.4872602405139725,1.6592996570677847,0.9375,0.971937180279116,Sec9_GFP,160084,10.783348629912512,0.9931533264130628,77,[35831.06634328 60293.67310173],Ring_Rand,0.6,0.4,16
1693,1693,16,86,Exo84_Sec9_b,68,65.37821161734222,65.37821161734222,66.17359151685496,66.89987695099244,7.306471130879444,73.0,0.6137244693980056,1.2542059722917334,[20976.07397508 55630.21173983],[20969.02 55632.78],[20973.79926471 55623.26838235],[ 3.75031859 -4.02213983],31.83973366665388,16.50816087641423,5.499317991382177,0.2102325574797617,0.625,0.7642089407269412,0.1943132982542588,-0.0220837140329205,-0.5405920040110167,7.172710631295446,19.27247721117128,0.1071896709436968,0.1575830299407943,0.560313663321345,0.428196711121637,-1.3722690361632974,50.4063887481045,17.698371024161116,[ 4.11260019 18.52349469],18.97454441256605,45.30091274170218,16.90253040906332,[-0.6194754  12.51853791],12.533855799712091,23.04168908810291,0.3591865713535904,0.0938701170484916,0.4796301392474737,0.3913548677117784,-1.728398264238972,0.6875,0.8159513668715717,Sec9_GFP,160086,1.733622080865588,0.3159142298494357,43,[20976.54866663 55626.91133599],Ring_Rand,0.54,0.46,16
1694,1694,16,87,Exo84_Sec9_b,52,55.4313105212883,53.41280027605612,53.920386996695285,53.18211595157657,5.272227027384291,52.0,0.6688494368197861,0.6427185458678843,[23242.76256353 59940.30214995],[23244.16 59949.04],[23238.54230769 59937.14211538],[10.46228771 -7.91939384],9.304860475818886,20.064176915414745,13.12159529005467,0.6488175913068392,0.5625,1.5323835862011883,0.3811800976905805,-0.2251235970952438,-0.9102657164080556,5.379532973471584,12.358435412160228,0.1031390391241826,0.2930544745887377,0.3906842328308864,0.5986781057776538,2.365676240170404,38.43077847816386,14.36098526152873,[ 8.30577888 -3.39651256],8.973419654313124,35.624225149025754,14.105149171809266,[ 7.72573862 -3.61115205],8.528039417654512,18.10127522878837,0.2894577165015632,0.248807984867065,0.374813785093425,0.5414004452642758,2.716197556070306,0.5625,1.4444517965883454,Sec9_GFP,160087,4.678690187759695,0.8870569999894447,32,[23245.87168834 59932.32413225],Spot,0.48,0.52,16
1695,1695,16,89,Exo84_Sec9_b,64,65.21718138048303,65.21718138048303,94.49457408590943,63.54493460697449,48.84348067365727,66.0,0.7734704969016397,-1.037994501285215,[26579.07123684 55598.92778505],[26540.86 55627.81],[26554.26125   55641.0009375],[11.64610038 20.79439166],5.40963149481346e-10,25.36783599957673,23.833555728354096,1.8064969345273096,0.5,0.9292103984824917,0.836753611741151,-1.445967366022748,-0.9565852212039762,6.539824399122318,19.17826042646864,0.1933816461039627,0.2745824825892277,0.4989624458313627,0.4636410931187592,0.6013042880818866,47.02140471292088,15.75574515480474,[-10.93166331  -7.92460428],13.501874529589472,44.01604882646354,15.476587114744625,[-11.13231687  -5.56321365],12.444991960049324,20.28535807180592,0.3593740419704317,0.3997838917605581,0.469612768577097,0.4012375293807374,0.5839864703037132,0.5625,0.8544008089824024,Sec9_GFP,160089,14.45197547621848,1.0198103093566202,37,[26547.86091224 55637.97092525],Ring_Rand,0.61,0.39,16
1696,1696,16,91,Exo84_Sec9_b,73,75.01261928317437,72.71307790608329,72.8243106843389,73.70891644460545,2.8739264253751955,80.0,0.5623337992523855,0.3025381241616597,[19678.04070729 57232.22674452],[19681.05 57243.89],[19680.78410959 57233.0830137 ],[-7.90109347  1.12785802],33.7448471703458,18.936902739924463,7.9811867336205,0.3152074546179873,0.625,1.1996848349158509,0.2864261831201805,-0.0524180496331521,-0.5805928217833731,7.48915374738201,17.277107814154625,0.0504379862880438,0.0969275701366436,0.4534540556476423,0.5440019538915648,1.3350119207311002,49.90106968640523,18.44612465740846,[ 1.32932306 -8.15185464],8.259529884974427,46.91691551198348,18.024466316912985,[  3.36268962 -10.53024509],11.0541278772465,20.474601205560035,0.1445924275982054,0.1245889872025243,0.4413635683707002,0.5377294615105576,1.637050174242497,0.625,1.2183367637152145,Sec9_GFP,160091,2.693133672808089,0.5104902041161449,45,[19678.34395513 57235.2232034 ],Ring_Rand,0.7,0.3,16
1697,1697,16,92,Exo84_Sec9_b,60,55.66538063456589,53.8911475715325,56.082025543844026,47.84054050541624,11.087265229406055,61.0,0.6934668402710796,0.5573179849712029,[16796.42749621 48181.39831305],[16767.62 48197.41],[16805.837  48187.2625],[-16.32975653   9.13682335],5e-324,20.29274992705575,18.712094735946827,1.1060986930538097,0.75,1.4658647835027083,0.5123513960796104,-0.542099879355217,-0.9565716544576036,6.328862321731276,11.382611886775322,0.1405119968918778,0.2865012840775239,0.3975304669127168,0.5827259118167402,-0.8788949188941527,40.24821762200151,13.117469554929256,[-11.0624682   3.9721106],11.75397232137048,38.59901260941828,12.867772919810108,[-11.7710024    5.92821227],13.179537098676226,20.23354771468252,0.3230145783844684,0.3039023760598131,0.358388785160413,0.5372727969906912,-0.4073997554277389,0.875,1.499133955182807,Sec9_GFP,160092,8.56780363491839,0.3998501424431214,31,[16802.92357362 48186.57049466],Ring_Rand,0.53,0.47,16
1698,1698,16,93,Exo84_Sec9_b,82,67.20260987756117,67.20260987756117,67.45817852705768,65.88462696213529,4.190311701956357,87.0,0.5390268266545464,-1.1741288324465635,[36321.2601328  54322.84822158],[36324.97 54313.12],[36319.64121951 54326.71317073],[-6.59956455 -7.21798468],36.368136738700606,20.301985196348635,9.780263550125776,0.2636766036981134,0.875,0.842566631976778,0.2398957227101394,-0.0365569514102352,-0.5779308406603167,8.649445173032744,23.37190150125097,0.0784087665793586,0.0955716113623306,0.539384599761942,0.4544674655615618,0.846698460405617,48.26015630509095,17.284170437769145,[ 0.20965914 -4.98194371],4.986353385373503,46.2223620856504,16.47085564390911,[-5.17231923 -8.76721108],10.179237515616467,25.5901630968246,0.1460038633624723,0.0658817301963055,0.5300234027691336,0.4486594691140988,1.2306878709017486,0.9375,0.8464899224639046,Sec9_GFP,160093,2.387693198402446,0.4654384019848128,51,[36322.19776296 54327.72495167],Ring_Rand,0.76,0.24,16
1699,1699,16,94,Exo84_Sec9_b,42,70.51465599985417,70.51465599985417,72.38114008509616,48.70969282171011,11.665244235847362,44.0,0.6093270067459927,1.3448023682287715,[24190.03063238 43585.6237621 ],[24190.94 43602.16],[24192.64452381 43596.99238095],[10.01559091 -0.42641467],1.8941719794310528e-12,30.35151458264645,10.024664121117016,2.284385469924658,0.5,0.6076214270206297,1.0582210314978229,-2.3123225052024137,-0.9565388822806088,4.4302036252118935,11.80583372307643,0.1288751924731206,0.2420039249336332,0.6117056965255271,0.371685488239489,1.830765915523764,60.41256081681486,22.55011286558537,[ -7.70212122 -32.45702624],33.35837561147816,51.17998590021288,21.169537253695587,[  0.43706924 -23.03156431],23.035711057298407,27.44002567315724,0.5441631116667841,0.2155114600875024,0.3856823563630738,0.3182041515380492,1.3833543316585697,0.25,0.8250420230229513,Sec9_GFP,160094,14.804509885792298,3.3344733760670944,30,[24192.67562736 43594.54638517],Ring_Rand,0.55,0.45,16
1700,1700,16,95,Exo84_Sec9_b,144,59.48798845998411,59.48798845998411,60.194305235558296,52.40385244107552,6.567297295201207,142.0,0.5898433850526285,0.5414963462378999,[28534.6391581  57321.03483934],[28531.58 57317.91],[28529.01138889 57317.64993056],[ 1.43968873 -1.16226328],31.805308105539908,16.25478899255956,1.8502863499862148,0.1541997180104726,1.0,0.9118471600898904,0.1429170760844494,-0.0117539751973699,-0.5333558562134187,15.083788533459542,19.281030742625283,0.0656843590383819,0.0903873032485829,0.5207976797323601,0.4748878852453568,-1.2997883417266916,42.56640267439924,13.81768014363556,[-0.24393805  6.30412082],6.308838651196374,40.21490856108643,13.580729403796337,[-1.79393693  5.28578526],5.5819114561942,21.60310851418776,0.1635373015683759,0.0762691264550752,0.499122471412102,0.4741330795836321,-1.4447665479808114,0.9375,0.9499333465035734,Sec9_GFP,160095,1.850396616125672,0.3530519753905355,55,[28528.01212079 57322.44920612],Spot,0.41,0.59,16
1701,1701,16,96,Exo84_Sec9_b,90,76.07803905613113,76.07803905613113,76.48917417794407,72.77247928122846,5.657113086026558,92.0,0.6707180157399822,-1.20817253166626,[19518.68692675 62249.36178266],[19529.59 62236.  ],[19520.69366667 62244.07255556],[ 7.0545539  12.25936991],24.57435419581494,23.661455820343363,14.144217235007858,0.5341973389948058,0.6875,0.7518999581692841,0.405134985435035,-0.1723402678764941,-0.7963157306964838,9.493293482596911,19.6515405079796,0.1197338872569614,0.1686420097004506,0.5626256177734856,0.4230381784688515,0.2719677587742935,56.41103227383946,19.69268123247293,[-14.83134593  -3.04004094],15.139705118136655,52.6423875431588,19.36963058549945,[-13.41244865  -3.67639576],13.907180327347271,23.731749417359296,0.2775890187042388,0.2252354524138743,0.518624144092077,0.4043201926027407,0.2211929715988646,0.4375,0.7796015615712588,Sec9_GFP,160096,5.067840933674007,0.5371511293867908,54,[19514.96781264 62243.75170926],Ring_Rand,0.66,0.34,16
1702,1702,16,98,Exo84_Sec9_b,45,56.61254347705389,56.61254347705389,67.34838171183982,57.163102251577776,26.05747611259095,46.0,0.7831172232395743,-0.0242372382224036,[23475.61462161 55424.25994387],[23483.47 55430.64],[23501.66444444 55423.62844444],[ 2.20677468 -7.92897482],30.1929964853802,17.292369998735005,8.230339978960261,0.3196979958000481,0.5,2.544071370458496,0.2890917216657898,-0.0546012441375811,-0.5907816118673239,4.7466467412984565,11.66197755602625,0.1233265866271548,0.4180697075745289,0.2778698423625404,0.7069207106683545,-0.093370327096039,49.66118580707983,11.519806974638342,[-28.82724118   0.17211543],28.82775499302718,47.286188973560286,11.427732458233164,[-27.04335856   0.19894082],27.04409028933025,26.27517947439976,0.5928062613291633,0.0304023897314615,0.135877265022235,0.5127034715067048,-0.0047942763419794,0.5625,3.773283716174341,Sec9_GFP,160098,2.1445993526380493,0.4550939391981008,27,[23499.78931517 55423.05098236],Spot,0.37,0.63,16
1703,1703,16,99,Exo84_Sec9_b,80,72.29076552119191,72.29076552119191,89.0117658594187,74.02231832085367,37.09570964915646,87.0,0.7821106781797164,0.8690365114294313,[19467.89989463 62054.41323577],[19465.17 62034.69],[19491.8475 62082.7435],[-15.0144255   20.46968908],7.533765079011934,24.549926347766664,25.3858453544041,1.2642645039177955,0.625,0.9133336175021364,0.685921219191239,-0.8063187473563947,-0.9298107752131808,8.438483095641702,21.25416682573775,0.1758154505058954,0.4161131556700684,0.5064923955230338,0.4625965318403753,-0.5557185377835931,54.60870783016999,17.69698535408254,[-17.72272615  -1.30862127],17.77097385854058,54.09314295819881,17.304963645648066,[-23.23522076  -4.3989703 ],23.647968696618616,29.423995832708663,0.3654997694266732,0.4664150678168342,0.4491963532628377,0.417213565286211,0.0565208100012933,0.5625,0.9287999830267708,Sec9_GFP,160099,11.307925489200962,3.511323296418964,40,[19486.79436507 62085.32414921],Spot,0.27,0.73,16
1704,1704,16,100,Exo84_Sec9_b,43,77.17502055353555,77.17502055353555,78.80471693822858,77.96851126912343,11.38831334099221,42.0,0.6889220620370996,1.5414810769741996,[20035.51084773 61686.15285884],[20048.38 61696.8 ],[20035.84465116 61697.53627907],[ 5.87791437 22.03316953],4.206491262608185e-35,26.593911882904663,22.803737347261155,2.471461047510001,0.25,0.514441830093519,1.1448377927938584,-2.706499491508004,-0.9565556079515488,4.535684663907414,14.60234096423146,0.1771147565877572,0.3232185395111728,0.6395956211398659,0.3290347418589936,0.5777736423002041,58.571002036364334,20.13374747631597,[-11.92665869 -15.79714684],19.79381307257693,56.58008493942359,19.73855862704589,[-10.74222872 -20.89865994],23.49786086450824,25.020377417101265,0.3709766572846062,0.2992613586019504,0.5770023854487019,0.2853739343012378,0.9470278279575522,0.4375,0.4945801637879171,Sec9_GFP,160100,16.206453884253857,4.360834584195056,31,[20037.10698168 61696.55381057],Ring_Rand,0.57,0.43,16
1705,1705,16,101,Exo84_Sec9_b,102,74.19478753716687,72.88723540300043,72.9354120540229,68.02949644173646,1.8932272950321367,107.0,0.6633949663842473,0.6205032250573348,[19737.96950077 62627.18399704],[19727.67 62601.48],[19739.50980392 62628.28480392],[ 1.21502101 -1.89194396],30.857812705132684,24.353382940897177,2.248494607819106,0.5160401835971941,0.875,1.270950424060853,0.421922820536396,-0.1596073925738673,-0.7330548408471691,10.759065946943169,19.33381109896662,0.0803401768766075,0.3239509807355253,0.4375020455985137,0.5560434103809215,-1.2072437569710437,53.08273814555576,20.01216238079083,[ 2.65286061 10.01275151],10.358226785792889,49.31475004064073,19.61126113698464,[ 0.20894793 10.29651637],10.298636248083657,25.477951668725005,0.2157121516990692,0.2711673465779794,0.4197095048532941,0.5337587627560636,-1.7652455956586568,0.6875,1.2717337982198769,Sec9_GFP,160101,5.211750382633134,0.6602491681349204,60,[19741.39165099 62631.80424391],Ring_Rand,0.79,0.21,16
1706,1706,16,102,Exo84_Sec9_b,57,65.20142452792153,65.20142452792153,70.3521078590406,59.76364555966606,18.873820002839985,65.0,0.7657941862142603,-0.7204064576151629,[22717.0178952  63258.56210846],[22703.52 63281.25],[22702.83350877 63271.01298246],[-0.07144112  2.21484414],32.44125374918988,16.534710335204338,2.215996032514598,0.2898505956624391,0.5,1.071304008140407,0.2687796593410781,-0.0414399478981899,-0.5319227979017325,6.012419205644712,21.76964647425388,0.0373401201966351,0.429116623495313,0.4821145092652226,0.5164912061584783,2.442708082155864,49.15875599081155,18.44443204889946,[  9.21596603 -12.75368675],15.7350105061944,44.505001178210286,17.86734700776161,[ 8.46636148 -7.69839002],11.443097722998344,19.81254527750476,0.3202243465550972,0.2818739668955919,0.3998348765018464,0.4976214913715146,2.301810849610659,0.4375,1.244567496775676,Sec9_GFP,160102,2.188324008216022,0.667576219107961,35,[22701.69341739 63267.63424983],Ring_Rand,0.51,0.49,16
1707,1707,16,103,Exo84_Sec9_b,43,72.7553193213317,72.7553193213317,79.23860291507117,64.83698679237384,22.42242525414541,45.0,0.7021049978049615,0.5750494247894156,[34076.27736441 39787.68264948],[34053.3  39809.64],[34095.09348837 39799.87767442],[ 2.45991793 -5.02239284],35.953330915516155,12.672751727995331,5.592461533350421,0.2354731112521433,0.375,1.840336377342246,0.228011733993054,-0.0195321652089318,-0.3637909321215039,4.535684663907414,22.05017606416937,0.0514630126883481,0.4141320205343391,0.3511385363652874,0.6462130219597516,0.1274329111736219,56.52267881294802,19.803286433454943,[-17.81370732 -13.29673529],22.229065157340187,53.04707155931884,18.98496076192877,[-20.23649339  -8.01392474],21.76553822735412,26.065587319527268,0.4159109298102532,0.2474467772587328,0.3003345378685193,0.5266835605958513,0.4887263282550664,0.3125,1.753656320494259,Sec9_GFP,160103,1.5441004511620555,0.6720620487329947,29,[34096.55412069 39796.88695002],Ring_Rand,0.67,0.33,16
1708,1708,16,105,Exo84_Sec9_b,83,70.60870360462138,67.36902835684943,67.37342125034918,66.4117330416215,0.5495402675186681,85.0,0.5782198116395911,0.1592376199502642,[22220.45993713 49012.19593332],[22205.23 49014.09],[22219.9173494  49012.10879518],[-6.76168224 -1.28859518],34.29083224773351,17.674420064923442,6.88337303293513,0.2387006926322585,0.75,0.9524615650524564,0.220878131543016,-0.0283449354550875,-0.5376121477192669,8.649445173032744,21.431281599964105,0.0283318780764748,0.038213106876501,0.5117628549363094,0.4874344497483504,2.043645531427181,47.29255830508685,16.700921962149916,[ 0.04063462 -3.87374354],3.873956655114799,44.56500813290688,16.37945329721778,[ 0.03306539 -6.13420056],6.134289677135149,22.32021970264737,0.0831789989905692,0.0462811290302172,0.4924960280456609,0.5005852260812661,1.7228631567845798,0.75,1.0164249000498644,Sec9_GFP,160105,2.17466680552193,0.3410598059391611,49,[22218.10525717 49013.22948884],Ring_Rand,0.69,0.31,16
1709,1709,17,1,Exo84_Sec9_c,67,66.42779443069567,66.42779443069567,68.29878671564184,61.12266116727393,11.34056278301928,67.0,0.69844648375926,-0.847982824931704,[26363.05212932 47036.54109623],[26384.66 47039.75],[26370.5538806  47028.03626866],[7.97082344 7.39511211],37.98810752725229,17.286276380119357,10.872980707693122,0.2617642484952517,0.625,1.0705321931676417,0.2472142929019269,-0.0307787798965415,-0.4756280871059987,6.961748553904403,21.79749825481256,0.070600499101144,0.3072972892318248,0.4805602988497496,0.5144552706769198,-2.122453664008208,46.488865019880215,15.93451473423052,[3.9532288  3.06441627],5.001866148631732,44.35494639620735,15.467567468228664,[7.11456171 5.52397577],9.007291307629062,24.502729963648893,0.1241097598064997,0.3210905493187687,0.4727153827880961,0.5118813847326769,-2.374492652035724,0.75,1.0828532418673955,Sec9_GFP,170001,2.142632716997717,0.4675539239610801,40,[26372.48754309 47026.72460464],Ring_Rand,0.8,0.2,17
1710,1710,17,2,Exo84_Sec9_c,34,74.52695167568007,74.52695167568007,75.14014619825583,68.69029958627574,6.842806614271325,37.0,0.5879004651434625,-0.3398839844919444,[26428.03717685 53188.21800394],[26427.27 53191.67],[26434.48852941 53185.93676471],[0.50239383 4.16091997],42.1582958743779,12.924913088385424,4.191140006819835,0.1908825461411275,0.375,1.1494362726935787,0.1863411090271627,-0.0111700515955931,-0.3140366124583861,3.4808742769522016,24.287771813123125,0.0513864220016066,0.0878072452842793,0.4640097723781435,0.5333496632557292,1.0867983002437371,50.81802136309712,13.317129704847066,[-2.04349878  1.62506748],2.610887120475996,49.00021617070371,13.132301764431306,[0.01534612 1.50320629],1.50328462474604,25.18946323222028,0.0555529026835329,0.0883785757162241,0.4607378161134409,0.5361760588899929,0.4935932136353361,0.3125,1.1637335598213143,Sec9_GFP,170002,1.113026944114503,0.2662364128782526,28,[26433.18135907 53187.56706788],Ring_Rand,0.67,0.33,17
1711,1711,17,5,Exo84_Sec9_c,42,65.4784430917465,58.1436114824519,103.92323592159562,62.488003095151136,61.52550246163202,44.0,0.7593918145478682,0.9642399533184832,[38503.36243365 59897.77181205],[38539.64 59987.16],[38538.43452381 59948.32214286],[3.52405371 3.96509961],9.145568591920132e-18,20.489241138214712,5.304806262395926,0.9113990454391576,0.3125,1.0787696476956266,0.4221852262961899,-0.3680610792116247,-0.9565513611411036,4.008279470429808,6.5983777591074535,0.0985358582525161,0.172277148028677,0.4763830786812789,0.5139076059571611,0.5121387260451492,40.316776639404566,14.181425809579878,[-16.59419089 -14.59843304],22.101615743687752,42.27644162388974,13.613380358030945,[-23.34778857 -17.10725547],28.944384966624167,20.70356703341045,0.6126573499098844,0.212249169727914,0.3097409992170496,0.314909972384348,0.7287077701053761,0.5,1.0166880496297368,Sec9_GFP,170005,5.906540886267623,1.7656586279409088,29,[38537.79764787 59947.37361147],Ring_Rand,0.58,0.42,17
1712,1712,17,6,Exo84_Sec9_c,46,72.12062204443593,68.83498089562327,67.95257084002739,57.45429195886654,11.684760655850503,49.0,0.750477034459486,0.2514099095069546,[27031.60855542 60225.98727538],[27017.56 60225.34],[27019.94276596 60225.32170213],[0.81985468 4.81241593],27.56776919253449,19.449554976429702,4.881752632711172,0.4145953321276592,0.375,2.289672534854876,0.3526526960732624,-0.1006495551126056,-0.6883990194107501,4.852127779993978,16.474783848520694,0.0759537173510137,0.4480027824446619,0.3022279641169278,0.6920030687036346,-1.7026454306582377,47.52257904774241,19.93911267256493,[-6.9418419  -0.48741383],6.958932473693007,43.44410027296128,19.30181322062312,[5.31281701 2.37618943],5.819991477620257,18.478935371336025,0.1699761934521558,0.4566983032908612,0.278525237429824,0.6925828562296913,-0.3531402562737348,0.4375,2.4866071836818424,Sec9_GFP,170006,2.811922351953202,2.296656637681284,33,[27017.01376845 60231.90538613],Ring_Rand,0.62,0.38,17
1713,1713,17,7,Exo84_Sec9_c,62,70.09660751123275,70.09660751123275,71.23486316975323,65.57326110616005,9.059647756099888,62.0,0.624142111279864,1.343113709952274,[26148.1902713  59550.70099849],[26142.56 59569.09],[26146.14532258 59541.87516129],[4.90065856 4.25113521],37.47068373305351,19.94512637312724,6.487573113512371,0.3267271195808777,0.625,0.6043693602647792,0.3003895906868905,-0.0543640124593747,-0.5539128498562703,6.434343360426797,24.22917551654956,0.0810271131881967,0.2428441892757156,0.6192056714199743,0.3742289355084129,-1.6945880421050383,48.98110624620056,16.69693032041744,[0.58374966 3.66415066],3.710358978516769,46.704995988809664,16.29162442818048,[2.17376342 7.05023105],7.377737136414803,24.808970529863483,0.1359636799881231,0.2092786484573787,0.6024001623050461,0.3791137154190411,-1.667492089295366,0.625,0.6293386674538508,Sec9_GFP,170007,2.5726519122330296,0.3764248074179095,45,[26141.92069979 59544.03595778],Ring_Rand,0.69,0.31,17
1714,1714,17,8,Exo84_Sec9_c,35,45.26560089643637,41.73572140984298,46.45122560858444,35.457271558181645,14.565928915560717,36.0,0.6694176128896367,-1.5504769287858646,[26921.46233517 60765.42063633],[26914.05 60755.81],[26921.75828571 60750.85771429],[-7.44805349  0.01831349],5e-324,16.01197992731529,7.448076009246627,0.7642054290850607,0.375,0.8643146735589552,0.3539460079191817,-0.258753274640332,-0.9566183727060508,3.691836354343245,5.955599284135951,0.1568610655711669,0.0747721418131005,0.5231920447452473,0.4522025613626306,-1.5915182512137247,35.41841527000376,11.836520622278504,[ 4.84422426 18.50103301],19.124715194185075,34.62197196895063,11.571992765737695,[ 7.65661378 19.62801101],21.06852037832,17.34261100645607,0.578913760356703,0.1399399603527772,0.4179173542917443,0.2469415037779174,-1.865318976150846,0.375,0.5908859759997661,Sec9_GFP,170008,4.521100289145095,0.4942425437791791,24,[26922.54068609 60753.98727109],Ring_Rand,0.63,0.37,17
1715,1715,17,11,Exo84_Sec9_c,39,64.73843232664136,55.598140280386325,54.79815511926004,52.41655209550485,14.115263156865828,49.0,0.5992750741729876,1.327483242001578,[29614.94783695 40402.83201335],[29620.16 40382.05],[29613.621   40388.77925],[-9.94903829 -7.45964757],1.656927085486364e-15,15.317569204566285,12.435019288717978,0.6110985984862379,0.1875,1.0113221676629591,0.2833116360305802,-0.1655476814808831,-0.95619705785445,4.008279470429808,5.273371741584,0.1891166780812091,0.1481443090759399,0.4794034976464829,0.4848313844250455,-2.209233517903816,46.987852931145234,15.983224884853067,[ 9.71750392 29.24119303],30.81358875523393,43.02688292581853,15.483609913558926,[ 3.39719947 28.81006075],29.009663297770683,21.249812441064776,0.6867052421773766,0.4141562147173834,0.3364076332038892,0.1920282771622211,-1.876196433905874,0.1875,0.5708202139570272,Sec9_GFP,170011,3.8163095243706224,1.4786315447822578,25,[29616.57343046 40389.08374545],Ring_Rand,0.63,0.37,17
1716,1716,17,12,Exo84_Sec9_c,50,62.63828705694931,62.63828705694931,63.24008248625587,48.47426405068192,6.216872509212642,51.0,0.5568106864160959,-0.7877650320745639,[36586.24117567 59086.21421488],[36572.05 59115.78],[36581.8556 59090.6206],[ 8.24896881 12.42154297],34.16485504633483,11.851565663416222,14.911076960927566,0.1422394494073671,0.4375,0.9380089242920656,0.1378795546826484,-0.0070150236694453,-0.3576919828102117,5.274051934776064,15.001150159051932,0.0633140301578675,0.0602022090267934,0.5139250501382463,0.4820662834469223,3.0521092038514683,45.73542874674041,18.426085817343203,[ 0.80283752 -9.44833934],9.482387060655912,41.84913513527643,17.02428366973996,[ 6.13121319 -1.33071155],6.273959549123978,19.774034690563013,0.1822034764291036,0.0450577114312498,0.514281867801818,0.4525200253753311,2.023965396701556,0.6875,0.8799066304039185,Sec9_GFP,170012,1.0057847922819017,0.195983745991544,32,[36580.20570812 59086.1860675 ],Spot,0.49,0.51,17
1717,1717,17,15,Exo84_Sec9_c,101,63.11037913947945,58.8286073670342,57.94164800696648,59.26745161624928,3.183822022864021,105.0,0.5144211531474506,0.7171330222210373,[36431.39078441 57544.66551564],[36419.84 57534.62],[36433.49529412 57547.05460784],[-7.24659888 -3.01962382],31.57062533993609,15.722550079434397,7.850561978187493,0.2018318565404751,0.875,0.8727935057524503,0.1879476863295939,-0.0197352060298162,-0.5202534462830772,10.653584908247648,14.859300771093723,0.111543817312047,0.1377906823762928,0.5273181339993359,0.4602398428201207,1.1249989458379046,42.47960172062494,13.834665956274511,[-1.70617923 -9.81134945],9.958595562774557,40.8202992497457,13.54837319503632,[ -4.13889828 -11.06725593],11.815863612387774,20.44326830515849,0.2727561652004407,0.0447467380320792,0.474147921680095,0.4514561526650549,1.2397791161559648,0.875,0.952142004683614,Sec9_GFP,170015,2.0283850546116904,0.3078716666983306,50,[36431.59614248 57548.35703699],Ring_Rand,0.73,0.27,17
1718,1718,17,16,Exo84_Sec9_c,57,68.65134614659031,68.65134614659031,70.71060851746435,63.994686469841966,12.100405398229842,60.0,0.6212130539929999,-0.9308493774711808,[28281.83403252 45514.38589175],[28306.89 45489.48],[28289.05982456 45504.67982456],[-8.55422711 -7.3355699 ],6.745853499632201,29.214916366758228,11.268779312257076,1.451683310366688,0.5,0.7708404389619712,0.7575121069168788,-1.0310774235600857,-0.9376263752118388,6.012419205644712,12.920044707566577,0.1181229567806499,0.1220448970189469,0.5568242882794096,0.4292226788019872,-1.5600233455997472,51.13632842503586,20.55558188537614,[ 3.54671933 14.06233592],14.502706968567054,47.89297302118924,20.024020328131986,[ 1.0609018  16.99932843],17.032400882119706,16.332850181316896,0.3248573138245176,0.1597868441813262,0.4646746354154228,0.429793090239296,-1.75689820338033,0.5,0.9249333995927228,Sec9_GFP,170016,10.959968645714255,0.6883245496638729,39,[28290.86753851 45509.16022221],Ring_Rand,0.62,0.38,17
1719,1719,17,17,Exo84_Sec9_c,72,71.06591273657546,68.7901519808996,67.7907840433405,58.89681643485055,7.315422757101199,84.0,0.6072790856026903,0.6870429999319749,[28544.11948764 46137.83312725],[28535.8  46139.88],[28537.66808219 46134.38424658],[-2.22970402  1.75429016],28.408687964564148,19.96604110163699,2.837096043034653,0.4125446340023585,0.5,0.8704675947974213,0.3513613713569311,-0.0995469940163467,-0.686757157271961,7.594634786077531,16.865242197011074,0.1178250233777186,0.1181513931267417,0.527203607594624,0.4589136562714159,-1.5172570676814436,49.44662193040576,17.424113073275514,[ 0.96450104 11.19456309],11.23603600530678,47.91046249695453,16.96963099775443,[ 3.89367456 15.52771125],16.008451460749875,24.145155592589987,0.2797955961624613,0.1610877126865544,0.4930321200273493,0.4286823043407436,-1.6723154581466697,0.6875,0.8694814940595835,Sec9_GFP,170017,3.5005572989422804,1.047850597843074,38,[28534.77805381 46134.99048827],Ring_Rand,0.65,0.35,17
1720,1720,17,18,Exo84_Sec9_c,86,66.95287972847429,65.49866478991603,66.74156456102098,61.89852526618391,9.157392207190467,84.0,0.6319802311738419,-1.022834524753892,[22796.07667929 54646.86885023],[22785.88 54646.73],[22800.8472093 54639.0522093],[ 2.79051674 13.9655975 ],1.6775664837591128e-17,27.98478032440236,14.241660620886398,1.2680157325528598,0.75,0.9039345703480878,0.5873819139967609,-0.7124474525909575,-0.9565498895652242,8.860407250423787,15.176632217029905,0.1829994711835541,0.1851882475877012,0.5076388698430098,0.4588723237035298,0.2632341506708118,49.83474450881584,17.99952435272667,[-19.7545412    4.68610495],20.302745564920667,45.98784780559003,17.58467125870291,[-17.67292641   7.35091603],19.14074957945401,23.161552142998367,0.449817453167334,0.2644136699428995,0.4322189867496692,0.3654452720763839,-0.2064273245534428,0.5625,0.8455095293813204,Sec9_GFP,170018,11.759094149981737,0.6662482206824226,49,[22797.60527782 54636.46314198],Spot,0.29,0.71,17
1721,1721,17,19,Exo84_Sec9_c,70,69.71270074715379,64.19274767760012,64.25078292788633,64.84773321339487,1.95017692110898,72.0,0.5420598092375107,-0.274365969599693,[29941.99819378 58455.28608874],[29921.27 58449.16],[29943.87542857 58454.75771429],[ 0.82035197 -7.26976991],39.21718111944531,16.113802158433355,7.31590950071663,0.2267520833008583,0.875,0.9761906680674172,0.2167644924303505,-0.0210295185128395,-0.427848388224724,7.383672708686489,23.959293988207246,0.1028778710754633,0.0218698132417547,0.5006683614241351,0.4887477822188454,-0.205808943131554,47.393560251259856,13.78584594291408,[-10.84850646   5.10460421],11.98945689157837,45.352026720337925,13.630693632243403,[-11.04474347   4.26770456],11.840593754679732,24.47305436388151,0.2642510935420289,0.0947778141002714,0.4883944362541522,0.4417769233076895,-0.4166720002028327,0.75,0.9045494594410086,Sec9_GFP,170019,1.8971440403115305,0.24434360556422,37,[29938.26320634 58464.20052486],Ring_Rand,0.56,0.44,17
1722,1722,17,20,Exo84_Sec9_c,63,51.96602818413774,51.96602818413774,51.97729775845648,49.91687867879999,0.7730792645737675,65.0,0.7015739333939373,-0.7519590651839159,[30378.69474502 58097.3963219 ],[30373.61 58114.79],[30379.25936508 58096.86825397],[-14.18782182 -12.38671544],7.637873162588239e-25,20.70160845210815,18.834144722877404,1.3083654165176788,0.4375,0.9019289580149612,0.6060250819331681,-0.7584776119702361,-0.9565839970894274,6.645305437817839,14.194284794003636,0.1134654817785208,0.3492057201873089,0.5190128581222239,0.4681127263225443,-1.778632708455817,38.375754036576566,13.61876546255755,[-0.98006158  9.69268476],9.742107496354418,37.67393705157616,13.208979623315477,[-3.59896304 14.24992286],14.697375155502954,19.616077041470938,0.3010383238226104,0.3327454140140558,0.4728887177292327,0.4364872098608405,-1.4659738726205795,0.5625,0.9230230992966194,Sec9_GFP,170020,10.384828548309654,1.5069472794562564,32,[30377.36528995 58098.76966533],Ring_Rand,0.59,0.41,17
1723,1723,17,21,Exo84_Sec9_c,97,62.096518610872046,58.90552040725024,58.5563844376563,56.33041507319145,6.420551532156925,100.0,0.816383505757434,0.5262268160799282,[29861.06291276 58032.65369041],[29866.58 58039.  ],[29866.15591837 58036.56326531],[-6.65150268 -2.7053315 ],27.78936417420765,18.09658840514922,7.180620198692661,0.3762919806299233,0.5625,1.7741717509941324,0.3284257266809806,-0.0806704160127566,-0.6527579414371592,10.12617971477004,16.019121634539847,0.1002388154069028,0.4953244502457882,0.3568460314438241,0.6331061484419968,1.6743035510072044,41.12092247125325,16.00255284208394,[ 6.56110964 -2.24850795],6.9357009525093085,40.41932166932944,14.438700895695735,[ -8.61732447 -11.5215124 ],14.38761721270214,18.844859941262595,0.1807522150086327,0.5269330968712916,0.3346585765514334,0.6326700602180396,2.530116211765636,0.625,1.8904940872501592,Sec9_GFP,170021,3.706046209180329,0.2687677411377561,40,[29867.44488928 58035.56933882],Spot,0.4,0.6,17
1724,1724,17,22,Exo84_Sec9_c,54,70.35745627161013,67.36018635800484,67.8751758127219,57.57508659093549,5.960960810736895,57.0,0.6022112892600967,0.2198192238063788,[19225.78581181 47937.18852675],[19229.55 47961.03],[19231.60333333 47938.48833333],[-8.104296   -3.45582407],29.1410193923218,18.16619649654195,8.810353772884723,0.2791395710326931,0.375,1.0514091969152757,0.2467964615479488,-0.0435562261365361,-0.6322515583756008,5.485014012167106,17.95139074218026,0.1125228479769135,0.1200471796644701,0.4812977392164544,0.50604086946671,0.0329709026366914,45.11963628738662,18.86536443265317,[-1.54113992 -1.52065073],2.1650614068610903,42.12564116897149,17.83294061086158,[-5.63635858 -6.84556398],8.867371888792478,18.54770139741442,0.1354071964600337,0.1391191992625657,0.4732519996674824,0.5084128914793514,0.1863518127419359,0.5,1.074296340716096,Sec9_GFP,170022,2.051248548148435,0.2918779760133491,40,[19228.95650271 47936.44983027],Ring_Rand,0.54,0.46,17
1725,1725,17,24,Exo84_Sec9_c,91,66.00850742081562,59.46045609755596,63.600378108541086,65.82571485244677,20.37735192721248,95.0,0.6799966266906784,-1.1883663182333877,[23006.83052622 47447.25444081],[22992.77 47472.47],[22997.4316129  47465.33473118],[ 2.73597857 -9.61645602],1.9026864968905904e-15,19.42047710128358,9.998090070867688,0.7732594220420843,0.6875,0.8122473348292557,0.3581306992268818,-0.2649172279359974,-0.956628754497832,9.282331405205872,7.752044369492218,0.1275751110374855,0.1530377738624636,0.5428202719009415,0.4409043191428317,2.366248444889647,43.4112528893905,15.033895450336813,[ 18.55148774 -11.20469577],21.67263031212593,43.93458153607637,14.61971832352396,[ 21.38580167 -16.34207212],26.91497416415173,20.54893455313021,0.5313353209127757,0.2499829039686411,0.4443878569616611,0.2732949197888566,2.455578090415119,0.6875,0.614991871419283,Sec9_GFP,170024,7.376424755509548,2.173919002539111,47,[22992.1877092  47460.44361263],Ring_Rand,0.57,0.43,17
1726,1726,17,25,Exo84_Sec9_c,33,44.910515134983655,44.910515134983655,45.15185747257088,33.95674969233261,3.330124065670751,33.0,0.5330384376958196,-1.5692381414062866,[18472.28943137 53285.5141224 ],[18463.59 53316.61],[18472.28424242 53288.84424242],[-0.34360529  0.75161013],1.920263977673556e-20,18.013519839384635,0.8264274773184737,0.7325717059585916,0.3125,0.9365610497892084,0.3392875481412712,-0.2377720566900804,-0.9566272594884389,3.3753932382566805,4.7717450573675615,0.0565521847342732,0.0769107274025963,0.5147278215217026,0.482074028880078,2.6508144653025,32.704408033850854,15.382406372371031,[-11.93855257   8.17419429],14.468810930762082,35.51825097581495,14.407967542807,[-17.22464734  18.91359787],25.581490582281603,7.109371245908318,0.4637061444408611,0.1248641080661996,0.4184666520146457,0.3665099595931454,-0.6220282810776436,0.375,0.8758403037103136,Sec9_GFP,170025,4.208304057960365,1.357002965604617,23,[18473.01147321 53288.01621333],Ring_Rand,0.5,0.5,17
1727,1727,17,26,Exo84_Sec9_c,104,71.88848893499735,71.88848893499735,96.12997198990844,63.54112231213605,45.585850121902645,110.0,0.803515965567948,1.5406663491667525,[17704.26011976 47954.13390992],[17718.52 47925.24],[17702.88682692 47908.56875   ],[ -3.65210011 -26.94917206],10.12990417806145,16.75385752767584,27.195509000355354,0.5449844370153373,0.625,0.4000124909273103,0.3430037534414419,-0.1662054134026493,-0.8891237107817195,10.86454698563869,17.509487717586435,0.1638791802848219,0.4483433661410197,0.6950963799077282,0.2780472343614464,-3.04392784145752,62.75463844209434,17.775790324213876,[11.94216767 34.63435541],36.63541924431505,64.23603099828361,17.540239033025813,[12.15184617 41.07836181],42.83805754899702,31.64712206191252,0.6225462073552454,0.2487465233847377,0.4982029194911334,0.1142333002164664,-1.9272698732120583,0.5625,0.2292907081579225,Sec9_GFP,170026,5.557772557891165,2.289848971780514,45,[17704.95909239 47910.71160525],Spot,0.29,0.71,17
1728,1728,17,27,Exo84_Sec9_c,107,73.03442917342436,73.03442917342436,73.22795757882498,69.69523330078611,3.8002367325698727,108.0,0.6706330846226966,-0.1946824162514557,[35397.27508257 63780.17931133],[35395.94 63779.2 ],[35393.54663551 63780.91448598],[-4.85030024 -2.04369343],35.620323482647656,24.75241937803952,5.263277991627589,0.4401901876949242,0.75,1.722245291440531,0.376324416579881,-0.1129551893994011,-0.6818729051022278,11.286471140420774,27.0136774577876,0.0359178333389447,0.3204304244991618,0.366869918882199,0.6318399903660368,0.7227812804496088,52.922190652454056,19.232261018695908,[-8.60825263  2.28330292],8.905924182965443,50.16207681635524,18.742318082604267,[-12.08210073  -0.29749316],12.08576270626746,26.681316073160463,0.1887850166587163,0.2748774831160833,0.3453850847587148,0.6189751327264534,-0.0946391868145827,0.8125,1.7921304655030716,Sec9_GFP,170027,4.553362707240607,0.4478582573931407,60,[35390.20855526 63783.24001798],Ring_Rand,0.72,0.28,17
1729,1729,17,28,Exo84_Sec9_c,91,71.75859000479223,69.29229859987639,69.53752283011558,64.54900104695972,4.16768643881001,99.0,0.6875014770613702,-0.0726299142965059,[34837.43900647 49114.63328163],[34817.77 49104.03],[34833.28230769 49114.93571429],[-5.55364823  4.29986695],38.82314107952893,19.983960046690328,7.023664600429681,0.3199603616627771,0.5,1.95606407786514,0.2961460325756324,-0.0508768419293891,-0.536930466913736,9.598774521292436,23.00021886982371,0.0945165986016072,0.345277025616265,0.3352656053736588,0.6558010072151239,1.9903238200284263,50.63316961492327,16.18880054314641,[ 7.31844577 -7.77513894],10.677660511613484,48.68536884469849,15.915548775651072,[10.13997155 -8.4288421 ],13.185765129287027,25.982985827022503,0.2354856388652446,0.3051394934809053,0.320405177293373,0.6241413365948546,2.3550089579973146,0.625,1.947975191497518,Sec9_GFP,170028,3.0522273188966667,0.3005841030427481,51,[34836.0631933  49106.85185725],Ring_Rand,0.62,0.38,17
1730,1730,17,29,Exo84_Sec9_c,39,77.48263274145431,77.48263274145431,81.40614212010759,69.591342051033,17.834293929546256,37.0,0.7354020782523258,-0.7715318762872332,[23815.33150092 53268.49519198],[23825.27 53289.27],[23828.11589744 53256.06051282],[  4.18470847 -12.03511069],43.13698615351569,15.376789410136633,12.74188661118471,0.2689862445327999,0.375,1.3541399173897517,0.2602602974334857,-0.0257728378764615,-0.3681495284384584,4.1137605091253295,25.29440728077593,0.099101791584867,0.3488836287692636,0.4206117179316048,0.569567116973065,-1.0330764144109696,60.67854594661428,19.51187019916957,[-14.11318214  20.48570331],24.87661452371216,55.74129779498608,18.211340313589723,[-15.20429614  12.02225386],19.383116595579544,29.79685987488701,0.3974314643087022,0.2608263588039939,0.3450962936117399,0.496951937565701,-0.7870767984397828,0.375,1.4400384668425636,Sec9_GFP,170029,1.6798185587040375,0.3254853805075121,31,[23830.03770629 53260.06106057],Ring_Rand,0.67,0.33,17
1731,1731,17,31,Exo84_Sec9_c,104,67.86113740080617,64.2917303839142,59.89906225078993,63.87191287339965,6.871462939085015,112.0,0.5747943239323986,0.0318476645539801,[25967.41905593 45413.00038804],[25953.36 45409.16],[25961.47490741 45409.55305556],[12.02245948  8.14842735],1.621476494210476e-19,24.919939568237613,14.52364968901418,0.9881087657313392,0.6875,0.9730408029825328,0.4576991857406907,-0.4326152115373953,-0.9565703033669116,10.970028024334212,10.87537549684365,0.1695041014913025,0.0853562671936556,0.4922697787645422,0.478998580813084,1.185678879457164,46.900085969595295,19.13414590275377,[-12.52294762 -11.04162129],16.69555682823762,42.45297394352382,18.3118196295174,[ -4.93292032 -13.83056972],14.683949118834466,20.22099827708772,0.4565404451983086,0.1566609643684512,0.3880353416321218,0.4035354802660084,0.8663796821218217,0.8125,1.0399451724389104,Sec9_GFP,170031,10.07677175603236,1.3291430105920568,60,[25953.42220453 45405.14163947],Spot,0.47,0.53,17
1732,1732,17,32,Exo84_Sec9_c,72,79.12733023715104,79.12733023715104,81.70765464224715,75.91137072462966,14.551219120622822,75.0,0.7953444631445007,-0.0391140331943494,[26458.96421603 45868.50928953],[26458.83 45864.62],[26473.50430556 45867.94027778],[ -3.53184249 -10.3109294 ],45.3705155881548,20.92784783505313,10.899044752277774,0.414775878053759,0.4375,2.759148535503707,0.3909763614395902,-0.0781999022758525,-0.4822166685676419,7.594634786077531,25.403112779005507,0.0679922191404794,0.466355144633525,0.2647879030943845,0.7305891550419685,0.6640952522337096,58.45171105554188,18.758975956154348,[-14.56711222  -3.15363998],14.904569891723938,55.2720153147382,18.513635108860267,[-13.91136943  -3.1253544 ],14.258121878256302,28.36449179433988,0.2665746473062474,0.386172608195715,0.2394020868426335,0.6895358705709163,0.214476441261628,0.625,2.8802416873841614,Sec9_GFP,170032,3.5194900325330094,0.8339200710712388,46,[26473.22117264 45865.05620032],Ring_Rand,0.64,0.36,17
1733,1733,17,33,Exo84_Sec9_c,141,66.06830657220192,66.06830657220192,66.12799582952918,64.02873245779448,2.006456302477258,143.0,0.577274104058241,-0.4397332708072749,[25849.7410941  46516.93641419],[25849.45 46510.33],[25851.55666667 46516.0822695 ],[-1.11249664 -1.87129647],36.40318923666226,16.814530009680183,2.17701613503135,0.1901763005391172,0.9375,1.2057727526038626,0.1792296074009876,-0.0164597684480139,-0.48290040873099,14.767345417372978,23.212778008382063,0.0144914308429599,0.0969444324386824,0.4532606530985095,0.5465293453336143,1.109700672000936,46.67650796915624,15.301137939861205,[-1.23479001 -1.89260225],2.2597897381799075,44.194632971177896,15.072661401513798,[-2.49269113 -1.47642028],2.8971237274895265,23.68969593234756,0.043586283680546,0.1114696751786421,0.4490396526258112,0.5490605832491078,1.013140372811436,0.9375,1.2227440940647727,Sec9_GFP,170033,2.258218449448812,0.4212066789473189,56,[25855.19090527 46518.0420674 ],Ring_Rand,0.74,0.26,17
1734,1734,17,38,Exo84_Sec9_c,57,73.89460730431426,73.89460730431426,74.3133793771011,70.99513351952871,5.627255365821413,58.0,0.6180392731342834,-0.5189522526337103,[39733.5830337  42375.96343269],[39716.54 42383.78],[39728.69666667 42378.75438596],[ 6.44870581 -6.52156103],39.91262703353117,15.779186582871644,9.171508321778566,0.2509004203374504,0.5625,1.215039593914122,0.2407485709771256,-0.0248141421758277,-0.4108035230106655,5.906938166949192,21.157517310149235,0.1201416034126205,0.19178693023774,0.444942834357143,0.5406231607723015,0.1960657696853771,54.92882645552919,17.499688202604265,[-18.45700373  -1.29720537],18.502533030567704,52.14349495514832,17.12680336542322,[-18.49602914   2.62832519],18.68184110684241,27.440016167880177,0.3837546920459259,0.0449759404169476,0.3723950937038631,0.4803372426288734,0.0741837989440443,0.5625,1.289859213373118,Sec9_GFP,170038,1.8942566332875888,0.4059489015944252,40,[39723.2678346  42376.76967999],Ring_Rand,0.51,0.49,17
1735,1735,17,39,Exo84_Sec9_c,78,73.0937774848405,71.36387456558921,72.02372416607287,59.25711632741313,6.947846889272586,76.0,0.7073179656612207,-1.514203320358662,[32592.08734866 44792.23058401],[32593.44 44796.67],[32591.69435897 44799.16730769],[ 8.19952849 -2.35739263],39.34598242686251,18.041747604846524,8.53168022038614,0.2544855174088131,0.75,0.4351454788140419,0.2400842109574909,-0.0292859036381117,-0.4793270708850486,8.227521018250659,23.84662048831395,0.0544362796729756,0.3937943343964326,0.6947286572503331,0.3023080342050326,-2.5954063636620304,51.80203591123486,18.39582319002342,[8.06193463 4.48190414],9.224004263012912,49.506190877453584,17.571008946315633,[ 4.05092738 12.03430963],12.697819536411448,22.15574368392718,0.1700961481189528,0.3662221878183012,0.6683261226769533,0.3027411777181419,-2.35547604883408,0.6875,0.4529842055335565,Sec9_GFP,170039,2.24755523369835,0.2985028163806656,49,[32598.70734106 44805.28589297],Ring_Rand,0.51,0.49,17
1736,1736,17,40,Exo84_Sec9_c,40,56.59919694827747,56.59919694827747,57.6590323760586,57.30907426922264,7.8602240501732865,44.0,0.6322558724343419,0.266525910993025,[33217.12630688 45071.59226155],[33252.42 45081.05],[33224.709  45073.6625],[ 2.45117296 -3.96689778],24.65346456828668,16.84453919500585,4.663102708024124,0.2816123497366327,0.4375,1.239205679565365,0.2420941002263701,-0.0459832329023712,-0.6744714940928285,4.219241547820851,12.203192901071292,0.0983141759654663,0.1532879118728523,0.4422703692840121,0.5480639535202192,0.1052291877608931,43.22235534476096,15.48068717531546,[-14.37885687  -5.19590885],15.288851945076267,39.07722626632192,15.007887973471036,[-10.61458351  -2.27462618],10.855565736165786,18.175472909500144,0.3472860185421669,0.0712350306682061,0.3847983801420754,0.4945940411830543,0.3086913362199494,0.5,1.285332960602485,Sec9_GFP,170040,1.7810728847993564,0.3576902485596426,30,[33224.4945979  45072.39491024],Ring_Rand,0.6,0.4,17
1737,1737,17,42,Exo84_Sec9_c,75,60.920717546733925,57.5788329254009,56.15775691422549,56.36068757073822,2.0702112831594874,74.0,0.5748919139737791,0.319161634543208,[18412.50123033 60226.46889884],[18416.81 60221.88],[18410.51881579 60227.06539474],[-1.74264768 -3.06074635],1.9838732278767839e-16,28.808006828984794,3.5220717120905025,1.132414997602209,0.6875,1.403471953071942,0.5245723525466774,-0.5682204928500508,-0.9565460497024624,7.700115824773053,9.992214510401476,0.0824214660414378,0.1692571101014935,0.4132383157898456,0.5799683861457345,-2.6731909550347805,38.21984843649506,17.14031074337259,[1.4176945  1.39450739],1.9885946142387472,35.60715584545746,16.433087545268553,[6.99589474 3.87693027],7.998320542094653,10.333025450452382,0.1331846160575447,0.1675812582417194,0.4044005536152051,0.5778613044303993,-2.606798489647939,0.6875,1.4289330201566572,Sec9_GFP,170042,9.807001555500074,0.5461440130212251,48,[18412.54110223 60223.84167432],Ring_Rand,0.66,0.34,17
1738,1738,17,43,Exo84_Sec9_c,84,74.28336215580084,67.57677407239417,65.16573697005198,62.955001754617264,11.39271028386826,106.0,0.7107805173925146,0.4845068577275452,[40061.78637444 49532.18333079],[40083.41 49512.38],[40052.56011494 49525.49977011],[ 6.18126138 -8.15289311],1.639640688139241e-15,28.152219423724624,10.231210016371652,1.361607885505951,0.4375,1.5139663078878298,0.6307275823526457,-0.8214938084653386,-0.9565560285129978,8.860407250423787,13.345418586690904,0.1559309201786189,0.2280706251149444,0.3881060557856065,0.5875794923466428,2.8140088945176545,45.63230954812252,20.363203199421925,[7.72005683 0.30433281],7.72605306509556,42.42383775305557,19.596860321176912,[10.83859946 -4.65659352],11.79657160018599,14.279230450009615,0.2982885022609505,0.1866071469506814,0.3614774047941583,0.5495465646247606,3.0378638162865714,0.5625,1.5202791580782136,Sec9_GFP,170043,12.47934240435957,2.6433307053423336,48,[40062.15323936 49524.33283318],Ring_Rand,0.58,0.42,17
1739,1739,17,45,Exo84_Sec9_c,84,63.19035701706776,63.19035701706776,63.31429963253845,64.87137861204243,2.8283656142537823,85.0,0.6158712210139652,-1.4933257929710295,[32035.71687207 56567.75499857],[32064.45 56566.06],[32035.49797619 56570.57488095],[5.12625292 3.07306698],1.098527051886026e-13,35.03711783073573,5.976805975742887,1.6739553106277978,0.8125,0.675026482795878,0.7754369515902569,-1.2416384852630318,-0.95654369490323,8.860407250423787,16.220972978611083,0.0563003482979204,0.2033117186868162,0.5951131406099736,0.4017171301715592,0.9705341917659388,47.17023573462633,17.663584323152918,[ -1.36809728 -13.63465161],13.703116973796195,44.549596474998,17.2761079673635,[ -3.53796962 -15.27604332],15.680393127440247,24.76562616734171,0.3246096957120263,0.1054351084639505,0.5368638254038479,0.3577647200458976,1.4135683635554506,0.8125,0.6663975166826978,Sec9_GFP,170045,15.3420538418504,1.2433274912616932,51,[32034.99376346 56566.83105585],Ring_Rand,0.56,0.44,17
1740,1740,17,46,Exo84_Sec9_c,114,65.74262187419359,65.74262187419359,65.77662486062553,57.09278155891178,1.5105153807422294,112.0,0.615472932400777,0.1369574368752364,[31554.07391475 49702.61851088],[31546.73 49705.59],[31552.57754386 49702.4122807 ],[ 0.1428179  -0.96531378],24.68410348579453,23.06623807744201,0.9758215246962813,0.3869950940722418,0.875,1.3661695201816184,0.2968779639663366,-0.0905405102662553,-0.7880604191818481,11.919357372593902,15.96670470708828,0.0465361628351307,0.2130441180514756,0.4217087478466007,0.5761256377019816,2.273572634437211,46.4761966681406,18.481128522578786,[ 3.39494584 -1.76920908],3.828283948150767,42.66791109199188,18.07410330236943,[ 1.29920334 -1.70965626],2.1472898808015857,16.28543785093903,0.0927146981191366,0.2117357712519838,0.4163389076168221,0.5750650771358553,2.596790469964319,0.8125,1.381242700634448,Sec9_GFP,170046,4.1319769025615445,0.6915390623718055,55,[31551.19813152 49698.18776298],Ring_Rand,0.66,0.34,17
1741,1741,17,47,Exo84_Sec9_c,51,66.14791100351059,66.14791100351059,67.06656000417169,58.14725728500197,7.901735170602832,51.0,0.6098903720763064,0.616477182633508,[39159.13183361 52191.62110574],[39184.69 52195.19],[39165.57901961 52196.18960784],[ 2.51071987 -5.67110261],4.3543793526694304e-20,33.48498347535961,6.202025405504532,1.940402491641855,0.4375,1.2462463522595553,0.8988508621960115,-1.6683500936531008,-0.956550112434036,5.379532973471584,11.446117680553751,0.0696551417215462,0.1351858317243612,0.4430271685163592,0.5521209927153921,-3.0601724853151584,48.20156840476934,21.0660475420212,[7.86910053 5.38952304],9.537803820400107,45.870698078077176,19.84081753239226,[16.28232415  0.49336417],16.289797045674206,15.044059144592357,0.2437149408551412,0.0952266705872518,0.4223375673417788,0.5182654602621963,-2.7540464120390067,0.625,1.2271355909070418,Sec9_GFP,170047,13.857245516626524,0.736880580230183,38,[39167.46288133 52195.09055634],Ring_Rand,0.6,0.4,17
1742,1742,17,49,Exo84_Sec9_c,66,67.51984939514142,65.1736961074813,66.77487696764643,64.67228975511388,10.382322341906804,71.0,0.591410842824793,-1.401394717746656,[40426.81507921 39330.27947383],[40417.3  39340.84],[40425.06469697 39340.51318182],[-5.59538619  7.24221476],37.95232500265475,14.420391472919558,9.15194085191325,0.2065335944872953,0.8125,1.1510970494983128,0.1988644003952288,-0.0161789155770403,-0.3939142213023898,6.961748553904403,20.199212399529767,0.0941877558999806,0.1448523043061556,0.4607549747091515,0.5303736919293741,1.6033653401402084,48.92170772958277,16.444562784948797,[  1.42298059 -14.97198435],15.039454413683314,45.4565250767409,15.84736084655951,[  4.81907909 -11.27220906],12.259128039511191,24.97690544546006,0.2862308816192067,0.1648268845892965,0.4547081571370011,0.4633637252704906,1.779594815042404,0.625,1.0190354362411,Sec9_GFP,170049,1.677886853462297,0.2931713566364214,40,[40427.13221775 39333.47128463],Ring_Rand,0.75,0.25,17
1743,1743,17,50,Exo84_Sec9_c,33,77.79333963554359,77.79333963554359,94.87740963138069,52.69892017097848,38.7951130858353,33.0,0.791106671713326,0.9714421377263992,[41813.65680704 47920.04828008],[41802.73 47888.77],[41791.77212121 47888.01515152],[-0.44872257  4.09195549],31.69579878984902,16.678408975713914,4.116485350024403,0.4058325371696856,0.25,0.4647670187142569,0.3740006087863428,-0.0831868534140643,-0.5480693619198095,3.4808742769522016,17.145811116635947,0.0839565411041166,0.5426373301639331,0.6778902627650816,0.3150610364407512,-1.6337219623062904,68.21529429011916,19.544596252836005,[12.50348085 37.54110277],39.568566190459336,62.44915600468672,19.213735920229432,[11.3909286  32.42925428],34.3716422019415,31.371902836762228,0.5911848743401605,0.163797631959703,0.3890157171242699,0.2614847272271387,-1.906409584195233,0.375,0.6721700839239053,Sec9_GFP,170050,2.331330433774732,1.0476632698242114,26,[41789.60599126 47888.96407696],Spot,0.47,0.53,17
1744,1744,17,51,Exo84_Sec9_c,33,63.97707505661802,58.71064511815897,63.13778986047176,56.61460928892414,20.830358430395133,36.0,0.7352321110832278,1.4602606769444513,[40761.02128456 48109.98106163],[40769.14 48125.09],[40760.80470588 48130.81029412],[2.1674669  8.47862193],18.88246465976105,18.70540626482613,8.75128234060129,0.4186020174391149,0.25,0.5294620921757637,0.3140407224648791,-0.1056629650566712,-0.8037768775511659,3.4808742769522016,11.799088784753314,0.1369788948316355,0.2989999516693428,0.6415567848267673,0.3396799975439364,1.040647637325514,46.41302680132082,13.592690697088765,[ -5.81715844 -22.07313674],22.826797800591976,46.86155011025359,13.30958828522241,[ -5.18835425 -26.64787566],27.148265081746946,24.671991768681604,0.5551872950256285,0.0624631681437599,0.5016756918005062,0.1900913756416196,1.2586095367336871,0.4375,0.3789128689081679,Sec9_GFP,170051,2.4046855131462004,1.852877790962747,29,[40759.83372101 48130.02883851],Ring_Rand,0.5,0.5,17
1745,1745,17,53,Exo84_Sec9_c,100,77.87150471113297,77.87150471113297,100.78367227141544,74.18100889453015,45.69964805013537,98.0,0.8085447021904756,1.3280778156773574,[24752.76903975 42957.20909139],[24753.38 42992.55],[24763.7526 43001.5692],[-13.18527604  35.82947716],4.641360588700904e-24,18.386025802381035,38.17856647189878,1.134054523534033,0.5,0.4529491414197147,0.5252756494941653,-0.5698335612609189,-0.9565921672105172,10.548103869552127,19.28580579186304,0.1395189145056428,0.4452840072507608,0.6748580831515281,0.3056763893436391,0.1847844044923082,60.68316105344985,19.14509925024026,[-17.05483817 -17.25443856],24.26073277622167,56.272743303221006,18.801927370973715,[-14.31891988 -14.87413073],20.64633699997263,28.75831229140035,0.4038896273401261,0.4354295308947926,0.6431043545549875,0.1937688143720665,0.8320876637926324,0.6875,0.3013022894334931,Sec9_GFP,170053,11.340545235340327,0.6591326831933892,53,[24751.65238862 43005.39409594],Ring_Rand,0.54,0.46,17
1746,1746,17,54,Exo84_Sec9_c,60,61.69349136769509,53.85405482741747,56.770328582516285,53.55579183685008,12.829553454540523,71.0,0.7288537389825464,0.7630252101886866,[17820.09837468 48360.51531309],[17797.14 48360.92],[17810.82583333 48351.64866667],[-3.54849505  2.84254435],15.59966699529067,18.24208116041122,4.546633425103388,0.4290162860291096,0.5,0.9524644630432556,0.3025314384353195,-0.1090894784806521,-0.8405016577351098,6.223381283035756,10.048982550506116,0.0616911669449113,0.4238858555251383,0.5102239855204499,0.4859702144005252,-0.6903046987777899,37.84658963620486,17.075857766031948,[-1.42468011  3.91588963],4.167001922047341,34.31570296860754,16.3343320704396,[-5.66050898 -3.16771605],6.486585144381837,10.379797815394216,0.1182483235409807,0.4556903460580966,0.5076734135353042,0.4783439204444433,-1.1660260796890405,0.5625,0.9422276362935416,Sec9_GFP,170054,3.3231458620849983,1.6117528853876422,34,[17803.21150332 48355.48676883],Ring_Rand,0.54,0.46,17
1747,1747,17,55,Exo84_Sec9_c,66,67.59069970226285,67.59069970226285,67.66299425607399,62.6837567287017,2.233568739565777,66.0,0.6619134553581018,0.8275451047311706,[42385.6377867  47103.28557562],[42378.36 47120.52],[42384.12636364 47101.64106061],[7.4794012  5.84292566],39.20497966351314,15.066676899521806,9.49111281522036,0.2180676306456024,0.6875,1.0716483296716206,0.2097698227802173,-0.0182374383526512,-0.3986847470625629,6.961748553904403,23.682781864877978,0.0637809014695248,0.3268905563437256,0.4807437547885365,0.5151882418191983,-2.4691785768772214,49.411214297870885,16.14078374605398,[10.47781339  0.90266688],10.516624026755306,47.93271153949442,15.409947079616645,[12.19726554  7.44105518],14.287847595129708,25.035829264665715,0.2337418033779851,0.2610716835755346,0.4674370536090602,0.4779277157445471,-2.8345804562831023,0.6875,1.0224429408291211,Sec9_GFP,170055,1.7715898061728443,0.2763079886173676,40,[42386.49396124 47099.15062938],Ring_Rand,0.69,0.31,17
1748,1748,17,56,Exo84_Sec9_c,28,48.03086856977652,40.8320582434295,47.17272167164683,41.62887985777393,19.33386945153213,32.0,0.7284259836592681,0.1380710915799864,[21093.96028144 40902.36308046],[21070.91 40896.91],[21075.20413793 40897.67206897],[ 8.8618792  -6.40332573],5.100865426684723e-21,11.904086381748096,10.93322840710364,0.389225719525527,0.3125,1.79083452340404,0.1800811673810014,-0.0670829981809368,-0.9570676505559864,2.953469083474596,6.625576697545728,0.265745367131883,0.3423078480350813,0.3330112882201116,0.596368111627829,2.234830546689164,41.38136211043737,10.794201960405244,[29.01400416 -6.27417489],29.684637573823032,40.23294531749867,10.701857813790188,[29.37421688 -6.19923707],30.021245103536103,22.37975668825959,0.787373719289824,0.4814469404154026,0.0785150713484984,0.301527554823211,2.879034616940114,0.3125,3.8403780273578976,Sec9_GFP,170056,2.059588915469444,1.6401783767772318,18,[21078.72413722 40891.7929836 ],Spot,0.4,0.6,17
1749,1749,17,57,Exo84_Sec9_c,49,69.32463703651737,69.32463703651737,69.5791498369571,57.25415946231987,4.247015265781889,56.0,0.5819624548534763,1.5201936108897645,[26845.49339023 53123.46402788],[26849.55 53140.69],[26845.27857143 53119.22244898],[12.14830818  1.90128275],39.08111653762431,14.924522102048314,12.296189155727811,0.2109696871950528,0.5,0.8610115704933851,0.2030502356504457,-0.0169647890340631,-0.3960271008891634,5.168570896080542,21.845136456970643,0.096711912191105,0.1344746212557251,0.5323163067587501,0.4583304992815899,-1.5413014087638317,49.57318282899301,18.255593808235613,[-1.39829752  1.88486597],2.346903421917488,47.97163846968672,16.88117182313453,[ 1.53514363 11.48489852],11.58704276069899,21.64651887396713,0.1190008120069629,0.1407561174085054,0.5348810338657426,0.4509577728759409,-1.433276371454128,0.5625,0.8430992021099281,Sec9_GFP,170057,1.4767878103653698,0.2056908613629241,35,[26848.81732231 53120.23680428],Ring_Rand,0.58,0.42,17
1750,1750,17,61,Exo84_Sec9_c,90,54.49533412155,50.384975685958494,52.02923416349495,55.04227095490207,9.269090415217542,90.0,0.6944947273073011,-0.0118547379902847,[32970.77566133 56759.02723105],[32975.49 56746.64],[32961.50722222 56759.13711111],[15.50823525  1.27944387],2.3247397495780247e-26,20.552539571451007,15.560923405109287,0.8832206059213804,0.875,1.8237829940870431,0.4091564246567854,-0.3456648953056038,-0.9565258436645896,9.493293482596911,10.621436234257404,0.1307442092851636,0.3227188787638577,0.3480812632545018,0.6348246884838956,1.6654913307561237,37.87888320917397,13.926707683051587,[  2.63816316 -11.51618219],11.814497746995071,35.53276355065111,13.50302202052929,[  6.84710339 -10.13896584],12.234437183714071,18.288508843438663,0.3258640901858261,0.3231481182204612,0.3280319668638531,0.5657806278635107,1.89118096615796,0.875,1.724772842331958,Sec9_GFP,170061,8.378966373316683,0.8640870201784434,42,[32960.18002316 56754.61292626],Ring_Rand,0.51,0.49,17
1751,1751,17,62,Exo84_Sec9_c,220,77.36402025209168,76.0962040260794,76.12460636706884,68.93824763764945,1.4852037863420284,229.0,0.5722779590358957,1.4536392821823725,[24537.86278613 45443.13215902],[24532.58 45452.33],[24537.68918182 45441.65713636],[-1.08236731 -3.33259699],11.080339858981851,37.69917792680571,3.5039580074778565,1.0444800686404092,1.0,0.8084832569761977,0.5629738621560775,-0.547548375635295,-0.9311810003939476,23.10034747431916,20.599863494925632,0.0159882228303888,0.1072501495314775,0.552808201499365,0.4469361752313608,-2.910658664916473,54.20405403654328,22.99959574544929,[5.35504746 1.22525433],5.493430759070389,49.328944251480536,22.4616490163942,[ 5.27811449 -1.88835013],5.60574337734713,20.198240778843587,0.1041199648606488,0.1326841035205286,0.5559956196435262,0.4331634132738912,-2.8947183590499823,1.0,0.7790770250161535,Sec9_GFP,170062,15.492143009705154,0.3817838906888171,101,[24538.09527445 45446.01501819],Spot,0.43,0.57,17
1752,1752,17,64,Exo84_Sec9_c,76,65.5471665074623,63.144625519944185,63.29659882155993,58.27516704584652,3.131121785308119,74.0,0.6761049690712101,-0.7046877666296982,[18935.49677932 64439.61996131],[18930.22 64449.41],[18933.11144737 64441.64828947],[ 2.23369786 -0.24702268],31.54983150535437,18.904593114259544,2.2473153588434944,0.3153441566489421,0.8125,0.996677231545726,0.2818761183520459,-0.0544976111628997,-0.613104347525845,8.016558940859616,22.304810164842745,0.0990195545088741,0.3192401025707742,0.4959214800372645,0.4942736477875997,-2.14481695542123,45.9629229247698,16.397191370796524,[6.06976258 6.43740937],8.847726105068963,43.00812991431169,15.998537361815783,[2.23161976 8.14642766],8.446562041954357,23.438199325032887,0.1900921114656337,0.3336644049664707,0.4779267865648445,0.4859382025936926,-2.2208263631851124,0.6875,1.0167628520812384,Sec9_GFP,170064,2.7491066225375977,0.5108618005600161,42,[18935.07703158 64440.66908136],Ring_Rand,0.77,0.23,17
1754,1754,17,67,Exo84_Sec9_c,45,75.3219332846567,75.3219332846567,75.8345132314168,64.00560912350741,6.287327849204961,47.0,0.5739614752993226,-0.9325280159064672,[15371.65246937 47671.02868871],[15357.28 47660.25],[15367.90644444 47676.07822222],[ -3.7194983  -11.72584834],3.3743429350889045,33.22988401157421,12.301633509650458,2.3147487089244345,0.3125,1.145634126595917,1.129865224409938,-2.4821706798478944,-0.9490763445115304,4.7466467412984565,12.905839406818666,0.1004763765966081,0.2007544590659541,0.4613575471585717,0.5285469505874448,2.9863838747030544,58.18740040550229,22.445003241782665,[21.89967275 -3.40430769],22.16269336764332,55.96375185027808,21.591910296779982,[ 24.28490149 -10.66804024],26.524771877294345,26.32645741966968,0.4228725496184822,0.1089739912767226,0.3849086275770602,0.436270179202104,2.875819366828742,0.375,1.1334382966377157,Sec9_GFP,170067,15.52780639195473,3.845909364543372,32,[15369.11618973 47675.78156393],Ring_Rand,0.51,0.49,17
1755,1755,17,68,Exo84_Sec9_c,120,75.80797164667618,74.48652624468217,75.412401370767,79.19966988900518,8.414870477675356,124.0,0.6233894602930863,-1.1912653780767417,[32260.39524859 46430.39769421],[32235.34 46430.14],[32257.27766667 46438.21375   ],[14.83164705 26.71523565],3.661299495200737e-24,17.54958552247874,30.55620346526561,1.0177154218201991,0.8125,0.765314343411942,0.4712642523549627,-0.458848485594428,-0.9567058936624416,12.657724643462553,20.026665151434216,0.1413985203753849,0.2884396893772949,0.5551455819146223,0.4248608765210296,0.3620937867948724,54.57403944057495,17.414611032450658,[-11.36620822  -4.28941431],12.14865278682706,52.17418586806704,17.122810510488204,[-13.46405346  -1.8219658 ],13.586769108984509,27.093306964326302,0.2436724370560359,0.3070707964114761,0.527367116890948,0.4132566265282243,0.3108307098850771,0.6875,0.7836222875717902,Sec9_GFP,170068,11.148513873036167,0.3556364854569186,66,[32252.21979995 46436.04508213],Ring_Rand,0.6,0.4,17
1756,1756,17,69,Exo84_Sec9_c,85,69.5851928667044,69.5851928667044,71.45931001373414,64.85449376703676,11.613106629263362,86.0,0.687412028642866,-0.2956041272592768,[32341.18787409 46865.65301266],[32326.36 46886.39],[32330.07847059 46869.03611765],[ 4.7735385  -1.72209625],17.653474580565568,28.89987394746193,5.074670959896196,0.8412364365777032,0.6875,1.374564480737644,0.5310716139331343,-0.3966900218788753,-0.8879328281467757,8.754926211728266,17.475175851876543,0.0562751985329487,0.1610945698989162,0.4197961816225,0.5770369204075774,1.5698749577530362,49.66249345679515,20.65743042217297,[ 8.43712319 -8.98873684],12.32811574092841,44.23893879409836,19.450260119364888,[-1.65656325 -5.78535398],6.017850321864067,21.43638607327644,0.2562628813365226,0.1701720128511528,0.3983730589651555,0.5359562766839477,2.148309696341218,0.625,1.3453627563977064,Sec9_GFP,170069,7.755816726122783,0.7011558483877438,51,[32330.58083993 46867.00032207],Ring_Rand,0.64,0.36,17
1757,1757,17,70,Exo84_Sec9_c,52,68.6328150212395,68.6328150212395,84.31939311082898,56.52645479263867,34.98758348880416,54.0,0.7723439659490219,0.6321114234850657,[42442.90611686 55320.81337191],[42451.11 55336.75],[42471.13346154 55341.48576923],[-15.43290173  -0.36655994],33.57075280213808,15.343099062968868,15.43725435422338,0.2645331868374201,0.4375,1.426283899203264,0.2496771254483142,-0.0315523991327234,-0.4777200482671553,5.379532973471584,17.186248029163686,0.1268008993203952,0.3792498862071188,0.4055261349484437,0.5783953969830953,0.3436828593698897,54.6763249923587,16.406799352861682,[-23.98322265 -10.01641618],25.99083611098527,55.04396679867787,15.933020865201875,[-27.07946927 -15.42424627],31.16416257543661,27.41008554096009,0.5269110657026622,0.1410993213187692,0.2440731519196241,0.4782915769204606,0.407629113729459,0.625,1.959623879802917,Sec9_GFP,170070,1.907575938408428,0.4558598369335858,35,[42472.10626113 55343.07608418],Ring_Rand,0.66,0.34,17
1758,1758,17,72,Exo84_Sec9_c,61,73.1711046020689,73.1711046020689,73.17330165734234,59.96118169893335,0.4050237770439197,71.0,0.6051288556907275,1.4441874982131335,[21217.18525075 41669.1757591 ],[21232.3  41667.67],[21217.23639344 41669.57754098],[ 0.53541816 -6.0878153 ],28.02112512075569,23.321663689606503,6.111314728691256,0.534278814977901,0.5625,0.7947755508523919,0.4283151058678588,-0.1720755201653805,-0.75194789099161,6.223381283035756,17.554961740598433,0.0386788298598736,0.178678518468089,0.5563391743588506,0.4421647737618204,1.4755486304272605,49.43097349642084,19.51780171212349,[-0.97414432  1.86986858],2.108403580965971,45.68299527994589,19.08125572969501,[-3.16557937  0.37365777],3.1875559415317936,16.59911286170957,0.019621718210288,0.1868819543508444,0.5571002618083716,0.4425147263661044,0.8755368534793937,0.5,0.7943179292892135,Sec9_GFP,170072,4.172850941524942,0.4509719966844981,37,[21220.93398477 41667.04581194],Ring_Rand,0.6,0.4,17
1759,1759,17,73,Exo84_Sec9_c,67,60.51107986911386,60.51107986911386,62.22242018810789,61.675090493700765,10.351939262733746,67.0,0.6455266240450562,0.5460044041539602,[21231.05331821 41148.478061  ],[21210.81 41146.19],[21239.90014925 41153.85358209],[ 2.73917082 -4.73279997],38.65113546006665,14.059007731800824,5.468313478876008,0.1734479380726185,0.8125,1.0449637608213096,0.167577388513656,-0.0109322166471876,-0.3761176120135339,7.067229592599925,23.153812620451173,0.0771453059814679,0.2622411822114138,0.4860959498694444,0.5079526518955814,-0.3762426074728146,43.50722501070997,12.243666652734111,[-4.96880902  0.1760691 ],4.971927531070751,41.945884608375415,12.09340082997673,[-6.11786977  0.34739629],6.127725081215044,22.972466241085648,0.1327549540540207,0.2955591682700454,0.4737191933900447,0.5086569287840702,-0.0817975697835381,0.8125,1.0737519946025469,Sec9_GFP,170073,1.4197325606782691,0.2212103635792167,38,[21240.6135186 41154.0185479],Spot,0.44,0.56,17
1760,1760,17,74,Exo84_Sec9_c,64,74.79451843741643,72.65139601244876,72.75417617625261,61.75911060090647,2.7613225653666014,68.0,0.5658667803510685,0.9338844491805248,[19470.16001418 45301.42133326],[19472.16 45303.55],[19468.5178125  45299.20140625],[4.46789749 3.66330126],39.48390642279431,13.637356176274048,5.777705778922504,0.1935057849484543,0.6875,0.8897324134679568,0.1876279235626686,-0.0129272941124754,-0.3560542748331384,6.539824399122318,24.054769271329658,0.0265354630388885,0.1901813027556078,0.5288028411215355,0.4704930280797763,-2.1921442054098312,49.263009021496,14.534793443717794,[-2.80022561 -2.65486221],3.8586988513312384,47.11257237099748,14.239268515485584,[-1.77335416  0.47462391],1.8357703631109967,24.42478663650812,0.0289906791561857,0.1767536324925094,0.5297875529161024,0.4693719876059606,0.6775972029592248,0.625,0.8859626562051199,Sec9_GFP,170074,1.548046279587635,0.3338874794673249,39,[19471.23595658 45297.50633918],Ring_Rand,0.6,0.4,17
1761,1761,17,75,Exo84_Sec9_c,68,71.52405736174462,71.52405736174462,71.76944289354715,61.27770075389802,4.235548765971866,69.0,0.5423060515822302,0.8471687140052702,[24632.90365368 62275.63430456],[24626.62 62266.86],[24630.09926471 62272.46014706],[-3.25272772 -0.27979734],35.692622897331894,14.756525346390884,3.2647395297670254,0.1835403586985065,0.625,1.2897669668843048,0.1753431810070175,-0.0138584839299643,-0.4306210596950136,7.067229592599925,22.316919904404912,0.0332406927233237,0.132981856649333,0.4362431071780523,0.5626519491692212,-1.9312632135097607,50.82146122428345,17.353321118803535,[7.27346994 6.47621248],9.738824007719495,47.33986115528919,16.836925784453893,[5.88952476 2.18132647],6.280500543119246,21.96195807982007,0.1616160821833693,0.1087804599049075,0.4325650772878328,0.5413151646918656,-2.3951375103630035,0.6875,1.2514074600887617,Sec9_GFP,170075,1.5135125709553916,0.418096415232457,45,[24631.68177936 62273.05441773],Ring_Rand,0.65,0.35,17
1762,1762,17,77,Exo84_Sec9_c,117,73.85801711379048,73.85801711379048,76.47349391315045,80.29573643154255,14.163559510662914,126.0,0.6836923556086968,1.464806529976674,[38752.19691546 53347.16575066],[38762.8  53357.19],[38753.69529915 53361.24982906],[3.15631404 2.67561953],5.865931158733301e-66,22.61437120123397,4.137784216810259,1.0668346198698653,0.6875,0.8563892221082144,0.4941193043618805,-0.5042711506985564,-0.9566106267853418,12.130319449984944,5.779897734228206,0.0585319391810405,0.0777391652418826,0.5368346251029967,0.4597393869927103,0.8528202829628744,55.54869945314927,26.711301135231125,[-11.58537568 -17.50772446],20.993840651322568,53.00351202622018,25.670009502283413,[-17.59593567 -22.35888273],28.452356472452628,12.552488502221088,0.4701959528556165,0.1836043249684027,0.4357023171571011,0.3432134487610977,0.890298669690149,0.6875,0.7877246350226438,Sec9_GFP,170077,11.5395807731428,2.440845778272755,68,[38752.98448665 53360.70667494],Ring_Rand,0.53,0.47,17
1763,1763,17,78,Exo84_Sec9_c,60,59.212434870412864,57.45721508062347,57.803577417269416,59.245808342815984,4.513132617947438,59.0,0.6714023641187926,1.207485998649182,[37829.67466718 52765.04720706],[37830.38 52773.2 ],[37828.07083333 52760.82866667],[-4.276311    1.71177462],34.56852247374127,12.61389146251332,4.606192364379159,0.1552772197416688,0.6875,0.6492621538287172,0.1499872618455898,-0.0087893169482812,-0.3773922718837217,6.328862321731276,21.93014846924976,0.0648794197200001,0.2975402091992724,0.6037794892613616,0.3920111716354345,2.696975344106729,41.635265968341656,12.419630315468154,[6.25180151 3.1713579 ],7.0101735399532,39.50510065258163,11.948960899763335,[ 3.89397659 -1.97857314],4.367814715640035,21.820424237266995,0.1528827754953594,0.3297178186328808,0.5978052982309698,0.3788215587258657,-2.826818443682595,0.625,0.6336871885325833,Sec9_GFP,170078,1.2027721722097455,0.2504634747224951,36,[37832.30603673 52760.6868245 ],Spot,0.23,0.77,17
1764,1764,17,79,Exo84_Sec9_c,74,76.74771599649974,76.74771599649974,80.45688670566516,67.2443544779028,17.248169197265934,73.0,0.7333067705082241,1.5345038926473764,[26280.77394875 55384.42708158],[26263.8  55366.23],[26280.14810811 55367.19027027],[ 11.99279437 -10.14975655],42.71990990539441,19.36081883951579,15.711291315882756,0.3271443568898815,0.5625,0.4545177718680531,0.3091299060361497,-0.0479000312487464,-0.473647600560042,7.805596863468573,20.77077548686612,0.0880467316520863,0.3677751109213427,0.6821833271731227,0.3100644458722628,-1.1852470958227614,58.440101968888,20.253865874105184,[ 1.47066776 20.19585343],20.249329856171823,55.38759446993024,19.5570765626772,[-3.9428031  20.72459919],21.096319767821225,26.92407343896308,0.3785445030424981,0.2291959565994944,0.605186972453707,0.2515170867626011,-1.507267080397162,0.75,0.4156022819573179,Sec9_GFP,170079,2.8142021672442383,1.150416824334658,46,[26284.56266172 55367.94652928],Spot,0.44,0.56,17
1765,1765,17,80,Exo84_Sec9_c,92,68.50585292467126,68.50585292467126,69.55776929367035,65.90077124635992,8.60799889560438,95.0,0.570259635138628,1.4383365918136772,[26502.93692246 55707.42599388],[26503.25 55669.75],[26504.07380435 55715.95858696],[ 2.88759057 -7.89274865],6.050556042541391e-11,33.21453327239328,8.40438340995634,1.6269601720599849,0.625,0.9406979340480612,0.7536699166386764,-1.1729027796460307,-0.9565417130513654,9.598774521292436,12.4221615962248,0.1024029720007851,0.0617869215478239,0.509875140260185,0.4796384910652215,2.9158375805799417,51.16423839834563,21.215155549373133,[ 12.03596829 -11.11777575],16.38503800223323,47.47120166749395,20.53275036065693,[16.41292663 -7.01464528],17.84907305838475,16.726616619310214,0.3837462587417012,0.1443334950732343,0.445343103572577,0.4073957053291702,2.482222237637865,0.5,0.9147906458211884,Sec9_GFP,170080,15.605253760679124,1.9534116989931336,56,[26508.63178368 55712.27240033],Ring_Rand,0.6,0.4,17
1766,1766,17,81,Exo84_Sec9_c,31,48.44743788841785,48.44743788841785,58.84123309456741,51.58701403788161,23.85261370757731,31.0,0.7626656454911627,1.1864893150802778,[27057.49628699 54959.68207118],[27065.75 54936.16],[27066.43903226 54981.79483871],[ 8.19713043 -9.61050515],5.772422137349711e-16,10.004988779674882,12.631498583939065,0.404014025034611,0.125,0.5835542489547554,0.1870513278120554,-0.0723049280346385,-0.9567768555467868,3.269912199561159,7.134642650298402,0.269488827003602,0.4502086060770232,0.585629303658115,0.3417464684621077,2.386171686646335,48.6688821771114,12.958007698233343,[ -2.92682174 -34.09642407],34.22181204942245,45.08426635549964,12.564393213901225,[ -6.03770697 -30.92690531],31.510750189645343,24.70111532090435,0.7127824475283996,0.3796681832501519,0.315800682877761,0.1761404996176632,1.4437717608611764,0.25,0.5577584507182434,Sec9_GFP,170081,2.249454890671223,1.414684019520938,17,[27071.73033342 54979.59737735],Ring_Rand,0.67,0.33,17
1767,1767,17,82,Exo84_Sec9_c,54,66.26945625174204,61.14550659845881,58.79874981752646,52.98669623561961,1.847012865111171,64.0,0.5791043935969792,-1.5485127090114272,[29763.91447611 43723.69431292],[29757.06 43718.28],[29762.13509091 43723.19909091],[ 5.36860772 11.54197852],2.790733892427004e-10,27.45532905196537,12.729462557393026,1.3345767437740303,0.4375,0.8677192159800621,0.6182041863741545,-0.7891989954549259,-0.9565573860898196,5.695976089558148,12.825856977970254,0.1245197600862441,0.0789345287285487,0.5271107246339826,0.4573841047140817,0.5222335362199871,45.11893817421982,16.932842834849907,[-11.4394539  -10.05680046],15.231557407938327,43.94975349686807,16.480890659511857,[-16.29641181 -10.80627   ],19.55373389102977,24.365941132115168,0.4130140901705063,0.1123591828796323,0.4072322573209608,0.4221871039996681,0.6073653421218875,0.6875,1.0367231387245452,Sec9_GFP,170082,9.807096134494383,2.073635458841891,40,[29753.99227317 43723.54258264],Ring_Rand,0.52,0.48,17
1768,1768,17,84,Exo84_Sec9_c,40,59.25359085227628,52.67167387987166,53.078669796662766,52.06979716198552,4.6860604225249896,41.0,0.6133619307722968,-1.2700600815336105,[30321.47262883 46296.26524373],[30329.61 46300.64],[30322.86075 46291.7895 ],[-5.11005572  0.99271049],33.240090773487616,12.029361984688512,5.205587730197835,0.1330658569321849,0.6875,0.6303989947463026,0.128610324733023,-0.0064021425668296,-0.3740958333825512,4.219241547820851,20.05424744806308,0.0466826762171637,0.2608912949910399,0.6120101465693487,0.3858105811718547,1.704540447457055,37.739054939523605,10.477629980900112,[-0.09731699 -2.96056505],2.962164080669024,36.65392190147446,10.254247595241967,[ 0.93495284 -5.68538451],5.761747462421142,20.09412130810229,0.103300656906579,0.2479422343176926,0.606543999933155,0.3827849743495143,1.6517524786771904,0.625,0.6310918488876316,Sec9_GFP,170084,0.84158237341562,0.1499576523503792,25,[30323.49818501 46292.72470599],Spot,0.28,0.72,17
1769,1769,17,85,Exo84_Sec9_c,95,66.48403396291341,66.48403396291341,67.6626733070958,62.272000398301074,8.981573741695287,96.0,0.7185269862740108,0.5486019451037554,[30049.1338008  62923.64636614],[30054.03 62943.41],[30056.79736842 62928.33021053],[ 0.51666393 -6.14101683],33.46895146154099,17.554630067177193,6.162712825303826,0.2809906910232339,0.875,1.3563949481081807,0.2591198068687731,-0.0397850842685331,-0.5464214489986614,9.915217637379,18.26233501866698,0.091693123716859,0.3856162783804542,0.4208090718659618,0.5707832991970829,-0.172683988451145,49.14125406815591,17.33419193283431,[-14.47555349  -3.33847202],14.855539177783562,45.75405434093869,17.029143607432726,[-13.82150025  -1.5120478 ],13.903961939609744,22.63255564310616,0.3342528319968507,0.2544333898447148,0.4102188598436809,0.4780561844584043,0.2398067044202633,0.75,1.1653686147939997,Sec9_GFP,170085,2.738758478209219,0.2950491735896812,53,[30051.62987746 62931.12738997],Ring_Rand,0.57,0.43,17
2369,2369,29,1,Wild_Type_Exo84,54,76.4351572579615,76.4351572579615,77.62884767368143,57.590516892698936,9.686534049120032,42.0,0.6931595367492591,1.1827601297549972,"[42195.395662462804, 58955.03526682222]",[42174.94 58929.81],[42191.73055556 58946.06888889],"[-0.6838569005664641, -2.3649802576480443]",28.872942519071607,26.440006976738086,2.4618675592966777,0.6464645376669214,0.5,0.6213789809397925,0.4997790747768924,-0.2527305214879973,-0.7822308114751099,5.590495050862628,19.82847120067933,0.0282433891777282,0.3138396545208637,0.616266969483342,0.3829353414844132,-1.2751517250477464,53.39726590422166,21.054247478475105,"[5.140489716711796, 3.037932420021588]",5.971069243966104,48.95383462392317,20.45260867316006,"[1.6409974452384257, -0.8278604042067536]",1.8379949575916712,20.747613358044564,0.0944581109789209,0.2834693732174714,0.6016453873773394,0.3894322778929544,-2.1980086710193465,0.3125,0.6472787559970282,WT,290001,4.75052476226458,2.23435099046867,43,,,,,29
2370,2370,29,2,Wild_Type_Exo84,33,46.41459434481542,43.697715595281416,43.791916561216375,27.138076361543604,2.050585762306167,34.0,0.5472369248520237,-0.7897802079802709,"[30573.7957786332, 53475.82056547093]",[30594.88 53482.81],[30575.23939394 53474.36424242],"[-3.668596808217083, -3.101091894228394]",1.1740035064626624e-16,20.849295326724807,4.803683324045166,0.9206089041183432,0.375,0.6540294513748367,0.4263911644443279,-0.3755081036055454,-0.9566122672867168,3.3753932382566805,6.426859824600792,0.0777980336870579,0.2573974040403568,0.6009248898973678,0.3930225760570596,-1.6542088774106765,29.80786099047912,14.360558837324929,"[5.100214609157241, -1.3137764817129503]",5.2667065328688105,29.363617496889105,13.506062206931556,"[-0.35424437995727737, 11.428710838834979]",11.434199601127988,6.95440343873235,0.1965027008672496,0.3158957738490965,0.5665463117229677,0.3948403768289085,-2.9852979974118994,0.3125,0.696925156265035,WT,290002,5.288495522668543,1.4764854700672991,22,,,,,29
2371,2371,29,4,Wild_Type_Exo84,32,57.952843175338735,57.952843175338735,58.49777208609766,40.90231237334193,5.69000676678257,32.0,0.602131085073754,-0.0983459057838872,"[25408.68467519927, 42564.863062256]",[25413.38 42552.88],[25414.3471875 42564.304375 ],"[-1.2298027445684785, 9.044942208898336]",5.011885318038255e-16,24.87691339268825,9.128164895139596,1.6498495500459835,0.3125,1.1879908050978203,0.7642473128453209,-1.2061151223308757,-0.9565562191332048,3.3753932382566805,8.168415277458964,0.0905150960420941,0.1856029762042626,0.4532957885735488,0.5385112288149416,0.0286155660670786,45.18453193507412,17.572278201849137,"[-17.396810209461137, -5.045410751766771]",18.113673705741057,42.99147912617296,17.17941054764207,"[-19.97710937872947, -5.547772094298124]",20.73312987322449,21.164899742426133,0.4514807188717934,0.1178074413468776,0.3606322639668947,0.4355328965201138,0.278967260028885,0.4375,1.2076925445586166,WT,290004,9.332958438200714,1.9382310389215125,22,,,,,29
2372,2372,29,5,Wild_Type_Exo84,34,61.86498809104552,61.86498809104552,61.88653569523191,36.84386416584895,1.1663979201621215,35.0,0.5849411620139924,-1.343615156615221,"[32341.00464277967, 36419.8605451543]",[32358.25 36387.  ],[32341.26735294 36418.72411765],"[-7.651337110478115, 1.3806963915474675]",8.49936863716283e-22,28.564021779064245,7.7749136396368925,1.8850067543736988,0.375,0.7292092740572702,0.8734565561671943,-1.5747148386915002,-0.9564179100665812,3.586355315647723,7.513811137627477,0.1120023480245401,0.1703388868261619,0.5710445166189214,0.4164109574180684,-1.814109382531352,48.21040038863851,17.991725359617863,"[-9.160712448519075, 16.959712052760924]",19.275644878369608,47.69924009009667,17.325152714855516,"[-8.743462025795566, 23.371736644822853]",24.953681131077325,17.698604472744996,0.4639441321976031,0.1137582580424228,0.4157849821325169,0.368970860066896,-1.1369932513708343,0.3125,0.8874078572402584,WT,290005,10.99138370621151,2.549280389876837,23,,,,,29
2373,2373,29,8,Wild_Type_Exo84,78,66.7994959698792,65.21584919611367,72.35036390421395,46.36626449729948,22.377423146651672,84.0,0.6808946176987547,-0.7065876353497964,"[19557.816398139614, 42775.69368443566]",[19561.62 42801.44],[19540.79653846 42790.22205128],"[13.219519535532951, 13.86987112605878]",12.6368170679519,13.03265907904844,19.16061120642597,0.2470794623814404,0.375,0.6672381883382846,0.1825245825019288,-0.0366898831502169,-0.8135576200920177,7.805596863468573,12.869154584485829,0.2578661580914,0.2486430660428305,0.5599110259354086,0.3735940185757723,1.1073287719375136,51.73249404150001,15.233984081221076,"[0.06188740660823422, -27.582247313594994]",27.58231674314932,48.96326077830082,14.903986487668242,"[3.885996923132509, -26.748362627837267]",27.029167122885543,25.830450936302327,0.5883339511559293,0.4480126216044345,0.3244171759936551,0.3294459859235975,1.50882325001204,0.5625,1.0155010594446476,WT,290008,2.182146726733729,1.1705910372144832,39,,,,,29
2374,2374,29,10,Wild_Type_Exo84,47,60.985737984802505,52.9620366365711,61.85115559019166,34.03310331232186,22.819032102538785,49.0,0.7493397394298988,0.950273304835135,"[14906.78630916269, 47951.412890820495]",[14913.69 47985.31],[14920.05468085 47969.97787234],"[-2.6213716679261214, 2.158106352364179]",12.206215687120944,19.021342414139788,3.395439949332104,0.5327049365882336,0.375,0.7557535834216202,0.3412574062222183,-0.160472925923442,-0.8827403208714063,4.852127779993978,8.80295775894193,0.0607359654179583,0.2569371323855308,0.5674549959129989,0.4288561465917497,-1.4921327798153543,38.911528872406976,16.56589975533141,"[7.18203479173404, 10.78065536195987]",12.953924261899646,35.21748037693148,16.142477428653983,"[5.422450996809251, 10.983823961756737]",12.2493821736306,15.50906164069924,0.3779748256097598,0.1931673821679476,0.5345248670630239,0.3226101641422476,-1.9764959303344376,0.375,0.6035456608685892,WT,290010,3.65204104917747,2.157582690893628,28,,,,,29
2375,2375,29,13,Wild_Type_Exo84,35,39.87995187256471,37.40018451719239,37.43468834797531,21.28639396378508,1.1477773085331138,35.0,0.6723438274385387,-0.9968107509483012,"[41469.56906190226, 45137.47726716275]",[41452.69 45112.34],[41470.19228571 45136.51342857],"[-9.324292233229654, -6.623220174657196]",7.271893819467557e-18,12.075992228431064,11.437196821452927,0.301484831440834,0.3125,1.2087157649535416,0.1395350255293087,-0.040255440932401,-0.9569205591731396,3.4808742769522016,7.478672880482521,0.2677814625509209,0.220058214318961,0.4202863505769452,0.5080067377371447,-2.38910544112233,29.07416607030756,9.891987376089816,"[0.21107769091122952, 15.765162193051369]",15.766575175503926,25.947448567981954,9.513536818859682,"[4.874723797651028, 11.220308451941586]",12.233489030529968,15.60280499965712,0.6179848532200873,0.446831002693325,0.303649167207629,0.3144455539829182,-1.7875422280192492,0.25,1.0355554631503627,WT,290013,1.7836083161983138,0.9607642746157684,19,,,,,29
2376,2376,29,14,Wild_Type_Exo84,31,52.18714467025147,40.24165915912592,40.466675415625765,27.26318775720381,3.043954137798341,32.0,0.7300530110388431,0.3977456342103305,"[14796.191493848697, 38214.67775775313]",[14806.75 38229.44],[14793.38516129 38213.49870968],"[-3.944689603952462, 1.4242624305402476]",16.17721544370477,13.553256178746537,4.193936044168896,0.2237599931836007,0.5,1.480150691236146,0.1789186343071552,-0.0301933685117704,-0.7541774676458648,3.164431160865638,13.700974044311144,0.1504402119169407,0.3057866571352013,0.3940759511476501,0.583291791490736,-1.256112971322422,27.29913680117346,7.964588765026106,"[0.9022611366902455, 4.536480313739407]",4.625335533312882,25.91730196173402,7.8461819532158525,"[0.9388852264502476, 3.5320802307105232]",3.654736136114704,15.135318478937169,0.2273415678284708,0.3358577155842977,0.3732312955576481,0.5750845159796446,-1.564623287406425,0.5,1.540826085123451,WT,290014,1.2458429158747406,0.1613010632671798,20,,,,,29
2377,2377,29,15,Wild_Type_Exo84,41,56.90037558999089,56.90037558999089,72.8084764522273,35.60651491178868,32.44635683625408,41.0,0.7192878910557067,0.9438095964807012,"[14509.77236749445, 39286.809420461206]",[14478.62 39279.44],[14490.73585366 39260.53439024],"[9.01054416436735, -10.257971203704068]",14.201665616284808,12.497869738421292,13.653420060704072,0.2185755300260681,0.5,0.9105487073634232,0.1715714880532476,-0.0288837685448156,-0.770206533003309,4.1137605091253295,14.102918870866198,0.1494823003672799,0.0808496373024961,0.5117142725066038,0.4659407693703025,2.683579610355692,43.45116225594432,16.073742550165377,"[-2.1501463609117293, -23.349885814409195]",23.44867367079191,37.74249261236634,14.35006086597167,"[8.640469334505369, -13.298401400023232]",15.858915162036386,16.150444188841345,0.5342089198560627,0.2492325280116484,0.4256548722615369,0.2889659576846818,1.6554485924711897,0.375,0.6788738400887638,WT,290015,1.399566274019648,1.762650646317086,27,,,,,29
2378,2378,29,17,Wild_Type_Exo84,120,58.3182921601988,51.518940086564825,51.60650889492842,35.43397721485072,2.146493661873643,122.0,0.5536937388254974,0.1651491987135482,"[20589.01887145499, 60893.92638248799]",[20619.   60898.62],[20586.90158333 60893.5735    ],"[-7.050266457574732, -3.424309325872824]",9.134131446280573e-14,23.324627402616663,7.837866513411858,0.6507703413575112,0.9375,1.1647138138380824,0.3014567666035768,-0.1876548533412586,-0.9565485387050204,12.446762566071513,8.164288136340838,0.0925620332600092,0.117270173560761,0.4579969248872408,0.533435345111532,-1.8731296951236047,38.693940338983616,16.79577066811097,"[13.575223354881844, 5.675012048368377]",14.713682437923406,32.9767853324373,16.134567911014308,"[6.313745269382998, 4.638349540430326]",7.834389943439527,13.741551486415808,0.4035659272131665,0.1780975849502575,0.3813783188223058,0.4557562235702714,-2.6458553989482003,0.75,1.195023946242262,WT,290017,7.128831914336921,1.0163416127600955,51,,,,,29
2379,2379,29,18,Wild_Type_Exo84,47,51.03756652231453,51.03756652231453,54.55601022032417,32.55789835517453,13.767846574770198,49.0,0.6592982973390882,0.0139001689323867,"[20501.375878223163, 61459.59647561351]",[20493.22 61487.06],[20487.6093617  61459.40510638],"[-1.4060322123698896, -5.537766291074171]",18.284535947430182,17.641748767969208,5.713473731170833,0.3373814999399292,0.5,1.4966852229706444,0.2556661122531487,-0.0687353065544087,-0.7968662654311182,4.9576088186895,12.53456726631704,0.0229299410073296,0.1995051005957294,0.4003204763699408,0.5991537414354595,-2.816565211164572,39.52508505998503,14.82446952787604,"[15.164758347678935, 1.807186879944702]",15.272060115208498,35.61876974784365,14.537877093579144,"[12.069347604130945, 2.3196871527842764]",12.290244101568277,20.720811639466305,0.4104467838502975,0.132761346225529,0.271057684287311,0.5604757533396364,-3.0209936546933283,0.5625,2.0677360791791943,WT,290018,2.31297103215338,0.8633209372314679,27,,,,,29
2380,2380,29,20,Wild_Type_Exo84,30,48.08591034508264,34.47998309344755,34.53732033656135,25.647571494356,1.420919130861103,36.0,0.5834564019879777,1.0018986338508291,"[29555.370212290964, 47913.230548971886]",[29561.81 47905.12],[29556.13566667 47914.42766667],"[5.283465139324559, -5.232496378617068]",8.520077438149039e-19,17.17498499441363,7.435995039717186,0.7190187478866743,0.375,0.7259955867455246,0.3330634469528999,-0.22907565940261,-0.9565589919729908,3.164431160865638,6.046727158396772,0.094590739473312,0.2701044831420813,0.5741918459215676,0.4168607460843243,1.448417794074054,27.11511551052965,9.778158581224016,"[1.9340126240324547, -11.176902457378546]",11.342995784697774,26.710403512881687,9.284238453594048,"[-2.6008515707030773, -13.649629112984805]",13.895207944283202,14.309883418578224,0.4527074330491795,0.2144511032062906,0.4289290825802251,0.3661268974817974,1.650500403726377,0.375,0.8535837562688898,WT,290020,3.938227874866515,0.2756979159806184,18,,,,,29
2381,2381,30,1,Wild_Type_Exo84,37,58.155065883666296,54.110087771383206,61.25953500456768,28.47741740815416,20.514169199196868,38.0,0.6756174001549494,-1.025153122523588,"[27498.750289027987, 51378.28727376991]",[27515.62 51366.72],[27509.39648649 51360.75189189],"[2.774501331715842, 6.72600853079522]",6.964989781184538,21.15124675002487,7.275785070768863,0.7820655776658835,0.375,1.3446434463866677,0.4291940654241931,-0.31126301400947,-0.9273221623706908,3.586355315647723,8.744776695958477,0.1955316137706012,0.1065679155515633,0.4101977166287032,0.5515696713875612,0.0568516106666203,32.388402143003304,14.231216186767613,"[0.8853499501654261, 4.525662804539285]",4.611449702062065,29.01872980228282,13.84730164006123,"[3.1175955764985366, 5.168644740457179]",6.036082391059527,8.167832011997039,0.1764960556862322,0.1656444213518541,0.3950018875917041,0.5738472547354982,-0.4032519419638446,0.4375,1.4527709177143442,WT,300001,4.757119192062068,0.9642624729577828,25,,,,,30
2382,2382,30,4,Wild_Type_Exo84,44,48.93066308697782,46.83057666586441,47.52417773395741,41.13266135310308,5.778415079634941,46.0,0.6141281048709811,0.6317191149934446,"[34529.58651370769, 50425.2581098752]",[34528.22 50425.66],[34534.24977273 50428.67045455],"[9.731831741545356, -1.8084044903482828]",2.7750336178403856,15.556443976419596,9.89842794823812,0.400234573574064,0.3125,0.6192137225806756,0.2033046402155575,-0.0766865170643122,-0.9424474001734198,4.219241547820851,6.363529326260693,0.3315172158336869,0.2541627135692039,0.5497089872652883,0.3403873483405923,1.5994546458536518,39.06946815413953,10.772472147944448,"[-6.021070867487285, -22.047361443309224]",22.85474657490698,38.79671408037652,10.660150136686934,"[-6.969092431211269, -23.44964729735613]",24.46332372522524,20.29017563808229,0.7552862440651719,0.4202407344800459,0.2615311803519685,0.1680115091739571,1.3361196201567789,0.4375,0.6424148315617563,WT,300004,2.6548558173461263,1.2457882604805477,23,,,,,30
2383,2383,30,5,Wild_Type_Exo84,45,66.007004292366,66.007004292366,68.5040471655414,43.18209528218444,13.090732475230412,45.0,0.7598569271191146,-0.1820872682576715,"[35555.3520925248, 50488.75438334524]",[35550.87 50507.69],[35542.47777778 50491.12488889],"[-2.2154252646381325, 5.817300630439116]",39.23615113769787,16.906200555137897,6.224877165704098,0.3664963504409891,0.4375,2.027241055386485,0.3485302606311139,-0.0574333415878554,-0.4496286121306819,4.7466467412984565,23.67445983891253,0.0341290265039205,0.4579152975301153,0.3299490167037174,0.6688861928461772,2.3031876946676544,48.186193631523565,13.874489154680276,"[8.436836523640654, -5.273359829978507]",9.94929818746367,47.077954114319056,13.668193966831527,"[11.651770087065314, -6.668494706520258]",13.4250723578206,24.658344902497216,0.2237214110992516,0.4046759054381831,0.2911680313280555,0.6587806988877041,2.531983803337384,0.5,2.2625447439504915,WT,300005,2.45853225927491,0.3358905381527756,28,,,,,30
2384,2384,30,8,Wild_Type_Exo84,41,55.592259613086775,51.50995252975877,51.61043495074614,34.52326283283365,2.2992663190012905,43.0,0.6756239529832376,-1.409540391004048,"[23318.96550700693, 52726.243002440744]",[23301.75 52711.06],[23318.59634146 52728.51243902],"[4.645029627845494, 3.3948363529245853]",5e-324,17.824755738067946,5.753365459163945,0.9482829478786274,0.4375,0.7516149991220188,0.4392731587139964,-0.3984555922226111,-0.9565492120765796,4.324722586516372,6.004993951388874,0.0816057582061945,0.2514152738327458,0.5670997911787093,0.4262407090488826,1.556936017221658,36.99524751779778,19.08688522676259,"[2.571918272435884, -2.8847415241484633]",3.864776482700647,34.99914267111257,17.56362522895419,"[0.6779671034077586, -13.388406851526726]",13.40556143603508,6.783036688457315,0.1944647635477524,0.1321788169221887,0.5357965188692678,0.426386936869049,1.9414734536769864,0.3125,0.7958001253328144,WT,300008,6.07197352750591,1.7241626450055565,28,,,,,30
2385,2385,30,9,Wild_Type_Exo84,35,56.85550048339129,50.16047038375884,50.64990499377608,35.87664240394436,5.017321362268336,36.0,0.6932635119792282,-1.5458306399040098,"[22445.83703785193, 52404.17204354589]",[22508.78 52421.22],[22445.96228571 52399.15628571],"[-0.5662331399911361, -2.585247617056701]",20.20771176699648,15.527742855726336,2.6465307877146587,0.2278082468985125,0.375,0.7387987421246339,0.1880871518039513,-0.0309785749902675,-0.7229909556479029,3.586355315647723,11.441979722942818,0.0631516567354992,0.1779180145332136,0.5728160736040889,0.4231957946474726,2.847267043133761,33.84595382017622,12.956694198602392,"[0.6063661278877994, -5.9445347894164335]",5.975380635878516,31.03188016642706,12.64406014082324,"[-1.0047270187143218, -4.20111960791245]",4.319592844484423,15.121345743743598,0.1725942976806218,0.1280643135637083,0.5468393323166186,0.4233718760915143,2.0305717878933947,0.375,0.7742162113649553,WT,300009,1.3477317638996558,0.6167358163373597,27,,,,,30
2386,2386,30,13,Wild_Type_Exo84,86,65.32390955855652,61.73252758204926,62.299352387366696,41.569564885918176,5.98912050274218,88.0,0.6997909787515936,-0.9217754402588372,"[21464.17048452134, 50296.461388344185]",[21507.37 50293.81],[21467.79034884 50291.69      ],"[4.87713789532752, -4.2389550910649065]",31.334275824374348,18.126672593229216,6.461827474801911,0.2409228594372232,0.8125,0.8641726920848435,0.2173174778085801,-0.0311938336378039,-0.5957939469975686,8.965888289119308,20.3097111357408,0.1099523591427427,0.2491719222235556,0.5299457946753267,0.4579646840436187,-2.025627919563401,44.39601093275518,15.610653583778902,"[2.5690373076013113, 9.075345564394308]",9.431958958828162,42.82050377037203,15.236504701696177,"[-2.227430795727166, 13.308203897172787]",13.493322011961276,21.92489639016724,0.2524495217845269,0.2776150600979971,0.5162975366302301,0.4199717023205334,-1.8201304245781416,0.875,0.8134296070084006,WT,300013,2.2342266852647445,0.3956106923697293,49,,,,,30
2387,2387,30,15,Wild_Type_Exo84,35,78.19661053524057,78.19661053524057,97.60423163270656,50.43980115313396,41.72233369900187,34.0,0.7742943649161825,-1.1150205083263545,"[35967.31446355647, 38160.286689847606]",[35939.91 38196.75],[35948.95 38197.75],"[-3.1595206431599534, -20.290924019059304]",2.961309530238424e-177,28.2306036142244,20.535436889479406,2.646152678020258,0.125,0.552847988352955,1.2257446322880268,-3.1026116351196493,-0.9565606650429362,3.586355315647723,15.599109892184511,0.0709304171622106,0.4484876789350884,0.6407381040410267,0.354230771880168,2.757706932612884,64.38053449281313,21.04805486258963,"[15.899328475589808, -30.804175418743302]",34.66534103688308,65.73071151844562,20.55884985983171,"[20.906599782837947, -36.737652082151655]",42.26985917872192,29.917359264639707,0.6097572946156641,0.1023663513945767,0.4518128851261929,0.1763831565367932,1.9962409523086848,0.375,0.3903898324801623,WT,300015,15.654850361430556,0.2783090714959748,26,,,,,30
2388,2388,30,17,Wild_Type_Exo84,33,62.70640418845296,57.37752589033919,57.41194396593589,62.344881622064,1.4197643975315444,36.0,0.808915139390474,0.3702344187289565,"[19920.847201146786, 49750.48068869536]",[19909.59 49743.41],[19919.52363636 49749.9669697 ],"[13.08716538207684, -5.66184133237059]",1.0413752230120831e-14,18.44850595170983,14.2593949735173,0.8335582594010628,0.1875,1.1894736241044828,0.3861021506308698,-0.3078641929154771,-0.9565793471483496,3.269912199561159,6.594491300093231,0.3214615716789026,0.3102702603595385,0.4095333453950485,0.4871291125386812,2.0175075997453247,61.19431036039844,13.192904573851168,"[-46.38004683509802, -22.967608919933493]",51.75538429888135,75.62232506875459,12.900256344449412,"[-65.00442531964093, -26.562991878797796]",70.22227459068705,30.64925522687244,0.8563653249107755,0.6295405767614405,0.0388871533143976,0.2277512769760643,0.5837224308116161,0.3125,5.856722787978964,WT,300017,4.788427640668601,0.023540625594632,17,,,,,30
2389,2389,30,18,Wild_Type_Exo84,34,51.46087526655553,45.18649777281178,45.31687183359311,34.38636208613483,2.453578374907575,36.0,0.7903972695548046,0.3666799502911605,"[20581.141881620424, 52793.77534781269]",[20583.12 52792.5 ],[20583.43235294 52794.655     ],"[-12.45332169541924, 4.785183973015163]",4.149144388927866e-18,13.032728484490098,13.341034701446535,0.4359758387683552,0.25,1.350228085559897,0.2019470854387937,-0.0842203891993246,-0.9565710486583504,3.4808742769522016,6.98135230897308,0.3353501529604782,0.3602667451170945,0.3776400598574008,0.5099002150519831,-1.3295105096734587,36.80097036661972,10.50649010312278,"[2.954093638461859, 19.038158595530636]",19.265984322981733,38.02091897029249,10.160800468032168,"[8.02614865829632, 22.26429094105798]",23.6668061510874,18.1221044803662,0.6269853160239142,0.5743767561005361,0.2110287377965204,0.3958606756938721,-1.689664954058527,0.4375,1.8758614576729904,WT,300018,2.5421541431731103,0.3110650121113266,19,,,,,30
2390,2390,30,20,Wild_Type_Exo84,40,74.3924955358746,74.3924955358746,85.80010596617205,45.22819656734655,30.534480273748944,34.0,0.7815480958673509,0.4382904152784942,"[32294.88643398307, 48325.88365798484]",[32327.87 48341.44],[32322.53475 48338.84225],"[-0.5294887109943502, 2.1731505241695643]",32.680841469207856,22.58573779401596,2.236725619240972,0.59579970371615,0.25,1.753750855712937,0.5102836625017981,-0.206581042248169,-0.6794828775763699,4.219241547820851,19.17491878918301,0.0163449518331619,0.3978896376046411,0.363044042446877,0.6366888001026946,1.6437090230969231,54.47050464756964,20.02373508423977,"[-10.957396809908731, -4.835055773854374]",11.976740340596876,49.57116429422511,19.21701546127364,"[-0.5816319325657675, -1.6316095904268213]",1.7321794250460802,26.907809140167387,0.2079431539656561,0.4377468424731323,0.2823507130309203,0.6744089316878951,0.3909251725534939,0.5,2.3885504819463312,WT,300020,3.768168185993041,0.7423853805475369,30,,,,,30
2391,2391,30,21,Wild_Type_Exo84,41,43.23451281865777,40.61734162410397,44.68780643746109,26.256407491238903,13.310108242221553,39.0,0.7007346711447634,-1.0858966331800337,"[30503.751994984155, 41150.82354658021]",[30508.56 41159.56],[30509.95609756 41139.04780488],"[-13.21486386625916, -7.922393016107799]",3.472765019443873e-26,11.839600464033346,15.407690875190728,0.5027794569591214,0.5,1.1326100922347813,0.2333514438913045,-0.1121303538337977,-0.9557299053595876,4.1137605091253295,8.19407121539911,0.1972366841626533,0.3855311446174304,0.4506673272906529,0.5104303631298688,-2.0383460840271286,29.11167575368105,9.223351524192418,"[1.7045824206991478, 10.960370310194111]",11.092128676027029,26.03837625060482,8.886025638383748,"[4.170959671233821, 5.502350911935486]",6.904547062417362,16.944672059440702,0.421549830660517,0.3968307291278957,0.4583136172088429,0.3639821230612468,-1.6970773938412993,0.4375,0.7941769770619505,WT,300021,3.219359326938276,0.2203527766678741,21,,,,,30
2392,2392,30,23,Wild_Type_Exo84,91,57.63971193748864,57.63971193748864,59.34328353768243,39.50295337302668,10.08355169036335,86.0,0.601276212548909,-0.3235526732499046,"[25005.450104431853, 48662.36450450983]",[25027.5  48667.75],[25015.01043956 48659.15857143],"[0.6610691894534974, 2.5911928124946204]",4.1086715019479976e-19,24.95416904064884,2.6741900951070185,1.0513504463327537,0.6875,1.2833196033242265,0.4869960989513452,-0.4897660801416515,-0.956567712941709,9.17685036651035,8.227144056401352,0.0226962672253106,0.1930014636309412,0.4377332362928575,0.5617516431611798,0.0888397845212117,38.26119815437956,18.860561246875225,"[-3.2112273387079084, 0.18106536421938602]",3.216327981873891,36.89909888210536,17.881477931644095,"[-14.499716458083457, 3.027302213967481]",14.812371047860928,7.917464245883102,0.1213108288915923,0.2065254346154391,0.418376867884841,0.5669068149087938,-0.0055631084932784,0.8125,1.3550147209975192,WT,300023,10.029244051840164,2.288542406867973,46,,,,,30
2393,2393,30,27,Wild_Type_Exo84,59,50.981361650293294,44.03987396749326,91.0738733437726,26.653383283990248,56.9413406846199,70.0,0.7509378066043421,0.911574776651962,"[35366.273616947125, 42508.54241406231]",[35325.72 42486.31],[35331.39694915 42463.5320339 ],"[-1.3820995549997181, -0.13463246736445544]",2.143084653439114e-18,16.747369991139294,1.388641451635036,0.5646006924130766,0.5625,1.3598619280668216,0.2615076685334406,-0.1412398709887568,-0.9566024239431196,6.012419205644712,5.835578325688923,0.0527682724142308,0.215581946080115,0.4225736673684667,0.5746418420579509,-3.038172637833661,44.980455754621175,14.240339102560636,"[-27.558339385647596, -23.328494029109915]",36.10651884855078,44.55980282668113,14.056850435119634,"[-29.16617589866098, -24.861418855794536]",38.32435210248033,21.517839706377057,0.8177170119807323,0.4606971927034959,0.1797843034338291,0.1515545848834736,0.7676920408574738,0.3125,0.8429800710563943,WT,300027,4.336780207772375,1.0901626413940326,33,,,,,30
2394,2394,30,28,Wild_Type_Exo84,98,66.22852412058921,59.55661347552831,59.651335087849006,41.42714705195093,2.4002092903373207,104.0,0.5296548740853542,-1.1392019235322253,"[22175.769870748536, 52379.75499209976]",[22172.12 52348.31],[22174.76581633 52381.93510204],"[2.838633727217759, 2.2746143271403327]",19.25496855554839,22.157691892001253,3.637541996256573,0.3213664207079357,0.875,0.9649571083581422,0.2279457551190394,-0.0613419992706504,-0.8373864356053698,10.12617971477004,14.476817285220497,0.0559313665898774,0.0540263943404382,0.5073249069870762,0.4895467752443125,1.1667063949497856,41.52767786355658,16.766202202033398,"[-0.7166427337658684, -5.877040100309265]",5.920572366629982,37.83635005085782,16.3429396070331,"[0.882528557416587, -3.8664543015052892]",3.9658952987042606,14.983438953787465,0.1605707487167425,0.0701160730322183,0.4943798516642535,0.4798371829922912,1.414510660125411,0.8125,0.970584018294826,WT,300028,3.181365254595224,0.7258886414998087,57,,,,,30
2395,2395,30,29,Wild_Type_Exo84,34,46.44121373682537,46.44121373682537,46.74702758143828,32.17139676551343,3.813125448872235,34.0,0.6307618017896558,1.1857602945204972,"[26413.39718143897, 37372.835417675386]",[26402.62 37381.12],[26411.965      37369.30147059],"[-2.8092724830847016, 4.460677293900149]",23.02391193579557,14.898815031243064,5.271589305373973,0.2108554995513766,0.375,0.7356787262147415,0.1843871957238212,-0.0252649243042074,-0.6498338187924033,3.586355315647723,13.59979720438205,0.0738767681571949,0.1583949087195295,0.5729990280491583,0.4215431950774896,-2.769988452221289,34.43335727372961,12.014360886787932,"[4.18923267808159, 8.22831891850366]",9.233358146184512,31.65810209844274,11.5656901668947,"[5.529135989845072, 2.2423385819474855]",5.966525547610628,19.40920552199324,0.2873219135870932,0.1292337525572718,0.5424168271693866,0.3750292908032643,-2.1143179702900103,0.5,0.6914042338257876,WT,300029,1.229488274647652,0.2619262288371283,23,,,,,30
2396,2396,30,30,Wild_Type_Exo84,45,63.00738204122264,56.59076124600223,58.73208448398129,34.54754883504434,11.224596929977102,46.0,0.5602055838958753,-0.0189122238379681,"[30139.84014518217, 37968.8666194536]",[30123.31 37949.31],[30128.61755556 37969.07888889],"[1.4064762517492915, -15.208572028320164]",1.2649644632920336e-14,16.919567934162064,15.273468453083511,0.8165802431177099,0.3125,1.05823970701894,0.3782284346199367,-0.2954466022887407,-0.9565902640841092,4.7466467412984565,9.04077489806939,0.2044136419525608,0.0554169026573637,0.4655507615152975,0.4926643014683928,2.76952335960204,48.57621399326728,15.457841497680189,"[24.66851271594307, -10.82484180851015]",26.9390556589483,43.21114490679738,14.83309664508969,"[17.465894606235214, -12.174994042607958]",21.2905602165292,25.85198659774493,0.5472288839685922,0.3843790791286859,0.3458116617822199,0.3547288867682692,2.7211682560886006,0.375,1.0257863628429773,WT,300030,5.477786798083513,2.2138652901055447,29,,,,,30
2397,2397,30,31,Wild_Type_Exo84,44,50.76535656931302,50.76535656931302,50.76675145750223,28.37755693890556,0.268808727138988,42.0,0.556085688623865,-0.7315257180132173,"[30653.82791889668, 37778.80320214827]",[30659.25 37752.44],[30654.02795455 37778.62363636],"[-7.477508024922713, -5.407191958727642]",2.8295936748989815e-21,21.96153904726238,9.227721882529428,1.0289389819567325,0.25,1.0533999142693813,0.4766833783873612,-0.4691451266247686,-0.9565057379510408,4.535684663907414,7.796364756879534,0.1414993112922206,0.0916878919036461,0.4772465110638287,0.5027314338399985,-2.616064526345643,37.20151647684227,14.923161338578804,"[-4.91697572017771, 13.566240018308312]",14.429813528496028,34.81342358440471,14.21979598233126,"[0.3446692632243891, 14.965471243004176]",14.969439749910368,20.700498750824416,0.4141491847184089,0.2215705092800859,0.407103634760329,0.4213768180367481,-1.4559497641142547,0.4375,1.035060318940218,WT,300031,6.825209070641493,0.2404414499025639,27,,,,,30
2398,2398,30,32,Wild_Type_Exo84,41,48.88668663658293,48.88668663658293,51.24889564906288,34.04395659884823,10.98563939565648,42.0,0.6922271482454592,1.1739153749077926,"[22224.92552240837, 53151.91192051771]",[22197.06 53113.94],[22229.17195122 53162.04365854],"[-3.9528975727660725, -5.7258538418159155]",30.935906400018013,11.49496261743512,6.957787107882647,0.1452010663722467,0.6875,0.6789885155824379,0.1400598788129073,-0.0078236735288973,-0.3847044124142162,4.324722586516372,18.859496711453524,0.1246458962091049,0.2511207692582942,0.5863431413744487,0.3981202591837804,0.4894075770112713,36.14927812997982,9.17560021664672,"[-6.967350202943349, -6.235820528242055]",9.350370394315926,35.05896415047209,9.097963998794205,"[-7.320148860582605, -6.2432728169010065]",9.620968496328414,19.89765757562141,0.2707931869518423,0.235760836899815,0.5626576961450398,0.3640133537554247,0.7163389815636783,0.5625,0.646953478552599,WT,300032,0.9297404673892288,0.1543649528474892,20,,,,,30
2399,2399,30,33,Wild_Type_Exo84,39,58.558936623947545,55.22790023598599,55.26290472468994,33.984752215112536,1.404743083151013,43.0,0.6204048039901796,0.6519943303477566,"[22394.379045481706, 41414.48405028496]",[22389.06 41408.06],[22395.49564103 41415.33641026],"[-6.0551760494736735, 0.7995283515019104]",30.22262704345773,12.748706169629026,6.107733014382257,0.1671379138428531,0.5625,1.158626879663656,0.1593291554422704,-0.0117112749097918,-0.4397784502028748,4.1137605091253295,15.60862472359404,0.053436839539782,0.2540754564648202,0.4619346277830879,0.5352098763969116,1.8142053795029232,39.47567611493487,12.569076569484906,"[-0.43420947614170524, -1.3986784166041077]",1.4645269482824237,37.7102007085109,12.263586965574987,"[-0.1934891982471798, -4.029044474016531]",4.033687821763291,16.509703668220023,0.0724874940656838,0.2602913444071835,0.4604538840218871,0.5342916791821902,1.5824605554666482,0.5625,1.1603587193474372,WT,300033,1.043775937405102,0.2664620414770864,27,,,,,30
2400,2400,30,34,Wild_Type_Exo84,86,59.46864386536473,57.78833123526957,57.89335342382108,43.36601902944364,2.4896872701595307,88.0,0.5632930705659479,0.1489987135150297,"[23213.816735144705, 38084.47668993752]",[23186.31 38064.75],[23216.27883721 38084.84627907],"[12.890087288265555, 3.7135823706000237]",1.250200367147436e-18,17.30697044548497,13.414359631467187,0.5519233594895184,0.5625,0.8948885851816333,0.2556800430305103,-0.1349812082801922,-0.9565280391558753,8.649445173032744,6.965067610238451,0.2772502241696277,0.0670019428475883,0.4871697050776233,0.4359626081202679,1.5683315645639224,46.98028872192801,14.80372030990462,"[-3.6716823092584057, -24.45329964802526]",24.72741625516571,44.71415191659537,14.605625323645032,"[-5.118444518596619, -24.383881692647375]",24.915299731108508,23.863785178404697,0.6265947751683353,0.4247550839091114,0.2905971436729436,0.3167818440587999,1.4709649320365754,0.5625,1.0901065304871893,WT,300034,5.118326674658123,1.964699044235377,45,,,,,30
2401,2401,31,1,Wild_Type_Exo84,58,69.83843449281677,60.166039583832976,66.80183170880863,41.053281885939846,20.73314905210129,61.0,0.7428809843943309,-0.0578458301762538,"[17358.650322390247, 61599.355726444286]",[17355.88 61599.25],[17379.3487931  61598.15706897],"[1.362033274180199, -7.164015220629761]",33.38760091867153,13.014317892737727,7.292341785831827,0.1988637712811972,0.4375,1.8493754863702827,0.1910625538378708,-0.015377880473539,-0.4047298456177211,6.012419205644712,19.556015051833068,0.1132146034741669,0.3071493839545505,0.3464557262748559,0.6407267272853312,1.1594393897186344,42.68850244743931,13.308454210554356,"[-7.668632609332806, -5.756775707971407]",9.588972450101844,40.25790564191103,13.068805761056478,"[-7.171743475890618, -3.9298320059856744]",8.17786549652469,21.2785874273905,0.2350783992528025,0.3533943790234949,0.3148740556478291,0.629864090556911,0.7321902141200511,0.5625,2.0003683354000508,WT,310001,1.514501361054014,0.302979782016252,34,,,,,31
2402,2402,31,2,Wild_Type_Exo84,47,70.78842246282557,63.29458861710205,66.36776309531119,39.1649978403434,14.258456675558168,53.0,0.6674071642440657,1.3851111671810517,"[26725.040370277446, 49715.36260382418]",[26707.06 49708.06],[26727.67276596 49729.37595745],"[-13.476886259682779, -6.274077696886003]",30.06183435901477,10.663901986522625,14.865749702016002,0.1340395898993992,0.4375,0.6349336522332646,0.1297353548538686,-0.0063690509622158,-0.3662547699337509,4.7466467412984565,15.025324786528484,0.0966022166452555,0.2339327463795196,0.6059377457831416,0.3847302659560815,0.4061602981905442,42.55874506521526,17.357874593861204,"[8.076814459315267, -7.620078284740951]",11.104076948390835,40.30877062131725,16.031959218151798,"[0.4104532494413674, -12.123647014708068]",12.130593093794582,18.025846468148995,0.1941841732897477,0.1434205478270463,0.5560889844656363,0.4062035223781411,1.6983789680696169,0.5625,0.7304649682433022,WT,310002,0.918929131129686,0.7382604116866763,35,,,,,31
2403,2403,31,3,Wild_Type_Exo84,100,63.19728151352457,61.92407779398853,82.48526209587658,38.7771755386857,38.92186739382329,101.0,0.7468932375854518,-0.5536162363691205,"[25568.661161016982, 50720.878876869436]",[25536.75 50758.06],[25535.5531 50741.3427],"[3.2565379579171636, 1.2863407139963576]",21.09316561719831,18.21508569014456,3.5013871399546708,0.2736679055625247,0.75,1.2990123758258938,0.2163581096372093,-0.0452479061450096,-0.7641901581928183,10.231660753465563,11.314716723748672,0.0304247590986055,0.2556529149925104,0.4345667489827609,0.564507585051031,-2.8575111220615392,47.3635650829744,19.71169979342065,"[17.083566820819733, -15.251690912590405]",22.901142570068544,38.36013203414302,17.913571443160354,"[5.126306854524027, -3.1644049928508946]",6.024324105285148,20.50187684683469,0.49605957220233,0.0910135166164465,0.3004885197205453,0.4534363811058959,2.508499258215408,0.5625,1.5089973538010446,WT,310003,2.7366790556252467,0.912646345966142,54,,,,,31
2404,2404,31,4,Wild_Type_Exo84,83,58.09701269453053,58.09701269453053,58.42323436114443,39.24613866206587,4.4038149735120085,84.0,0.5839749551662854,-1.3042787035831973,"[19326.776836611287, 49497.62034121284]",[19324.16 49499.5 ],[19325.61698795 49501.8686747 ],"[-1.9411535310728294, -8.78124222121064]",5.094846550630519e-18,25.793319826018926,8.993235901429967,1.0496823604712262,0.5625,0.6807158836286399,0.4862384830846023,-0.4882214871511752,-0.956554374798476,8.543964134337223,10.221338290256332,0.0606182876903726,0.2048427194692402,0.5927982432381349,0.4035271799593524,-2.637702156618497,41.0591260687079,17.495313213576594,"[11.344399540372486, -1.4394356869658307]",11.435356401464462,36.91436779885982,17.04676127021937,"[9.402921281528329, -2.474762853399001]",9.723136315365627,17.875688682093827,0.2474255639289871,0.2419028467999397,0.5505822041340402,0.3881983861803824,3.062061679780542,0.6875,0.7050688948273286,WT,310004,9.56306142427251,1.4010498146786017,46,,,,,31
2405,2405,31,5,Wild_Type_Exo84,47,66.57384183656464,55.65355083831225,58.726296405977614,31.381581914241966,13.390907832427706,56.0,0.6453296331394986,-1.551058712894838,"[33021.711457272955, 48336.59617188677]",[33011.   48310.94],[33021.97574468 48323.20787234],"[-3.962094687419076, -14.035844906651342]",1.6739826580971509e-18,17.45026828165614,14.58434559915682,0.6936673084337833,0.375,0.6925237289032684,0.321421767980466,-0.2132438669920771,-0.9564230553398066,4.7466467412984565,7.7764757270644385,0.1613096089108213,0.221811434033615,0.5754597075600013,0.3985195025130364,-2.8564991368120696,42.64803014966358,15.176012105935529,"[19.97542343462031, 10.50683066891661]",22.570135845795544,39.73723783877053,14.6719444058208,"[22.111850940866606, 3.839665525787067]",22.4427490156848,24.04739303948076,0.57718446279808,0.4149761628969313,0.383285780987266,0.2835723149172258,-2.64954687566195,0.4375,0.7398456425563226,WT,310005,4.755543474211876,0.5934607121167879,29,,,,,31
2406,2406,31,6,Wild_Type_Exo84,48,72.72589501839893,64.1033298226574,73.18484920460492,40.43166875868465,25.22131891737701,54.0,0.7212076981498159,-0.8885675114565222,"[33516.159214824715, 48542.18809741389]",[33520.69 48534.06],[33532.061875   48522.61208333],"[-16.097964674209944, -12.404545342571945]",3.678815790474071e-25,19.34677361548571,20.32282489734226,1.149166760353867,0.25,1.0032701427185169,0.5323133233830675,-0.585144704759092,-0.9565614782017066,5.0630898573850205,11.247335775056309,0.1722770234960258,0.2594030276132898,0.4843683367928532,0.4859522903824965,-2.313245244323624,49.638409611345786,18.469401823796304,"[2.0749587915962873, 19.05562433673092]",19.168262123871177,44.951831921522526,17.63278587424631,"[9.9180336613455, 11.69040220610924]",15.330782610427502,20.21539870029937,0.4072582356957768,0.389981502603426,0.4601870469290048,0.3739536825289582,-1.771967569329616,0.375,0.8126123606139869,WT,310006,7.961660861208901,2.0459757244537364,34,,,,,31
2407,2407,31,8,Wild_Type_Exo84,43,57.254612168811846,43.33258644234879,62.58912045072504,30.536988718464755,32.25919384068669,49.0,0.7420661894410978,-0.4063143744245777,"[25643.914165477086, 41984.098219852065]",[25597.5  41992.62],[25614.28139535 41996.84790698],"[-8.910450323549446, -4.528695298086615]",2.0937236607530304e-19,15.32572803541137,9.995259179798902,0.5391874233147497,0.3125,1.3609941411759636,0.2497227922729731,-0.1288072951785033,-0.9566267583986454,4.219241547820851,5.721834212700987,0.2392788945029016,0.2928597513323251,0.3993002753390598,0.5434453353064095,-2.0771491457639724,29.80727816892006,11.622484538827983,"[14.027931038611303, -5.819177344783871]",15.187023217012618,29.397544693240604,11.34039265534946,"[16.7949021059741, -8.086007615504757]",18.64007124201123,10.297339954389424,0.5772242480479005,0.2409706001161712,0.262449353012477,0.4043628144530587,3.0492875506492654,0.4375,1.540727038613942,WT,310008,3.5356883814632702,1.6492545302275934,23,,,,,31
2408,2408,31,9,Wild_Type_Exo84,36,66.1089770446967,61.022729814895214,61.54669056102784,40.23445162007993,5.724168460834396,37.0,0.5989545452348165,0.842001593377914,"[17404.586574736044, 37236.031768212044]",[17393.75 37220.84],[17400.77444444 37231.76166667],"[2.187635487716285, 4.29621739702216]",1.9516371130587863e-14,35.682352471763366,4.82112361899086,3.120875744483203,0.5,1.0791690698628214,1.445802600438258,-4.315954802653108,-0.9565141710631756,3.7973173930387656,24.360655393564457,0.0624719320313136,0.1633661130418135,0.4790842996591879,0.517012958049087,-0.1906474976761457,44.75502199229144,16.87527999124798,"[-7.620188551837596, -6.712693468856927]",10.155172434399685,43.36765358370842,16.152309363875464,"[-13.173088661308586, -8.26049297998808]",15.548826616536992,24.674113265468044,0.2986205132028355,0.0655321610713104,0.4757092832876821,0.435116505806793,0.6467977044796862,0.4375,0.9146689398189842,WT,310009,18.725254466899216,0.6006529430657098,22,,,,,31
2409,2409,31,11,Wild_Type_Exo84,33,65.79080725572535,55.738433846908144,55.76110676701123,43.00892426853164,1.1356963556254474,37.0,0.6591912142784504,-0.9511923635978352,"[22279.98745629866, 48168.15064066729]",[22288.19 48181.62],[22280.6469697  48167.22606061],"[9.467529841776951, 7.517233266381864]",30.44331157631644,14.324511612216169,12.088958486409622,0.2570944812239217,0.375,0.7810323067053019,0.2416368168615748,-0.0305630943274151,-0.4919732182828521,3.3753932382566805,10.856352950627745,0.1016866810083356,0.2527369838983674,0.55566640491562,0.433993413989889,-2.58652223337289,39.53304960750656,13.416952721261165,"[14.822290159669118, 2.903288719693358]",15.10395216383191,37.07514752101033,12.958824509452892,"[12.097014082588757, 8.182209648737055]",14.604324854310672,18.70372806456253,0.3473302020106985,0.2696109838027238,0.4801488356885552,0.3992128950826521,-2.957399538989224,0.3125,0.8314357245293799,WT,310011,1.476895353470013,1.785893438568242,23,,,,,31
2410,2410,31,12,Wild_Type_Exo84,94,50.38683941802464,49.342501987629625,49.35020730084926,37.30797419668187,0.622887547389886,95.0,0.5132173847824906,-1.4922101905158909,"[14913.914431871724, 46876.55924763736]",[14916.12 46877.56],[14913.86553191 46877.18021277],"[2.420459437310567, 0.2689132458825245]",18.64606628705748,18.063094691857515,2.435351765449267,0.3318364594273603,0.8125,1.275666918526307,0.2510837187280416,-0.0664852250007955,-0.7979625134865823,9.809736598683475,14.767658822224954,0.0157376781094616,0.1369767900848893,0.4393227837293297,0.5604295417583933,-2.8958329037597363,35.14563050959676,13.694783858053992,"[5.219584054690774, -3.5300221062784085]",6.301199391766335,33.104988842475265,13.332272303883975,"[9.090234070047758, -0.8125017399698894]",9.126473279734682,13.281026180723368,0.165459644405543,0.1147617012837363,0.4259344723549222,0.546688633718269,2.6493908354393843,0.8125,1.2835040814980687,WT,310012,3.217273840644732,0.3379269100621935,40,,,,,31
2411,2411,31,15,Wild_Type_Exo84,47,65.19457819672046,61.36216967989644,70.4794847731484,45.97714340681031,24.76462571426348,53.0,0.7570806824778566,0.4872454150143718,"[15489.22436652836, 52669.39166165453]",[15463.62 52657.  ],[15467.34170213 52657.79702128],"[-2.023827170590413, -1.4312358579267024]",30.077009280702097,12.395194017242089,2.478772377092173,0.1666137586891662,0.5625,1.4339752019942051,0.1592269350625727,-0.0113866002320501,-0.429206881134852,4.9576088186895,18.87092705198853,0.0821855278130205,0.3278173063208673,0.4080754554131484,0.5851700836049468,1.9899295762697184,47.14393021035096,17.88055394579815,"[17.362023880476205, -0.17537973654806469]",17.362909643208354,41.41938529968892,15.82297648963246,"[2.7093827026620274, -6.12468661413865]",6.697203950223806,22.4350092580944,0.3197467589354169,0.3187031251471359,0.3753601783711946,0.5224018317791017,3.098325153039712,0.5,1.3917348239921636,WT,310015,1.142246381247492,0.1853978976200964,30,,,,,31
2412,2412,31,16,Wild_Type_Exo84,94,61.54180684253062,55.8295601931851,55.96651867843738,32.532501674610664,2.794986548394176,96.0,0.5582924317445228,1.20354244888422,"[29641.01581119743, 50097.849902543865]",[29658.34 50111.53],[29642.0193617  50100.45851064],"[-0.712381868010581, 2.3080125235869007]",14.199894230112802,23.881814344800684,2.415452283715043,0.550288352078225,0.8125,0.8560799741509887,0.3446890096967458,-0.1689452325047811,-0.8906932977067819,9.809736598683475,11.846130448056144,0.0496326484642922,0.1306282936129204,0.5374426824807024,0.4600939177257177,-0.4071872021954729,39.37991851487621,16.36204869202382,"[-1.7387010417931246, 4.534328907146031]",4.856255754273308,35.83765274283708,15.96132245259104,"[-1.9623777070160413, 2.4994680452992024]",3.1777770177382414,14.375311665132111,0.1193699879597989,0.136323676593956,0.5362637364227687,0.4494870695517087,-0.952592604393514,0.75,0.8381828548581014,WT,310016,5.335243520280874,0.6741393101794708,48,,,,,31
2413,2413,31,17,Wild_Type_Exo84,58,48.91846375219137,45.45632802474776,49.16484964702346,35.604170246638915,13.380321434640027,59.0,0.643284006322102,1.4681448826051688,"[30619.040063922504, 49784.18643868299]",[30630.69 49777.94],[30617.66896552 49770.87655172],"[1.1654233320292875, 2.246446905818426]",7.761352783399563e-11,18.04871583275856,2.530757839758563,0.7358054404973068,0.5625,1.1059001687815928,0.340920386412178,-0.2399282057370309,-0.9564567568338956,6.012419205644712,5.863877615228631,0.0581381337326562,0.1454300749754572,0.4732512833135374,0.5233686740925464,0.592834217670762,32.561237847425296,16.558322632895504,"[0.3417124425664595, -8.549514604669548]",8.556340769795383,32.15115571275979,15.582119413586732,"[-11.83886928788395, -11.150148509306923]",16.26298366829412,6.442711095163671,0.2612010655894615,0.1404262357909712,0.4589783387935087,0.4727956645414211,1.3454183572563696,0.4375,1.0301045269025837,WT,310017,5.603727284887736,2.051728102947872,30,,,,,31
2414,2414,31,19,Wild_Type_Exo84,48,77.56115122091396,77.56115122091396,89.66403259963573,60.0691816788405,32.13417790212851,47.0,0.7207459801060927,0.4265493621516614,"[33759.4936671782, 57025.23180675399]",[33773.5  57027.88],[33730.23875  57011.936875],"[1.9673017336390386, -0.72917339564533]",36.51778422433412,20.114287551533547,2.098087212700204,0.3927699130352373,0.3125,1.5935473269586364,0.3584422620698874,-0.0804145872065711,-0.571185816885682,5.0630898573850205,21.73165925487036,0.0516945240021745,0.2688600572994777,0.3845419228797033,0.6127857533084854,-2.663296468684735,63.07450671761368,22.49268166010612,"[27.186259349062283, 13.04030631106961]",30.15198643673412,52.35592448831429,20.91944256741085,"[10.112750770886702, 2.692037741262704]",10.464931693730849,29.95925117135666,0.4845577726039285,0.165816704800761,0.2453830104105724,0.519820754598547,-2.764464106348527,0.4375,2.1184056456426554,WT,310019,2.7211897802457616,0.5205595271318383,36,,,,,31
2415,2415,31,20,Wild_Type_Exo84,48,71.89298034252374,68.93764670393318,103.13227347295089,50.745405592818905,54.79026195795135,48.0,0.8014714457684917,1.0094009951114278,"[34560.59982573146, 56384.64984147006]",[34541.66 56339.03],[34531.43125    56338.26916667],"[2.94615647892779, 0.9770690769215524]",23.00065114348672,23.536181631794843,3.103949416373361,0.8003032794192807,0.3125,0.5917912559876125,0.5930399508875296,-0.3853073612204075,-0.811836846440505,5.0630898573850205,13.842991454092203,0.065934217794288,0.439925998680184,0.6254919890900592,0.3701606898337961,-2.9244809380644643,60.81614803087441,21.37823763843712,"[22.860388130291337, 27.41009085361344]",35.691881795037204,46.897565959709226,20.26130727173183,"[9.72494766483874, 9.520200826202524]",13.609145118451773,29.44152577213476,0.6061631239148454,0.0919429864511892,0.4065803443110047,0.2259859228947909,-2.232747151698556,0.5,0.5558210721616389,WT,310020,5.544663765672744,2.886475525753892,30,,,,,31
2416,2416,31,24,Wild_Type_Exo84,73,73.52263496927154,71.50418100051745,77.76331058851673,53.45900691110417,21.83290641711672,68.0,0.6553796599460258,-0.0170419124016985,"[38111.63096894021, 57200.1619161339]",[38101.81 57178.56],[38089.80123288 57200.5339726 ],"[-3.065794499770417, -6.937334921338217]",3.8152602838997954e-19,28.500714904188985,7.5845706355496,1.4927773695163071,0.5,1.3671438958654425,0.6914915838965421,-0.9873961037824904,-0.956553946691101,7.48915374738201,9.588389708702984,0.1007155906222056,0.1451310492707497,0.4181648490125788,0.5716915207930414,-2.942316500812487,55.386405953699146,23.2197843839176,"[25.81241911541241, 5.666087361461109]",26.42698481812516,46.51295622476167,22.064424567488047,"[15.407254035375324, 8.570411950456515]",17.630525741200035,17.082563933100563,0.4755859363375728,0.2151589493899636,0.3406367656485236,0.4331812515093904,-3.014210815225699,0.375,1.2716808494957244,WT,310024,12.75429543607258,2.376425421637102,48,,,,,31
2417,2417,31,26,Wild_Type_Exo84,31,47.88167969621252,47.88167969621252,52.64740709154234,30.294684697639795,15.634443643009416,32.0,0.709920745391508,-0.9737963958886332,"[38138.15170002373, 47147.43087847017]",[38138.06 47155.38],[38129.36258065 47160.36096774],"[-2.296580414029923, 4.010276021815743]",23.969268086299927,13.55937795758033,4.621319656684242,0.2824467006876351,0.375,0.9128405499834434,0.2561707209416557,-0.0422987060283781,-0.5846030615458718,3.269912199561159,13.346309642553596,0.1396406856199567,0.4591188736573889,0.5125887146882552,0.4679117642313332,2.916954943059022,39.98631250575303,10.88155796799785,"[15.69122794765048, -13.526584443428767]",20.71673529324388,36.27454789629318,10.493603145282068,"[12.974002346838219, -9.376125473377453]",16.007387850248435,20.553831842724936,0.5057428703180232,0.2174846559903566,0.459903533008078,0.284320616114409,2.431170152022869,0.375,0.6182179429124218,WT,310026,1.5725966744875328,0.317884377858173,16,,,,,31
2418,2418,31,27,Wild_Type_Exo84,44,54.92786730627902,54.92786730627902,57.32353212168642,39.019682104513016,11.7133433438437,46.0,0.6553952039184592,1.3842033576097506,"[24537.22637585612, 37032.43547747019]",[24546.25 37034.19],[24535.05340909 37020.92545455],"[-2.6834896291229238, -9.750544074626681]",9.559980337000578e-29,24.168327143546648,10.11307205258856,1.5025853919740706,0.375,0.8281339586338868,0.6960069384236726,-1.0003916680822384,-0.9565712735049416,4.641165702602936,10.174176817884629,0.1740803769585294,0.1657663260149103,0.530429412887556,0.4392666094704202,3.0224325585227723,41.02748520066758,16.639223182026395,"[11.034802264709265, 4.708072078708828]",11.99719982827453,39.6599691545066,15.25617836907462,"[15.003123126929536, -6.422514377043623]",16.319999831039826,10.968957043139287,0.3186421645960007,0.31124635549393,0.5364641645588063,0.3620030063827687,-2.9527610937121,0.4375,0.6747943857172338,WT,310027,9.967023921294176,0.5885398527727472,24,,,,,31
2419,2419,31,29,Wild_Type_Exo84,42,52.53390735531395,42.70054557678959,47.21073730490053,33.26070031783822,14.383896968443953,46.0,0.7078551453403578,1.0172491035785258,"[28200.747444409426, 56808.23754544731]",[28228.62 56804.25],[28193.18571429 56796.00166667],"[-4.653880426700271, 5.36485578835746]",1.7467723269255254e-14,12.62913144205333,7.102132120419644,0.4303666801972261,0.3125,0.6265337398086493,0.1994387793530536,-0.0820877262341558,-0.9563788840005796,4.1137605091253295,2.973136649474169,0.1345357024943943,0.3241519963844499,0.6036764689983336,0.3782236757560061,-1.0786741115986984,27.97433705581036,11.422951177992504,"[-10.0692512273464, 8.521044915388782]",13.190831161435204,26.47412586829009,10.813540928528957,"[-5.555869252009652, 12.950343931193684]",14.091809361527403,8.813878138951235,0.4644228660387463,0.3742177268158018,0.4413133717265275,0.3429980297738292,-0.8668929864270417,0.375,0.7772210219507643,WT,310029,2.7890948595928435,1.182028508048696,24,,,,,31
2420,2420,31,30,Wild_Type_Exo84,50,67.80681931332803,64.24668663089228,64.83914592904969,47.08773468255561,6.246554224028137,51.0,0.6697982480307153,0.8735150362303307,"[19593.35526312342, 41234.65324900507]",[19606.   41222.12],[19597.3664 41239.4418],"[3.4959232832281555, 2.944998400464646]",28.946349627875627,21.86194197254196,4.571049680429655,0.4781208829183334,0.5,0.93810897143096,0.3971997053322608,-0.1360314206326671,-0.7162961273324177,5.168570896080542,23.55300039085221,0.0664067867770402,0.2346459204028116,0.513691517528489,0.4818986211414597,-0.7143604560146175,44.28795724451794,17.342091274484133,"[-1.0825161392607374, 0.6217524698632125]",1.2483658620536595,42.18678726542838,16.571003687178532,"[3.3234098524649123, 9.26717610534776]",9.845080294999596,23.77478844756869,0.0852390801257664,0.235115487035527,0.5201623517014121,0.4725719475179011,-0.6392980540563863,0.5,0.908508556938336,WT,310030,3.380825185384529,0.5752143954231675,33,,,,,31
2421,2421,31,31,Wild_Type_Exo84,122,52.46242697397816,48.1371108440658,48.595308606577966,32.54447072970392,4.7553717292154,129.0,0.6937131573964874,0.0539358424510631,"[29983.38583358829, 37148.090459003455]",[29987.81 37171.5 ],[29978.63737705 37147.83409836],"[-9.420524556167091, 1.9802141652396357]",0.4348417056667326,23.59545700823975,9.626397615596549,0.891305818343988,0.9375,1.5964959251992992,0.4168106304067659,-0.3548931422381526,-0.9552830656406044,12.657724643462553,12.21838146966271,0.1116913393831192,0.2473487799992532,0.3803299035144858,0.6071951411923192,-1.5000124232119818,34.210064604200795,13.619443838456922,"[-2.5279376865089582, 5.823462280211826]",6.348478705636665,31.89898581687096,13.271091442624884,"[-0.701751273551813, 7.844115487496511]",7.875443011736814,14.229974352747954,0.2382733444807097,0.2938928350824287,0.3569051760977801,0.586320637212197,-1.244846478480342,0.875,1.6427910730315791,WT,310031,9.844794540328875,0.2439013654327708,43,,,,,31
2422,2422,31,32,Wild_Type_Exo84,65,54.34180749353885,52.70408801974375,56.25981636671898,34.56465745639356,14.05974938858061,68.0,0.7802589827873412,-1.0119654167046166,"[33069.40779790981, 50478.42892860085]",[33068.   50471.25],[33061.95338462 50490.34984615],"[2.1089299975276763, 1.1381677529805574]",21.86499166922351,16.232716792131274,2.396458129906904,0.3022196082320211,0.5,0.5894303551768907,0.2525906475289,-0.0541617429694257,-0.709500535118882,6.750786476513361,13.2395225461231,0.0462463102899657,0.486917652963817,0.6278106338754996,0.3700506449090646,-2.937626830324388,39.52504291942721,14.657441381333213,"[6.726652431613497, -12.703908605081022]",14.37487901799467,36.677168995389,14.40096490368902,"[6.832751192816834, -12.23543233388438]",14.014003470101011,16.408709875024588,0.3951849279145429,0.2688113191893168,0.5189526595090785,0.3248762132400988,2.1491777788776907,0.5625,0.6260228313454004,WT,310032,2.4365723781563644,0.653889030525805,34,,,,,31
2423,2423,31,33,Wild_Type_Exo84,56,61.67743527012134,61.67743527012134,62.89103342381592,43.57439605126868,8.782405405228996,57.0,0.7048733664686423,1.0797566812956794,"[36756.59693295876, 40726.55779641156]",[36785.62 40718.38],[36760.73821429 40734.3025    ],"[13.209216606236332, -13.630103557293001]",20.86423933533417,12.7427892686693,18.98059868215439,0.2141037474278815,0.5625,0.6432074216914463,0.1903779149457403,-0.0253748792224866,-0.6225341051973842,5.906938166949192,11.810570656035225,0.0707931867833273,0.29148068281481,0.6055159632134958,0.3894723614915653,1.78396193842784,44.97527872943913,19.89083148661237,"[8.859186208797828, -1.8493505280486333]",9.050153460452888,43.041108734391706,17.79132532986269,"[0.7474697466692729, -15.087715804704674]",15.106219885388969,20.34830932849222,0.2184065298722395,0.2761977635184617,0.5396396934498638,0.4126588942593027,2.556646400449241,0.5,0.7646933672006495,WT,310033,1.6022057361990307,1.4627068036943325,32,,,,,31
2424,2424,31,34,Wild_Type_Exo84,41,53.14158714274546,53.14158714274546,53.14217091746795,33.96653078448552,0.1779213472355147,42.0,0.5470390163025135,-0.3098725960722595,"[35767.98188640981, 41034.01891587595]",[35778.28 41038.84],[35767.81243902 41034.07317073],"[3.734758935955898, -6.455662656344746]",30.406282429062937,15.19847428407718,7.458150215852892,0.2233644780895188,0.625,1.1761195581907335,0.2078638228816727,-0.0242407854303354,-0.5220999711436973,4.324722586516372,15.76819874652568,0.1131899875444965,0.0803868490565505,0.4536460430236854,0.5335419836959914,-0.8028554239522022,38.9498811322589,11.631145565797286,"[-4.148065319273175, 7.684792590283244]",8.732839346319679,37.59262289795344,11.327524604649197,"[-7.178382496948246, 7.011289357313507]",10.034308831427833,20.70830859876499,0.2426224228687355,0.1028305701813995,0.4279890556719457,0.5131453042493587,-0.9374950357704416,0.5625,1.1989682854009365,WT,310034,1.4302305034365366,0.1881653835942962,27,,,,,31
2425,2425,31,35,Wild_Type_Exo84,36,62.09481463945279,62.09481463945279,62.39278161317188,41.393688448561,4.350298624568762,37.0,0.7150568408748852,-1.1098372398030822,"[30543.10578876993, 61670.80013075261]",[30545.62 61666.69],[30545.04083333 61666.90388889],"[-8.882478474700875, -26.015381790582207]",3.276210813689679e-23,10.192209678765362,27.48997114518821,0.4979280389680692,0.3125,0.4867953352709634,0.230394935375707,-0.1097903706671071,-0.9570282124651566,3.691836354343245,14.11778451662628,0.1796016751789224,0.5132107676819481,0.6508920328947339,0.3168512053781909,-2.486282821935301,44.60930078829823,17.142232443995855,"[8.217353033758037, 8.419402921426691]",11.76483048899306,45.93468082185661,15.403578915778782,"[-3.093577737818622, 23.025209465883638]",23.232100511312886,18.62565821788053,0.2855654363824331,0.5398471453123476,0.5937385639318209,0.3247138176118895,-2.282535440082897,0.25,0.5468969633058507,WT,310035,2.987568233808416,1.6068514990563458,25,,,,,31
2426,2426,31,36,Wild_Type_Exo84,31,59.82171152534683,47.83281398965094,50.03980437773133,52.64989893109508,10.497908635094218,37.0,0.6096877369493985,-0.9575579265759838,"[18041.85851797253, 46690.76073698073]",[18030.94 46696.5 ],[18035.81677419 46699.34580645],"[8.771823759646846, 2.6362594479930754]",5e-324,12.196050974124605,9.159408056607026,0.5548222968927095,0.25,1.1300839471373831,0.2567221579838811,-0.1363142143843949,-0.957026325342496,3.058950122170117,6.096014361763645,0.1743612728611139,0.2597295971265849,0.4551924574753468,0.5144056890509053,2.1956550539694373,28.865294087279867,11.44606253057522,"[-5.49133671550312, -13.295802629880686]",14.38517106244395,26.188646304796453,10.728752158061308,"[-13.59047616177242, -7.485624984577346]",15.515657372906666,15.096201552739393,0.4104194961886505,0.3455525771074033,0.3485004263118381,0.4830554108364162,1.588360713185533,0.4375,1.3860970442663916,WT,310036,3.0891198123427257,1.4326767821240962,17,,,,,31
2427,2427,31,37,Wild_Type_Exo84,47,59.19880122007634,59.19880122007634,61.963846115545465,41.94885940373776,13.073968518574244,50.0,0.6921608827503498,1.5706475490671152,"[17385.71869318255, 49667.94198907292]",[17381.38 49708.06],[17385.7206383  49681.01595745],"[1.7707760355140467, -10.605011838462836]",3.7777345584003726e-34,31.638854395960312,10.75183351163362,2.2469629550329286,0.5,0.4526066010470714,1.0410735827898887,-2.23740415833648,-0.956460638521495,4.852127779993978,17.62076207551202,0.1114170903357949,0.3778517755856067,0.6798717775819213,0.3077144543991839,2.57281079102001,41.29399446534696,15.67988488227171,"[1.6680559639445594, -4.811802792330786]",5.09272587237261,41.34783360670978,14.877129384520812,"[3.05083149405147, -15.178208617277717]",15.48178250831279,17.283614262620784,0.2039100098562742,0.3711150252865012,0.671288875847282,0.2871318320331322,2.169845810767528,0.4375,0.4277321468655687,WT,310037,15.404401919602222,2.3730799356920897,30,,,,,31
2428,2428,31,38,Wild_Type_Exo84,55,70.1699102468638,70.1699102468638,71.84483389480454,49.09730078462205,11.016311035734011,54.0,0.7212502643775907,0.4273497987572182,"[39988.74703951242, 35799.5950973961]",[39975.59 35791.28],[39978.72145455 35795.02927273],"[1.522126630642494, 15.51122386541975]",44.46209455802568,13.81732015270489,15.585728577223405,0.205034145043931,0.5,1.972540370617681,0.2000195863335909,-0.0130634418998224,-0.3185362783755701,5.80145712825367,22.48493310077491,0.046443701664722,0.3883383517101399,0.3356869405169191,0.6621560420587591,-2.8486130947242314,50.35485517275097,16.47405234575065,"[4.750574857044905, 0.9446176258337584]",4.843579660893689,49.08476626119991,15.98816274004166,"[11.958468850318583, 3.1272151114892486]",12.360600778180912,23.072869591402885,0.1264439670976813,0.3888711408337033,0.3226061079192912,0.6614058152653091,-2.886812167483848,0.5625,2.0501961960087187,WT,310038,1.5205739162777538,0.3808377047542959,34,,,,,31
2429,2429,31,39,Wild_Type_Exo84,87,57.71599565501217,56.51151673014307,56.55705206013442,39.72365372082661,1.620754200772039,88.0,0.5569882309880275,1.030601921530989,"[26379.24585715261, 54215.488363731114]",[26377.12 54202.25],[26378.41229885 54214.0983908 ],"[-2.764304750040957, 0.454952492134739]",24.004254771436667,18.14629963941252,2.801492909360759,0.2397136667701572,0.9375,0.6451258638298498,0.1990781762214675,-0.0342002562259457,-0.7166595807761994,8.965888289119308,14.77657090698414,0.0803900840580318,0.2219139943168528,0.603927915929903,0.3896095184552396,2.843753592015836,38.975335453089286,15.342038108650296,"[2.698672514954403, -1.0462688341038495]",2.8943931689021363,36.582088584354665,14.852037365516052,"[2.600261020104554, -6.789063284585916]",7.269988834571047,15.534518484110112,0.1187131201653198,0.24366103315422,0.6072965445307845,0.3786106505698298,2.761897790594525,0.875,0.6234362009458753,WT,310039,2.235900234171077,0.398378651101117,47,,,,,31
2430,2430,31,41,Wild_Type_Exo84,55,66.246980144725,66.246980144725,66.61424883688424,45.7030534866004,4.989569212057012,53.0,0.6224511149592064,-0.8934324887633381,"[27447.449923142354, 54174.321646482]",[27449.   54136.62],[27450.57709091 54170.43363636],"[1.7713824042246167, 5.3466745960154975]",38.1210698286736,16.045270733034094,5.632470582051368,0.2234922300957173,0.5625,0.927693374654889,0.2131029245940877,-0.0208979499237171,-0.4387850732062944,5.80145712825367,22.04128285230416,0.0403176062864885,0.1662317399745548,0.5179114602715614,0.4804630303517663,-2.485418866471234,47.60959733979527,15.01080121879699,"[-0.49883197814732677, 5.226037428205172]",5.249790523766039,45.19358099227775,14.57183188512079,"[2.9786800896955414, 2.6099913837533437]",3.960377519885615,23.7699907864844,0.1005246870685373,0.1886640761733399,0.5195078843447665,0.4703869029450061,-1.7930647667699682,0.5625,0.9054470916034036,WT,310041,1.6574627387134946,0.3347610565735742,38,,,,,31
2431,2431,31,42,Wild_Type_Exo84,42,59.42500735226464,56.06319364689211,64.21355168093292,33.91065045353582,22.364085384769503,46.0,0.7235628531984096,1.39192137999198,"[27899.89401938067, 53454.16703076465]",[27898.53 53505.53],[27903.87309524 53476.17428571],"[1.2823920480603832, 3.6542039996493214]",0.7059889664445903,28.91335312747058,3.872691084502042,1.5296943446722175,0.3125,0.6988128734590011,0.7176081912610173,-1.0481368316896862,-0.9548297322304362,4.324722586516372,11.672486140383944,0.0314910258040305,0.1770609323043599,0.5880626000082638,0.4109457152855461,1.017525914670968,39.27973509994565,15.93013088479985,"[-6.367381636782943, -7.52243867753546]",9.855487434202434,35.507043146321855,15.5283265212827,"[-8.137999822133779, -0.9451289335144876]",8.192698566773688,13.8710363897395,0.2468730797428459,0.2745050944025091,0.6181164973058696,0.3209371851924127,1.016314535470649,0.5,0.51921795744209,WT,310042,9.91355239564158,1.776767438595839,32,,,,,31
2432,2432,31,45,Wild_Type_Exo84,49,66.99892503939995,59.29620368341624,74.79853714218446,38.07095157144307,32.566896515421945,46.0,0.7497593852372317,0.944471389481469,"[34650.330834315, 59403.25186045894]",[34681.31 59411.69],[34669.42061224 59429.63714286],"[-7.013426750946283, 9.083640888588727]",5e-324,21.03560425749424,11.476091956050627,1.235997939711932,0.3125,0.9057302112527502,0.5725035988045882,-0.6768922984160608,-0.9565850846114692,5.0630898573850205,9.077336333642588,0.0464602203827072,0.3636006960790041,0.5236005820918637,0.4742408658301266,-0.8950963037714227,45.51841468808413,19.456809621672505,"[-14.267796620034582, -14.551159822618056]",20.37906456572637,45.09818990378202,18.564623810988525,"[-23.03923868283701, -14.761822069228089]",27.362710207292743,17.403684916378808,0.4886247762380944,0.118441821686838,0.4241683418383614,0.3370774862079106,0.768864632271469,0.5625,0.7946785579211411,WT,310045,8.651985577983524,1.9709750465739144,31,,,,,31
2433,2433,31,48,Wild_Type_Exo84,101,56.930731697406046,50.15246171176252,50.280083383905634,28.905420667018863,2.55723955752365,107.0,0.596180295846556,1.494591624005396,"[14931.63993264962, 47226.09575859866]",[14917.34 47214.93],[14931.44524752 47223.54594059],"[-0.7490757606002961, 1.5154627119194448]",15.033812966993796,20.13170009698505,1.6904856480719233,0.3471361187480672,1.0,0.8851756482644372,0.2334491454783934,-0.0699467173722631,-0.8631280800902471,10.442622830856603,13.99177136466075,0.0599278647495785,0.0619355926001158,0.5285495025059799,0.4678591485205765,0.6416831182725834,34.58960343495272,13.9407281263457,"[0.9674517370194895, -3.496556491127038]",3.627929183308937,31.86941855639392,13.641989612976785,"[0.22625617593678823, -4.0766725411932425]",4.082946346116798,13.50138643983962,0.1106675724506685,0.0677151932980511,0.5316445410773851,0.456108147330491,1.3474817058577573,1.0,0.8579193654583219,WT,310048,3.4886748170167268,0.4006530039531172,46,,,,,31
2434,2434,31,49,Wild_Type_Exo84,40,57.73771674478135,54.320359257348905,54.32222184305141,33.39613030177139,0.3213143592727317,42.0,0.5919584857229158,1.1923557546104973,"[20006.901216605464, 53900.796828775296]",[20002.19 53905.75],[20006.7825  53900.49825],"[2.1791629769263006, 12.48311353486563]",6.043419614488652e-24,20.1912721597298,12.671893102624871,0.9055766694379046,0.3125,0.8747720126645805,0.4194645227807613,-0.3633622092366609,-0.9565755959390216,4.219241547820851,9.127675050366156,0.139219496357256,0.1013649879824728,0.5230598308539378,0.4575581009800942,0.1352195608674262,41.3701111530585,16.636679306750306,"[-13.411892878238946, -5.1134443432594265]",14.353612215361274,37.62936162890546,16.049337809177604,"[-12.96443536118094, 0.11663706255676526]",12.96496002456624,15.98946919640353,0.3534201837967091,0.2510317427508321,0.4910266757903384,0.3840674978947619,0.2748237617069068,0.375,0.7821723682864704,WT,310049,5.727369742666342,0.9640240305063148,29,,,,,31
2435,2435,31,50,Wild_Type_Exo84,45,52.70913884273511,52.70913884273511,52.75163002557409,34.752779307417825,1.5120523983324627,47.0,0.5704279793037564,0.9322601315327912,"[27571.170992292144, 51904.888575761215]",[27570.91 51882.12],[27570.26977778 51903.67444444],"[-0.8746381539580216, 2.715691250500376]",20.73131060647577,16.910404955091987,2.853063418223189,0.2476790927473256,0.4375,0.9273799089633676,0.2000589093731981,-0.0369132178098564,-0.7449629262097659,4.7466467412984565,11.619406483638752,0.1050709442356696,0.0658422155134866,0.5131111370821191,0.4758489595953057,-2.4817696871756354,40.06471371503956,15.094400839719386,"[8.515316099870962, 10.7328698104431]",13.700551180468707,35.95886621622574,14.538502007589154,"[7.250125846595333, 5.862388116663259]",9.323728826057968,19.232735599728475,0.3299702128401361,0.0483510106271034,0.4685027723508208,0.4226168862874143,-2.300876113842643,0.5,0.9020584535003636,WT,310050,1.6614818639654858,0.2853960613004397,30,,,,,31
2436,2436,31,51,Wild_Type_Exo84,37,38.67205258946038,36.75026167717897,36.88407195301404,21.36793088741722,2.242109804279641,37.0,0.5680369425558975,-1.0112308105181016,"[25138.519036881542, 53582.5117778939]",[25138.12 53574.31],[25139.70918919 53580.61162162],"[4.84399221129001, 4.343589546589461]",2.617542554550402e-19,17.883891903814085,6.506230144429224,0.6099145690064348,0.625,0.862258460589587,0.2827521951995031,-0.1649031897884579,-0.9562117227607232,3.902798431734287,7.285402112202606,0.1503600583898534,0.0673719989578437,0.5248422136482386,0.4525496391927613,0.9305552475704628,27.89744285918086,9.628529799012806,"[-6.042594199396313, -7.2582408677108345]",9.444310729337833,26.612687102473043,9.465305618004976,"[-6.3502263372518515, -8.27220878817774]",10.428557559391043,13.17577533529948,0.3722397099995601,0.1769524288013877,0.467657523327356,0.3937800749720874,0.8879148280401661,0.5625,0.8420266013692354,WT,310051,3.70996548703533,0.3110043162430548,23,,,,,31
2437,2437,31,53,Wild_Type_Exo84,42,59.23193359592495,56.66660888820505,63.87188353885457,42.02840672283072,21.0503883321763,52.0,0.6793314791029338,1.0029994954374524,"[34793.24413247393, 48409.10767375226]",[34829.59 48421.12],[34804.56452381 48426.855     ],"[2.68689197945048, 0.2758563201514981]",1.4084329643797077e-12,24.32799747518529,2.7010155902183985,1.119482935297908,0.375,1.1074748688629454,0.51852626676632,-0.5552839145082243,-0.9565922410763348,4.4302036252118935,7.282473403655445,0.0212866053139891,0.1212584969160233,0.4742865004950194,0.525260379939187,1.1035028652440937,50.265898616342106,20.806501819814056,"[-15.530977901180906, -25.438762442524794]",29.80506515970364,57.360734557668415,19.88786143442981,"[-25.29265302519735, -37.51991405066536]",45.24889222315106,18.172853981337063,0.6743483400800426,0.2203502465737515,0.3170729906823747,0.2281813255489166,1.0049050759053737,0.25,0.7196492046132538,WT,310053,7.255078619958245,1.6508683649418867,32,,,,,31
2438,2438,31,54,Wild_Type_Exo84,36,62.50037500975627,52.61673501679122,101.60230796973856,27.80241193747975,62.08333841416629,39.0,0.7521814222272891,-0.8387044581544384,"[39905.133734068644, 44780.61157082285]",[39879.72 44807.78],[39863.63555556 44826.78777778],"[4.239826262460493, 3.670623040885795]",1.4551522572196014e-20,12.102414812547028,5.607994315629377,0.4808164003311521,0.125,1.2392425248036236,0.2228319863485549,-0.1024648312164198,-0.9563525597262674,3.586355315647723,3.975980260938518,0.0367606138829629,0.2041177145551153,0.4459761040642647,0.552672553202683,0.965814469291649,34.59208188036918,10.684420834401626,"[-21.290823853302935, -4.424439319225067]",21.74568563283021,35.901842748088114,10.300921666785364,"[-26.450020123074733, -1.9053155467573013]",26.5185556138296,15.74832351591176,0.535847474411171,0.3171909256991468,0.2927712512693322,0.4200962328978372,0.0630149188958846,0.375,1.4348957798160775,WT,310054,2.884898401986913,1.6009686505924885,23,,,,,31
2439,2439,31,57,Wild_Type_Exo84,67,61.677702872412944,59.08156122312846,59.09476726313461,39.3887202894687,0.8923259339102008,71.0,0.7794142910099707,-0.1086512297319169,"[15080.820198447822, 49105.79890997432]",[15084.44 49096.12],[15079.93313433 49105.89567164],"[-15.311437073336363, -0.8756451130128886]",1.6581443625781334e-75,26.56283719057452,15.336455249329376,1.7178727430499434,0.4375,3.361020761058497,0.7957580900553692,-1.3076222993208306,-0.9565557059379282,7.067229592599925,11.119695864164642,0.073757287312937,0.5547451327032438,0.2280566677070437,0.766503194861193,-1.7106572665918136,46.40689819813068,17.515516762817857,"[-17.48504784606554, 8.181636847069957]",19.304561110694387,52.65843612459207,16.464101334745415,"[-33.770449238072224, 11.072496057009122]",35.5393220345253,19.129070239049543,0.4796632657429156,0.2713189882604625,0.1733070509638195,0.5966161005330216,-0.424585082568881,0.5,3.442537953389872,WT,310057,14.061394419047984,2.919988428495115,33,,,,,31
2440,2440,31,58,Wild_Type_Exo84,60,59.79653465329916,51.77026257976458,53.45683227589205,33.767095187249055,9.51563775770484,65.0,0.7241991990519403,1.4562743076231957,"[23153.642702879457, 61353.43563907294]",[23152.88 61349.04],[23152.55533333 61343.98233333],"[0.9123688389929209, -9.651956189634381]",2.081072277827153e-16,22.34501136253515,9.694981958982014,0.9572335313433672,0.4375,0.5114190185464788,0.4434340989321521,-0.4060202826582554,-0.956534722634958,6.223381283035756,9.801235972763344,0.1008903473912743,0.3288521019184945,0.654895251189291,0.3349258866139769,2.827614824581254,36.31034839039788,16.306158537874914,"[5.118217959574603, 6.116398867328069]",7.975367714780561,32.464870787279395,15.703221526342698,"[5.52426194710372, 0.5650316670288302]",5.553083003608316,11.789296812758156,0.210420080832364,0.3685124440503555,0.6521641272770851,0.3035592623054164,-2.538372769422026,0.6875,0.4654645197564556,WT,310058,7.414699050648353,1.1592388430387657,35,,,,,31
2441,2441,31,59,Wild_Type_Exo84,52,62.35978264456668,53.614619596668575,53.98293407474937,30.29736054097317,4.496582422382476,57.0,0.554880965935439,-1.060851236565609,"[33588.73835549287, 58075.80641121736]",[33587.16 58074.38],[33590.93326923 58071.88192308],"[-1.0383545096606024, 2.354596858898044]",2.1487900227850878e-10,24.26364885307632,2.573384241745692,0.9874327672644324,0.5625,0.9246834220136428,0.4574350282831421,-0.4320488572000517,-0.9565240808413028,5.274051934776064,7.680582428067807,0.0765734066946839,0.0943029539368028,0.5165194971893533,0.4776170161978174,0.1694516021820465,36.43406304352061,16.76288397649683,"[7.228148287150111, 9.380402889162994]",11.84221626318522,33.2805250448481,16.246763444097454,"[9.726125296835288, 10.349340354965957]",14.202336394856523,8.982530545091276,0.2981102534794734,0.0256985120251711,0.4634496037990797,0.4476806729713244,-2.1160662655823352,0.5,0.96597487472534,WT,310059,7.120478946890422,1.7349068841777446,36,,,,,31
2442,2442,31,60,Wild_Type_Exo84,106,69.39844827862348,66.73176671032233,67.64085222455631,46.39093964365613,7.894592614082167,103.0,0.679868145788372,-1.3882512715781037,"[29975.83139979377, 38356.80842290628]",[29964.12 38357.62],[29977.2645283 38349.045    ],"[2.050741677000964, -1.404330926439019]",2.0949593415407065e-22,33.99140266226036,2.485495277956045,1.854591043513956,0.75,0.5066462118056783,0.859201361696221,-1.524150250684462,-0.9564993233193714,10.970028024334212,16.778238580080014,0.0878491677088102,0.3190611056342829,0.6586035367544204,0.3336789869784489,1.273076890995422,46.64403098607611,22.222197891083,"[3.3658179267863884, 7.8270697990118645]",8.52007933970572,43.85784690713181,20.454272823845724,"[-1.3568569896345775, -12.720549259720192]",12.792710203834377,13.330176228622811,0.1560674476295852,0.3140916312552039,0.6550981654905168,0.3205447862998699,-1.824624417790458,0.6875,0.4893080200581176,WT,310060,19.094183446806813,1.6224250071620971,56,,,,,31
2443,2443,31,61,Wild_Type_Exo84,35,71.2890938826848,67.06630126315363,105.24087424683825,50.51698159665225,57.93096193375712,39.0,0.7538570178929814,0.6735117319990619,"[31913.61678308077, 41547.24016173709]",[31965.12 41574.68],[31958.89771429 41583.37371429],"[6.970152591027878, -2.4682319740617045]",24.996066258994865,20.78205981292428,7.3942677947172815,0.5578245326699519,0.25,1.0015231310904238,0.4473636357316276,-0.1875587972890481,-0.7515868096981314,3.4808742769522016,12.064246407735482,0.0812749098120547,0.3260699429223446,0.4963192149040237,0.4970751741310187,-0.5293035982755192,44.43012997421473,15.683528014994614,"[-13.82869994215387, 10.271973203556875]",17.22632797739312,41.000882237219685,15.256944029350535,"[-8.541858101135999, 12.278864680824874]",14.957735713334127,16.58481192380844,0.2597038697061277,0.4404998580985679,0.4111310555535168,0.5214228445061458,-0.4809173606894683,0.25,1.268264310036468,WT,310061,3.300134440245694,0.2390471303055893,28,,,,,31
2445,2445,31,64,Wild_Type_Exo84,45,46.19198038259645,46.19198038259645,47.20660980403337,32.671133130420124,6.953378180750553,46.0,0.7167582153212145,-1.1246232532224594,"[23555.42605236356, 44109.019322180306]",[23552.12 44120.62],[23552.42555556 44115.292     ],"[-4.49961455231578, -15.358937134351207]",3.654912859545222e-20,13.109265251264844,16.004483153678045,0.6152813768962986,0.3125,0.5484114801020537,0.2849894203598541,-0.1677369787224397,-0.9565910384442948,4.641165702602936,10.507632403324717,0.1656570648154037,0.4278145308747211,0.6281003140151384,0.3444574228616067,-3.0201173728506774,35.710471376755294,11.278727279039106,"[15.10910965797934, -9.537908814519492]",17.867761449351544,31.688839738943336,10.670195522348934,"[11.288742847081599, -4.05216905652184]",11.993989708606934,19.20149550708151,0.4411320624898454,0.3512289212410456,0.5346922299722432,0.2707102734712119,2.532596618904776,0.625,0.5062917661722238,WT,310064,4.127432952089377,0.2142284508763138,27,,,,,31
2446,2446,31,65,Wild_Type_Exo84,54,53.66549004001408,44.827169229271405,47.20935703545718,24.599591058916182,10.576453694446023,67.0,0.6716567221215006,-0.6639546396403481,"[24714.534652536153, 40701.04426013275]",[24720.91 40685.69],[24722.86425926 40694.52666667],"[-1.7259492331096942, -1.7002160038974246]",11.819136865439413,15.83326174759072,2.4227330053435248,0.3404098521954482,0.375,1.4262402628506026,0.2288949330134379,-0.0672414928242314,-0.8629766534582155,5.379532973471584,13.45058462330791,0.1398575303800642,0.1734642298345648,0.4040984259506375,0.576341445245352,-2.643996831532728,28.31034764594957,12.863296112469452,"[-3.8864431460033115, -7.327747613898543]",8.294596157747037,25.590179322262937,11.987156177995622,"[1.389540467797433, -2.633259133711343]",2.9773942259836743,7.863502727340472,0.1233534180644996,0.0366636452804147,0.4816883067788892,0.5030956274729156,1.5833714769090397,0.5,1.04444226773363,WT,310065,2.5014913238852645,0.3889556718404519,27,,,,,31
2447,2447,31,66,Wild_Type_Exo84,74,43.76894216278939,37.76705127770216,38.98954308572912,25.197191928968643,6.919150731677318,80.0,0.6559285346675366,-0.2923266991356095,"[25208.289125901032, 41150.9369782085]",[25215.28 41159.28],[25201.66351351 41152.93094595],"[3.32355148148571, -0.2893042478007829]",1.7681405044127437e-12,15.80058729724285,3.33611921218074,0.3639460247389994,0.75,1.3385771490792415,0.1685091204150544,-0.0586761841316804,-0.9567566092619024,7.48915374738201,4.559533902171477,0.0788112463668318,0.2198928781143331,0.4249544590980832,0.5688343283480234,1.8826405839738587,28.310877932836966,11.958861332159264,"[13.44674411334661, -4.902825237370776]",14.312673494425194,24.711301390653656,11.67317527688902,"[12.007574020392447, -3.3375735776632522]",12.462793877839731,10.615396738771764,0.5641189079044383,0.1086714977015013,0.2858524747801275,0.3959173829645766,2.650108826301174,0.5,1.38504094907385,WT,310066,3.130782084452016,1.0784523932912955,30,,,,,31
2448,2448,31,67,Wild_Type_Exo84,76,49.5022407092819,48.29681977772436,48.36198700398821,31.91436580707582,1.7926986742762434,77.0,0.7002983196568813,0.5467780757903726,"[21002.46251486288, 55580.46182855962]",[20971.38 55547.62],[21000.93118421 55579.52973684],"[-1.1835266623244471, 1.4952179037789726]",3.818739854401877e-18,25.69309750191165,1.906937843825548,1.1044913860433787,0.75,1.1600357387405076,0.5118011621135725,-0.5406380171838184,-0.956407516928159,8.016558940859616,8.64677191633105,0.0454172630917651,0.261051371887324,0.4620003522696987,0.5359369199435546,0.9352669817953506,34.944782321812745,16.196827069280125,"[-5.309796152068606, 1.6883751681878363]",5.571763265347504,31.728869390733603,15.402129536732245,"[-5.257019207092071, -5.120276418156845]",7.338493138381206,8.199309799470631,0.1710212021090894,0.2576741282046849,0.4424442541994137,0.5283074942297484,-0.0444339139463127,0.625,1.1940656686472313,WT,310067,9.628732671548516,1.3710307234151724,39,,,,,31
2449,2449,31,68,Wild_Type_Exo84,39,66.08778804828437,66.08778804828437,66.49364156698564,49.237988980105456,5.239598039369846,42.0,0.5675312528809859,0.9706425283215184,"[22760.630190292828, 41260.41679231866]",[22759.12 41267.69],[22757.67102564 41256.09282051],"[5.4194964836638375, 3.762614760621102]",36.859903940672496,15.055779420053147,6.597591376653186,0.2467983564690068,0.4375,0.9621460216100864,0.2360692499562797,-0.0247719405204079,-0.425185401791671,4.1137605091253295,21.161413158622832,0.1141100932087275,0.0907690241198452,0.5030099063768996,0.483968980250996,-1.7659594330090185,49.771298396591625,15.783970889459695,"[-0.5512115624429526, 15.76429960322202]",15.773933439910184,46.30383314076474,15.241834649526927,"[2.48125274385678, 11.909521597405186]",12.1652505053516,24.46521205168575,0.2940690201620123,0.1741000660854361,0.4320381642269541,0.481485247154,-1.6092737399362878,0.3125,1.1144507291746355,WT,310068,1.5412552421569623,0.2901715676013459,28,,,,,31
2450,2450,31,69,Wild_Type_Exo84,92,77.18721151180395,75.24341714542035,75.24635486170702,49.08101892737074,0.4749308511411877,94.0,0.5700371989409214,-1.317788072581466,"[23576.3411661454, 53282.67214567142]",[23593.44 53282.88],[23576.22228261 53283.13195652],"[-4.956599073303564, -4.134212531573429]",20.38805151790393,26.76978775946717,6.45442388054058,0.6343204716371451,0.6875,0.8095746449279196,0.4294325082431417,-0.2343117374137723,-0.860182096206728,9.598774521292436,15.614181074205591,0.0191983766404389,0.1135704395181809,0.5524123722313704,0.4472190501030015,2.91323845073078,53.517205679860496,24.71274361635721,"[5.140131370876608, 6.2493362196699715]",8.09167187275589,47.471195340861314,23.229075714361752,"[1.210130242562482, -4.6609945640973605]",4.815525467745911,15.852553051110814,0.1351353700835229,0.1424819960063099,0.5606833388177939,0.4210550929345953,-2.3216519539576987,0.5625,0.7509677277416411,WT,310069,6.084188227520024,0.6973490055639566,57,,,,,31
2451,2451,31,70,Wild_Type_Exo84,43,55.68472058857432,38.13377942920721,45.97900200620961,25.688570631884428,18.34871251573508,53.0,0.7041816329974622,1.1943424355815375,"[26524.951996452117, 59178.32966062951]",[26527.09 59209.22],[26531.69744186 59195.39348837],"[1.3737828620662846, 3.3280288326675262]",9.879754340732273e-22,14.065419175542292,3.600424317101168,0.384764584803354,0.4375,0.5905864948107215,0.1782144001196756,-0.0655944858075932,-0.9565979543877198,4.219241547820851,4.582075948228648,0.1258971008791045,0.268261374108925,0.6187339847289157,0.3654159352613208,0.4166828728068469,22.57085733189201,11.058697754672831,"[1.4128994409242523, -6.115449478636621]",6.2765442048886255,24.8186585786242,10.090198090250574,"[-1.6404720420758736, -14.660549563258748]",14.752046028181953,4.864682588405525,0.4209296268606197,0.1381319965692315,0.5572950237077303,0.2655232255232491,1.3427384905588389,0.625,0.4764500205953767,WT,310070,2.523070111176578,1.2181179872683707,24,,,,,31
2452,2452,31,71,Wild_Type_Exo84,71,64.16044530048192,64.16044530048192,65.01259318572018,42.75083865910668,7.494029309650466,72.0,0.5619540339172499,-1.2076891960925449,"[27609.76215547663, 55557.83657012642]",[27604.   55558.06],[27607.10042254 55564.84197183],"[-7.3657923789156055, 1.6893713986225334]",35.94780546472893,16.571695595035553,7.557041292184069,0.209720089215496,0.75,0.7877771611418103,0.1977043362736623,-0.0199833066375812,-0.4819601422577075,7.48915374738201,21.366128235521256,0.0664801370325849,0.1181219538172805,0.5568817037265851,0.4386986876535438,1.6861871290427983,46.1939234032958,14.98546035362998,"[0.29300241147529404, -5.788401864226343]",5.795812846780799,44.15547095207612,14.71586262284245,"[1.102323128633594, -8.047359984695984]",8.122506940791537,23.212716788849008,0.1517039324329142,0.0735864975210653,0.5292265951543296,0.4477593217300602,1.659602674212737,0.75,0.8460635308765758,WT,310071,1.7671328821736774,0.2280403471628749,43,,,,,31
2453,2453,31,73,Wild_Type_Exo84,36,45.12493761423013,41.89707971518499,43.15541698769757,24.66473580956597,7.389482553537664,37.0,0.6593672384296239,1.247490966382729,"[37395.69539920104, 37227.698085222204]",[37399.37 37247.56],[37398.04305556 37234.70472222],"[-4.781595588627241, 7.681523410685041]",3.922083440992149e-23,18.876658343226087,9.04817430657046,0.7282031196801758,0.5625,0.7078693466539906,0.3375721771158047,-0.2350625291737233,-0.9562340955578308,3.691836354343245,7.238675996340794,0.1102024856695077,0.2430868627944151,0.5784139249806435,0.4094414871716184,-0.6420308553078268,29.199421337148934,12.553343863533886,"[-4.635225580382437, 2.827044020628839]",5.429318012016331,26.36559921249673,12.200211254389409,"[-5.160887550294113, 0.21626936528172613]",5.165416996249203,9.32150729730008,0.2799104774862147,0.2669452589326446,0.5598466317358627,0.3618034928575765,-0.546833271855397,0.5625,0.6462546568080032,WT,310073,4.369218718081055,1.3850073034923114,23,,,,,31
2454,2454,31,74,Wild_Type_Exo84,44,67.70655393937459,52.10052565245736,52.429534487863954,42.71470426108136,4.188864815765217,52.0,0.5284392096283493,1.5237065822195772,"[28229.01990695562, 54783.09172138724]",[28241.38 54791.69],[28228.82272727 54778.9075    ],"[0.4164679118275381, 2.172857603553006]",3.4281416283142983e-19,17.598284344082572,2.21240947541365,0.6937262134556569,0.3125,1.430393059679582,0.3213086720885189,-0.2132287995943569,-0.9566108655695468,4.535684663907414,5.709572723378465,0.0942542691353102,0.2549001807563577,0.4078007583186709,0.5833153744310975,-0.1659811444604882,34.98027816870713,19.906413089708163,"[0.8825277083328238, -1.2121706624873705]",1.4994041719864115,36.43068648129998,18.493976049422866,"[21.360980563758638, -9.143775088693198]",23.235750762948904,5.557519780847639,0.044294348524734,0.2664953621529717,0.4013673716076047,0.5966706390811646,0.6894128128235156,0.25,1.4865947789709657,WT,310074,4.6016591145328265,1.6290413123108332,32,,,,,31
2455,2455,31,75,Wild_Type_Exo84,41,55.39227963135549,39.89373734709922,62.63966777011927,19.32082413022154,34.49502847077097,43.0,0.749590262876014,-0.7726074178622624,"[16926.87628656392, 44840.57035460017]",[16901.94 44882.06],[16902.17463415 44864.64804878],"[1.9939208373045256, 0.08517449783090812]",1.0795636046283074e-11,12.904296790171465,1.995739211549928,0.2797475496357679,0.3125,1.2702002526313956,0.1295196142774545,-0.034666564685994,-0.956773137434494,4.008279470429808,5.194887892897723,0.1126156928914519,0.1481419594573516,0.4349033547019367,0.5524143510126415,1.8031625442886907,64.48854906877051,11.877951609493673,"[54.705213970513256, -25.03038816738171]",60.159627387222415,188.4907904487773,11.674339528765802,"[160.73798710066134, -95.02104500886152]",186.723591149454,32.67541832668256,0.9614149455507016,0.8567751798008116,0.0206315818045371,0.0550497206672043,2.6775249667730323,0.25,2.6682258873189384,WT,310075,1.7912583154352344,1.129767992220911,21,,,,,31
2456,2456,31,76,Wild_Type_Exo84,31,50.60913369983266,35.80886269115733,42.30190728178768,30.23289671696769,16.086131567201033,36.0,0.7299209038373278,-0.7939718151404309,"[36212.087842245295, 47738.63752188206]",[36238.75 47723.44],[36223.36451613 47727.16580645],"[-1.1127040463118087, 0.7017018993170103]",4.3744941960132575e-08,16.82140879047166,1.3154831242489473,0.5363838919333188,0.4375,1.0085081586375002,0.2485121790235906,-0.1274961068657942,-0.9564747710531348,3.269912199561159,5.714941035905231,0.0432014821519811,0.3028846323031386,0.4969527395980159,0.5011808923418561,0.9658468319888276,35.85830822478341,12.427752943989397,"[-16.908820064530353, 18.59269517783555]",25.131583912490942,38.52991090676192,12.169670184365511,"[-18.82777099994396, 24.978954888376965]",31.27991605074896,13.73445940266892,0.7456972010179593,0.2652821117488805,0.2533208580834054,0.1906148263105757,-0.857243892408052,0.3125,0.752464000606757,WT,310076,2.986459118302402,1.0782061223447523,19,,,,,31
2458,2458,31,78,Wild_Type_Exo84,60,66.19155488317409,66.19155488317409,66.58055296520754,43.05762813615952,5.133329234594592,61.0,0.6707636915983053,-1.446923662380491,"[36096.12492088216, 47075.26950445416]",[36083.06 47066.47],[36095.49066667 47080.3635    ],"[-2.9825057842601073, -2.5410266711058096]",33.24129042615768,14.844148137837989,3.918182907473319,0.2500968313563275,0.5625,0.4587324864266067,0.2367885256071654,-0.0276278648846282,-0.4665288232603525,6.328862321731276,17.494998647832634,0.1526369699343672,0.3700807971159935,0.6695552231114283,0.3071467322978269,0.875096138807358,53.90151580426407,15.808793656111286,"[-7.9340697868440335, -24.638498472413552]",25.884456153406745,49.21340783254092,15.267326295264615,"[-5.407251907323574, -19.759657235778988]",20.48615208536556,26.896487585861088,0.4649670208092555,0.2375819700765136,0.480491192581422,0.3033144769783432,1.2999283605349097,0.5625,0.6312591815654244,WT,310078,1.9372417255646024,0.4406789856095976,36,,,,,31
2459,2459,31,80,Wild_Type_Exo84,77,66.94794895678741,52.63533139072612,53.17210944792334,31.4509955781032,5.3830380111707,85.0,0.5805936634645715,-0.4433858506318715,"[17831.197478549926, 52558.39257206107]",[17827.87 52559.53],[17836.06       52556.08324675],"[-5.055816266283654, 5.56043700339345]",5.919018366621276e-20,22.873680591569936,7.515300245973245,0.9641842702022424,0.6875,1.1462088467049922,0.4466323892645769,-0.4119272062453558,-0.9565556030255404,7.700115824773053,9.289879484838556,0.1730287914933885,0.0754929007274768,0.4519881831647661,0.5180728541495713,-0.3785897889755312,34.86398477959102,15.438001487443442,"[-1.1252605214014073, 7.084194772444791]",7.17300681827075,32.01011357660164,14.900060138763417,"[-5.731968224444079, 4.706054231953216]",7.416360708603741,10.245329988106068,0.2755215065578948,0.1281236133616504,0.4382627538636285,0.4858251455604393,-0.9738980797958406,0.875,1.108524831913073,WT,310080,8.460682633908341,1.5558474180149728,44,,,,,31
2460,2460,31,81,Wild_Type_Exo84,66,75.66009156239213,75.66009156239213,76.89625616814311,50.01240650675097,9.809011825006817,66.0,0.6045918581061251,0.1448507880899615,"[19781.74038016088, 49659.31972638675]",[19782.81 49650.31],[19791.44666667 49660.73560606],"[-5.874657687441151, 2.6715159896987526]",43.64608056288159,15.41925798629597,6.453572702606481,0.2158050947588791,0.6875,1.3388638326829507,0.2089343257433105,-0.0164424559020946,-0.3646659354929047,6.856267515208882,25.82721235455953,0.0611472074401221,0.1480011191848041,0.4259593932321603,0.5703016257901143,1.7326842753515306,53.17890774680264,18.0596077626776,"[-7.0218291376189335, 0.684626047445254]",7.055125602195525,50.11166856667196,17.172288162458848,"[-0.0628707447287233, -2.944427478610091]",2.945098624382029,26.09150272948317,0.1003992441965997,0.1985342753011611,0.3933788080960976,0.5965411836686538,0.5462731021066023,0.8125,1.5164548048631186,WT,310081,1.7532088777372368,0.2794136931043992,42,,,,,31
2461,2461,31,82,Wild_Type_Exo84,43,48.3784661940544,45.77135456114841,46.574684111813305,28.589145346478126,6.152164948000743,59.0,0.8262038125253459,0.7224659420344159,"[38126.708238610605, 51744.536641127925]",[38143.12 51737.  ],[38122.09302326 51740.46860465],"[9.117720455687646, -7.984065612499192]",1.0274204460671738e-15,18.66054251735422,12.11932877731919,0.8095449171123491,0.5,0.9556131410823134,0.3749546836957151,-0.2903711811876092,-0.9566074922778682,4.324722586516372,8.45371825244072,0.1147770786825513,0.3037827548539248,0.5046121860599437,0.4822140361491556,2.1703165431388745,30.60499438216295,11.341114168682214,"[6.204600776145629, -3.5197789012895524]",7.133436360220088,28.768974616494145,11.007473544794191,"[4.292219640908908, -6.395454089386188]",7.702271253029895,11.01189943608264,0.2444163061426967,0.3851591023801284,0.4651305888427732,0.4751300804487863,2.4226452680241204,0.5,1.021498245537649,WT,310082,5.308541026625388,0.7180774905095021,25,,,,,31
2462,2462,31,83,Wild_Type_Exo84,52,68.814692473948,68.814692473948,76.09623706253252,42.14801378281904,23.20247386081405,55.0,0.7510505775182376,-0.170441219369633,"[29429.925652495087, 44796.80130768695]",[29449.44 44807.31],[29452.79192308 44792.86576923],"[7.662941809442651, 6.155353895738787]",37.61515151076044,12.283608516570762,9.828990729301298,0.2135966880475569,0.25,2.272321041879013,0.2078162011575683,-0.0148962855220805,-0.3355861833236934,5.485014012167106,16.890682439866964,0.1799619131103197,0.4265153624058327,0.2956964483148806,0.6719172615147933,-1.932824661153937,51.82887645124155,17.958031399962707,"[11.535886477181025, 11.709131797142962]",16.43716655197216,48.85549473327488,17.685363330485544,"[12.081050759665038, 11.731481774785603]",16.83981746010716,23.7685365475816,0.3388534596121424,0.4887132868215507,0.220753194194318,0.6644251387145638,-2.350642027334093,0.5,3.009809851855205,WT,310083,1.5402676220495055,0.3334658507164748,32,,,,,31
2463,2463,31,84,Wild_Type_Exo84,53,71.49848979806042,71.49848979806042,71.51163161323234,47.772355111521904,0.9792262103609012,53.0,0.7169966569136719,-0.7992478085839692,"[24413.64120060669, 53904.908732970376]",[24419.97 53921.78],[24414.32396226 53904.20679245],"[-16.4614488568978, -16.967439624828888]",17.087326203119947,13.904039266922192,23.640501388305523,0.2811663807262449,0.375,0.7492603432096088,0.22728617313355,-0.0475518258226321,-0.744099118489819,5.485014012167106,14.107387433361849,0.1933410689823559,0.2533431841990722,0.5503007226920322,0.4123185083527278,-2.077939831055968,51.02977699133957,19.729633729150777,"[3.3927176514064925, 10.15727888425704]",10.70891438917779,50.84396722408656,18.55424126012505,"[3.1068864834599688, 19.955775148998754]",20.19618046608077,20.75716164886657,0.3405998304412478,0.3385825787706466,0.4825746610848836,0.4014170944185097,-1.947037094874052,0.375,0.8318238125393439,WT,310084,2.046922148858347,2.0927197501579267,37,,,,,31
2464,2464,31,85,Wild_Type_Exo84,76,61.611863953582,60.04383778772859,61.26638881361468,38.00018631337843,8.698696301039899,82.0,0.5693380043991572,-0.3382518931294323,"[23716.704610866847, 53781.17712146465]",[23699.19 53765.38],[23708.49881579 53784.06368421],"[-1.3175245065919483, -2.3465329034942175]",16.10030255970993,25.364269551187725,2.6911126867248347,0.6466601923546811,0.6875,1.2145002251248502,0.4129051879495546,-0.2360082748093382,-0.8838951757458728,7.911077902164095,14.343848803042054,0.064649054323115,0.0953091704451907,0.4496818236805481,0.5461386760945789,2.8017122879252288,42.29442079498498,16.725983028510644,"[4.227338842759703, -2.4131482762570804]",4.867615257465145,39.46880674606667,16.35462069882603,"[6.8297769282484335, -2.9920310863268007]",7.456413542124696,15.68586520467371,0.1554305468365197,0.1327878435887019,0.4129836099046621,0.5628577352054384,2.783312389796357,0.75,1.3629057466357442,WT,310085,5.637452858569257,0.7025974806223191,46,,,,,31
2465,2465,31,86,Wild_Type_Exo84,60,68.95754157200174,60.72056928350863,60.86738107973993,38.78671760576882,3.017850413590702,59.0,0.6373096956999936,0.910892582802304,"[27358.97356545487, 49723.14075647352]",[27376.19 49714.85],[27357.1235 49720.7565],"[7.249974739997559, -3.0498019315888336]",9.73823690996378,20.19577264717289,7.865330606689438,0.6296712085959387,0.5,1.1289916364911583,0.3732912941385717,-0.2133981026141332,-0.907880851562144,6.012419205644712,8.392256914313599,0.0900183489856341,0.1167981035766789,0.4658997620491685,0.525996934796732,1.6314039715218656,41.8788253428578,19.308330014707263,"[15.455369727321942, 3.2654185221573355]",15.79656328234302,36.68107497248568,17.52542352286213,"[7.367550600083207, -6.459160452860232]",9.798038354720807,17.5593245639553,0.3666964963728277,0.2119731862851315,0.3874618803018644,0.4780717992460284,3.093948944891323,0.5625,1.2338550540083362,WT,310086,4.877412208956734,1.8677217440398173,41,,,,,31
2466,2466,31,87,Wild_Type_Exo84,73,78.02621211110467,76.05690424895637,76.50622810743361,51.78428994802538,5.913934396570667,72.0,0.5681239486282204,1.4079034396521066,"[33791.82694411651, 54581.104626681394]",[33799.62 54566.25],[33792.7860274  54586.94027397],"[0.12099950846069063, 3.9295673035362646]",43.2164578431593,21.656534679241204,3.931429774785377,0.3902890624706867,0.6875,0.9387175222941464,0.3630401500597427,-0.0741588668980541,-0.5233859338556899,7.700115824773053,27.26123936790325,0.0578204239381239,0.1414780560462526,0.514080461498197,0.4825763370774188,3.042145891462748,55.34885327529497,17.969014359368238,"[9.885614977170977, 3.796941564241873]",10.589719010395632,52.74268407013229,17.68585837929057,"[11.610019809365916, 2.904193468405214]",11.967744134789834,28.06643755010797,0.2092567263267112,0.0920863260109427,0.4670747718812745,0.4891368506057534,-2.8467793597055744,0.5625,1.0472345758166677,WT,310087,3.334631211506015,0.4153293644833482,48,,,,,31
2467,2467,31,88,Wild_Type_Exo84,69,44.51597527989247,42.23748331377441,42.3294271116094,27.725033576933686,1.991743533672452,72.0,0.5157165799971917,-1.0901165516005171,"[16205.43195214046, 60807.258069758915]",[16213.59 60801.41],[16206.35289855 60805.49202899],"[-0.3021615409549757, 1.4826015895553633]",5.288222158777606,21.42826284284737,1.5130793337377837,0.5113293506758737,0.9375,0.9872816914888316,0.269003614379305,-0.1287564603716684,-0.9360740190833242,7.067229592599925,8.878108510409577,0.0508446574530889,0.0224966514721873,0.5018990639727753,0.4955157568357029,1.2081177031346384,28.79082277931797,12.247871852759024,"[0.1701333849998048, 4.777302651880129]",4.7803311596951525,26.08228149567449,11.724602477921726,"[1.3297318173972366, 0.577505699371236]",1.4497239526905863,15.970095570959066,0.0866970394649758,0.0610190861752475,0.4931114386898201,0.4993721846581883,-1.3409213160719256,1.0,1.012696411961164,WT,310088,4.247420586134617,0.2555858123539236,34,,,,,31
2468,2468,31,89,Wild_Type_Exo84,32,56.04323582657804,46.31281323590893,46.82436946009353,28.365439834067978,4.930377801028024,33.0,0.6134875260737518,0.2811495764662789,"[25978.065234426667, 53390.262358967855]",[25973.03 53401.34],[25973.3284375 53388.894375 ],"[4.798405907697474, -0.4079874653215428]",1.2735630753637093e-13,20.81007217483084,4.815719367538511,0.8360916922913244,0.3125,1.3331360127217555,0.3873044914758292,-0.3097511063341389,-0.9565472437520324,3.164431160865638,8.490067728448055,0.1277637184632411,0.1569699273235063,0.4216112677875658,0.5620651644568799,1.7937245139003952,28.26241706479969,13.063586126670623,"[-2.8686777998108584, 3.4034615902528675]",4.451164242695864,25.801005424139184,12.541466178616796,"[-4.702987115722161, -0.5351243536020188]",4.73333348544835,7.176088160171506,0.0721117059016868,0.0761834681208696,0.4596291361294807,0.535170765742468,0.7111827754802089,0.375,1.1643534399257638,WT,310089,4.729648842503455,0.8170674084820843,23,,,,,31
2469,2469,31,90,Wild_Type_Exo84,65,63.515199345065625,56.90597199803735,57.494534572617695,37.26435897195596,5.8611422182494985,68.0,0.6574457497973096,1.0724823586977867,"[24271.797920324832, 56246.71467430068]",[24252.12 56250.69],[24268.99661538 56241.56630769],"[3.089890315020412, -3.565184095903331]",26.899734058191296,15.5186572158638,4.717834227327089,0.167634849151729,0.75,0.836863603205729,0.1513161684396934,-0.0150767020527926,-0.5943697642310359,6.750786476513361,19.408057583879543,0.0201058311973453,0.098752207518391,0.5441861626564708,0.455409592895393,-1.290004507465023,39.666463552175706,15.22855813828466,"[0.4627597118393809, 4.941724143164041]",4.963344039861839,36.820033333930326,14.811270646678308,"[-2.7169725996176557, 4.945390435834861]",5.642590421953382,15.835536893475204,0.107314986327222,0.0992813992246546,0.521752614498343,0.4667308792112451,-1.588478362982831,0.8125,0.8945443994756013,WT,310090,1.3515153614583857,0.2401370452017779,41,,,,,31
2470,2470,29,3,Wild_Type_Exo84,33,59.34435574251327,59.34435574251327,71.72397354496673,43.25339130061486,28.772292356387588,36.0,0.7258694940100087,-0.3295243893307124,"[18586.37363208752, 49512.692516638606]",[18557.19 49514.81],[18559.14939394 49522.0030303 ],"[14.340888928279346, 5.958230915515001]",3.3054859709108023e-10,23.318740375728005,15.529378960404175,1.3053409364271784,0.375,1.3948637366306635,0.604616083213473,-0.7549694779524063,-0.956589788914408,3.4808742769522016,8.316774385263951,0.2237451154885025,0.276959798381655,0.3966564396818274,0.5532816836132092,1.32262704441572,49.37709474074818,15.786904602119993,"[1.310514522980374, -25.28967194089921]",25.32360470377879,49.4238831436164,15.37434523225554,"[1.299658511146762, -29.674721138893144]",29.7031679609544,26.38365113235289,0.5713639850205737,0.4844936633335865,0.2657580051550199,0.4077851914663896,1.606976347479318,0.5,1.53442298465675,WT,320003,7.49861278439654,0.4936871271460511,23,,,,,32
2471,2471,29,4,Wild_Type_Exo84,46,64.78632715377844,55.662819534728776,56.41271493568285,37.73222935923765,6.548287198510756,49.0,0.5826233101125248,-0.0483589692844735,"[19628.65150137661, 50303.76823760102]",[19607.19 50291.38],[19622.11086957 50304.08478261],"[-6.077654786452115, 0.8069443048011635]",2.6544766079844815e-12,19.4980006653751,6.1309906878362925,0.938051793501948,0.25,1.2051925806858357,0.4344639558104012,-0.3898694868750724,-0.9566182814261984,4.7466467412984565,7.085774150540459,0.0259123925807236,0.1062104122725754,0.4531706467105663,0.5461579012001764,-0.8219404218350552,41.654172421146335,18.70186574133117,"[-2.1160040813713943, 18.99888722365744]",19.11635919859308,39.14913951263218,17.995257190711005,"[4.633794605827942, 21.849234837893302]",22.335199024195205,10.545271295513722,0.4679495835139401,0.2786547593341615,0.3699034201857713,0.4111197671033587,-1.498343220141397,0.375,1.1114246169902615,WT,320004,6.362176804792695,1.4733870716293052,30,,,,,32
2472,2472,29,5,Wild_Type_Exo84,65,55.74399727675006,52.545367647229554,55.65956409834608,33.53906949377687,13.111986540512538,68.0,0.6217604095768895,1.0202346125485822,"[41588.351331089216, 37570.25479216439]",[41577.   37582.88],[41595.21107692 37581.42923077],"[12.353481017802814, 2.643958164572194]",1.5832138340559013e-13,17.262581606908938,12.63325009778649,0.737330426096276,0.5625,0.894690536384741,0.3414379818108632,-0.2408503316342577,-0.9566944673717764,6.539824399122318,8.658320229453707,0.2431369221920129,0.1872916644648449,0.496590033569438,0.444294403497557,1.225173263013233,44.30576431471483,11.323553661338574,"[-13.061442033284033, -22.40204048419295]",25.93169269145882,42.63693818414664,11.228637740719163,"[-12.609557214659532, -22.26412671552716]",25.58695510518636,22.12001318394114,0.6506596177188425,0.2371102375675792,0.3061497726116536,0.270492289258316,1.054002946024328,0.5625,0.8835292835622368,WT,320005,5.944547940850971,1.451956996139186,34,,,,,32
2473,2473,29,6,Wild_Type_Exo84,86,58.16783579080053,56.77731927490361,57.03919441046032,37.08209577254132,3.89961503525503,83.0,0.5788025351661734,0.2202362438729255,"[41843.70786507432, 37717.06714310913]",[41840.05 37713.58],[41839.90244186 37716.21523256],"[3.7841617793295024, -3.3486443808871487]",27.46869273232713,17.92001974667962,5.053048541404021,0.2704408416304992,0.9375,1.2998119233104055,0.2359089696016668,-0.0416987675401783,-0.6535916369212843,8.860407250423787,21.13356033380841,0.1444350212821532,0.1869873322656028,0.4257472164149093,0.5533913082123147,-0.847411620209028,39.58874536803658,13.71220235333479,"[-3.473308674139469, 5.552950081547625]",6.549742571583424,37.72899679072824,13.426870560737516,"[-5.565233094529492, 6.551117869756629]",8.595869050880832,17.852893454542933,0.2302938152839292,0.2042749844047003,0.4099128546550782,0.5370519039868933,-0.9206847959030712,0.875,1.3101611669114313,WT,320006,2.5079651908820217,0.4408969843614256,40,,,,,32
2474,2474,29,7,Wild_Type_Exo84,60,67.04646747335612,62.34924793440267,62.42055268717649,43.44408781538584,2.130521612256436,65.0,0.6131412558917934,-0.7961313552966928,"[36589.676249806034, 41642.7652554817]",[36587.56 41612.88],[36591.1665     41641.24266667],"[0.747374259943592, -3.165507020868526]",31.262165970032857,17.154764886279516,3.2525379296165267,0.2904942764145513,0.5,1.030508092610838,0.2653300656509036,-0.0438774506050918,-0.569268746971036,6.223381283035756,19.71040877742999,0.0265899657880597,0.4329646087793067,0.4921393701191773,0.5071536036002126,2.686130340491074,43.0717712012598,14.935135813345454,"[0.9356131104152587, 1.4797351726675136]",1.7507107338479055,40.476494261881584,14.543947232191732,"[-2.4807911647922407, 1.6835934440397664]",2.998134701464383,19.131989745209875,0.0272755184659156,0.425377176112105,0.4923347432952852,0.5069213027971303,-2.9643530034131627,0.4375,1.0296273210462756,WT,320007,2.250158989444263,0.2651979332082519,40,,,,,32
2475,2475,29,8,Wild_Type_Exo84,37,48.39102171587583,43.23909081732111,49.75386781251849,27.17013476777293,17.581129546216353,36.0,0.6801173413995154,1.491930789611155,"[36099.63705382202, 41985.65459851877]",[36110.69 42007.72],[36101.02216216 42003.18108108],"[1.770760103299561, -7.976326146925043]",4.888712359306072,14.947783673497677,8.170518352317531,0.2905324923457789,0.3125,1.0195488042921323,0.1593279552371603,-0.0429205234059232,-0.9272104489253858,3.691836354343245,6.292506470617004,0.2231892182362155,0.0581614095368009,0.4704944841361012,0.4796920887270057,2.688880822096531,33.788201563512786,12.97027896862921,"[10.394156783197898, -13.987931741252535]",17.42701149456323,34.84615334367985,12.631371661330508,"[12.57372499772334, -18.876794015933584]",22.681091522198813,15.918334834851365,0.6596211919967189,0.2992981877721894,0.3255878557081401,0.2393120273606877,2.3364153335693976,0.375,0.7350152137591067,WT,320008,1.767240158275058,0.9833477454216808,23,,,,,32
2476,2476,29,9,Wild_Type_Exo84,32,63.309865495987694,42.72088364889226,43.60285146363072,19.8660420971281,6.232516608397302,41.0,0.5450295495436676,0.2009523128312464,"[38677.56428679094, 45600.95683883601]",[38648.12 45600.94],[38671.4571875 45599.7128125],"[-0.30328512383833645, -7.381690930203196]",1.2519351393600842e-08,16.66764784118367,7.387918709310882,0.522152068569991,0.375,0.8544142063289724,0.2418615281158619,-0.1208045382038751,-0.9565759421456784,3.269912199561159,5.803590920473141,0.175527302985934,0.1163018896287753,0.5226395282125822,0.4465506376939019,2.909159717791936,35.314564038688324,14.7181396349137,"[19.36146084126754, -4.389588331640091]",19.852824777074098,28.580459694870903,13.242334450307292,"[11.190709018264112, 9.423347472442126]",14.629813598191848,13.203819655144232,0.6046200468960117,0.4089958305633706,0.3408451499096361,0.2935894489818283,2.889632831930388,0.25,0.8613572734118821,WT,320009,2.9537381479713902,0.7935226978176031,23,,,,,32
2477,2477,29,10,Wild_Type_Exo84,78,55.23673034821708,48.15316982780574,53.58672657186317,34.35006040196998,16.794215176025844,81.0,0.6729407046622761,0.4153902948744837,"[23475.60244509894, 46834.36428222033]",[23482.84 46840.53],[23490.96846154 46841.14153846],"[3.591468081695902, -1.5015760426739053]",8.308595878344738e-20,18.83507304063109,3.892733434718164,0.5066345863902985,0.875,1.044246638858695,0.2347193302716399,-0.1137431354625486,-0.9564923572094302,7.805596863468573,4.236338581101603,0.145287702423316,0.1000080786262995,0.4788519471755473,0.5000395363490067,1.97258310764109,29.99682288594976,15.933488555190973,"[0.8613073544777241, 4.223302050734667]",4.310235558599675,27.934059011614657,15.019057744298786,"[7.104590530788002, 10.558334436310718]",12.726100450615156,4.720137071564024,0.1112302945914447,0.1034530693446069,0.4788804663998439,0.5087473551652567,-2.925985774109721,0.8125,1.0623681500102686,WT,320010,4.474475513610033,0.8006726821779706,40,,,,,32
2478,2478,29,11,Wild_Type_Exo84,59,66.44614340610306,63.11854488038591,63.12706178670321,41.30866692692623,0.7406636588798235,52.0,0.6299178426228318,0.4323902777150744,"[40689.24639625583, 52576.37816600594]",[40675.87 52584.69],[40688.57389831 52576.06779661],"[2.094160908287382, -1.378658005329026]",2.031533592017493e-11,33.5846728896627,2.5072311033203225,2.026159681220327,0.5625,1.3233104773784543,0.9386799816110616,-1.819186374285892,-0.9565021912815213,6.117900244340234,11.255281604511149,0.012290185908104,0.2979678505483953,0.4303552887423554,0.569493662587989,-0.5486618831029341,44.0753933584428,20.15340750628294,"[2.6000781415587526, -4.726163030682063]",5.394165675505108,43.41093359961098,18.025567295665592,"[17.139700824908314, 7.682582455725293]",18.782742546188,12.00749686687965,0.090373499955834,0.2887081450331266,0.4211083942573797,0.5707242362483533,1.937584028670906,0.5,1.3552905713380985,WT,320011,15.56322781990833,2.2781011980590464,39,,,,,32
2479,2479,29,13,Wild_Type_Exo84,58,60.89084779077164,53.774993275930726,54.00509705074177,29.669270423963688,3.55715760422248,66.0,0.5793540837442148,0.1667426738336002,"[24138.638729692517, 36081.91202848187]",[24155.5  36065.56],[24142.14655172 36082.50241379],"[0.9499608960988808, 3.029246914247375]",14.962000034279654,18.141125444816023,3.1747066906399763,0.3089741416864451,0.75,1.205143540573837,0.2150655539234814,-0.0562908703850257,-0.8471200724769345,5.80145712825367,10.517117145265315,0.0194677742424736,0.1581257329816638,0.4533133500714951,0.546307655694549,-0.1099711762711175,34.53444634303404,14.98732753996778,"[1.0145047042486846, -4.771393597198386]",4.878054597309101,31.228650509775136,14.56361841687254,"[3.3007416855379685, -3.6122168186344217]",4.893159104246807,13.868868413116571,0.102513766964235,0.1684302756215717,0.4501961074604045,0.539294820122398,1.5282635581323682,0.75,1.1979108907995832,WT,320013,2.353076958663014,1.0385704941670146,39,,,,,32
2480,2480,29,14,Wild_Type_Exo84,52,66.92258846762448,61.17820222078584,61.7420598439038,38.02188048897717,5.94659595648371,51.0,0.6159443712444969,1.4191909582178617,"[22794.04058632677, 35347.149734063765]",[22792.28 35335.62],[22793.1425     35341.27134615],"[-5.11178218885961, -0.6547912551458295]",27.39281796654065,16.287144931055728,5.15354913958893,0.2292867085736256,0.5,0.7385031044083191,0.2053727369147157,-0.0286923274208956,-0.609318139443148,5.379532973471584,14.800111603553306,0.0926452789147919,0.1917208386139695,0.5702703951352555,0.4211464571595449,3.081087699974028,42.54801416324234,15.939724023868177,"[4.618590413345874, 1.0941330632899176]",4.746420184353108,39.55509234746484,15.470556055992043,"[3.940977187181136, -3.548739887950116]",5.303287280754301,20.06198416080536,0.156953981390352,0.2332060720592721,0.5744846602256443,0.4008807875000728,-2.988898793463552,0.625,0.6978093850976215,WT,320014,1.653409969089152,0.2135532799267355,36,,,,,32
2481,2481,29,15,Wild_Type_Exo84,62,52.27139349373923,48.821273547983466,48.821601813767785,31.53862813869832,0.1278807142436304,68.0,0.7399679733976239,1.0199684799405653,"[27361.657577007594, 43754.535095105064]",[27357.88 43757.25],[27361.59064516 43754.42612903],"[-4.364824455808585, 5.938057299483006]",1.3298300910613173e-12,21.02448390046836,7.369682287722322,0.8491150141178745,0.6875,0.8419865954378573,0.393317251969609,-0.3194669438096875,-0.9565692386838748,6.434343360426797,7.102547994918111,0.1241506732366987,0.2229008870769566,0.5345243080342988,0.4500623023005757,-0.501707162028274,36.39027223640427,16.786485205937232,"[1.2882988707431862, 13.156930602130664]",13.219853889118465,31.17036678318401,15.859567258210912,"[-5.041924600687699, 6.236181641476209]",8.019411770479474,8.618560853580075,0.3715861108852739,0.2873498964226822,0.4544539169921772,0.4074698452049798,-1.5415504299490288,0.5,0.8966142219696038,WT,320015,6.685938307105794,1.711847489165084,31,,,,,32
2482,2482,29,17,Wild_Type_Exo84,55,49.22700656359326,44.50615407874876,46.27237175768597,28.493257602336044,9.044522448800723,57.0,0.7034550485667828,1.138176263371998,"[18929.667378873815, 54696.26361787762]",[18921.19 54707.25],[18925.87545455 54688.05236364],"[-1.2000509096497982, 1.7141313184517446]",14.79113950085782,15.76170732947788,2.092455104093855,0.2533746673619383,0.8125,0.6263935395322651,0.1848911215633037,-0.0384680070717071,-0.8211461079118539,5.80145712825367,12.429303972577989,0.0571330826298575,0.3117449172266245,0.6128503259769843,0.3838854848922256,-1.9633762760621325,34.9591625815926,13.11272549468642,"[4.360264214476807, 13.875159350369255]",14.544138029398182,30.745992101106367,12.7876735344232,"[3.37959090136151, 9.317075337276828]",9.911081046034164,13.730879656053473,0.432077926713954,0.1417551841014763,0.5369017053273853,0.2764069599191856,-1.8811464033802807,0.5,0.5148185546377462,WT,320017,1.8790768247579737,0.4724709520207566,28,,,,,32
2483,2483,29,18,Wild_Type_Exo84,67,66.06656501565689,62.89408938388378,65.031969248436,43.0548438220815,11.812535388160434,66.0,0.691123208289528,-0.6410989038285854,"[20940.30670463654, 57141.59644169129]",[20935.56 57128.75],[20949.77373134 57134.53164179],"[-7.624566096403763, -11.288054557601685]",29.849171002971733,19.233298134572923,13.621827478492811,0.3093996747599429,0.625,1.3365276357583284,0.2709057708338417,-0.0543033020604879,-0.6478703869620133,7.067229592599925,22.886272592934912,0.0295372728756548,0.2110986998816286,0.4276121258830302,0.5715154236280391,0.8050132999284798,45.01526530432904,19.530752988770303,"[2.0810149383820837, 1.961199598126152]",2.8595326606736924,41.9231043961894,18.41660778718202,"[-7.663701030900602, -4.448441087988826]",8.861204297629873,18.21291434565202,0.0261992109637605,0.2430230089969973,0.4201866044337505,0.5791269969111258,-2.7482809849366747,0.5625,1.378261445748766,WT,320018,2.532545485412734,0.330180483525807,41,,,,,32
2484,2484,29,21,Wild_Type_Exo84,49,60.73793934544723,56.415494415297545,56.6563279757036,31.843282756991428,3.727414268155667,57.0,0.5475935549649878,-1.533457110281988,"[30332.270853610244, 56541.54706105567]",[30337.35 56525.96],[30332.41      56537.8222449],"[-0.2666515988360258, 15.883637521708007]",29.37078021535861,15.14554353421311,15.885875613140506,0.2325934529988255,0.5,1.0963295836000593,0.2152076506493416,-0.0269212106379297,-0.5378230279790233,5.168570896080542,16.81041371984188,0.0738643092501645,0.0827017963340426,0.4744216136620321,0.5201224501569639,-3.1208650581797066,40.88334713775857,19.32330236038719,"[-5.484693727470751, 4.187551849559561]",6.900540252538689,38.15607121740559,17.055920407682628,"[10.926638325208662, 1.888954587398947]",11.08871383539021,10.052101235396716,0.1559823731475407,0.0527794724652493,0.4691662388302146,0.5065032604370469,-0.9918973763612136,0.4375,1.079581646155797,WT,320021,1.6281541709917784,0.1784669518361301,32,,,,,32
2485,2485,29,22,Wild_Type_Exo84,46,70.97494788205887,67.6564772308131,67.95911856678778,48.04245690610163,4.576051518006574,54.0,0.6456588855602468,-0.8918342960521306,"[22323.83869689715, 47796.979893196476]",[22321.62 47774.5 ],[22326.7123913  47793.41869565],"[-3.97908438687175, -26.48854045584429]",1.232603101663764e-11,12.690177431795586,26.785740386234355,0.5192182321633764,0.25,0.4998081213163108,0.2404754435713796,-0.1194433767751624,-0.9566242903208024,4.7466467412984565,15.14527600999153,0.310443439634164,0.437119071815472,0.6024936509845275,0.3011312198035817,-2.885063692315991,51.70833997149083,13.843078678789697,"[21.44863475241926, 0.24403759849076234]",21.45002300912902,48.95896778065683,13.601757181493245,"[19.422405664692143, -1.222385936285722]",19.46083423651449,25.49782105955464,0.4312891192631563,0.4700208301029102,0.5183291550433754,0.2956605405618357,-3.06620647533727,0.375,0.5704107856659036,WT,320022,3.521509383786964,0.3704600594571303,28,,,,,32
2486,2486,29,23,Wild_Type_Exo84,93,78.97777449708508,78.97777449708508,79.34946719970486,50.918539162079526,5.479511018555589,91.0,0.6258018095588526,1.2326617692507431,"[39406.017024727866, 40867.635496786286]",[39404.   40895.19],[39407.83473118 40872.80473118],"[-1.289990990363646, -3.636491760026683]",27.374195815787267,30.73201292066175,3.858516434584845,0.8199178781045217,0.75,0.8073357448580261,0.5868600148231159,-0.4005464731496861,-0.8324305984787848,9.809736598683475,21.31266896133129,0.0409523780634116,0.2984930528682801,0.5523726875713255,0.4459502151596258,-1.8848201401601483,57.66358638247084,22.057503932457543,"[5.719765626860329, 10.487192086055108]",11.945581470821327,54.6831191838448,21.577585805928983,"[9.426735155657614, 13.586026630319761]",16.536125764358133,21.16326952162475,0.2234794982199367,0.2086294614121612,0.5446373321958917,0.4054195816794735,-2.093726099824325,0.5625,0.7443844880131257,WT,320023,7.907001669134399,0.5787698883200026,61,,,,,32
2487,2487,29,24,Wild_Type_Exo84,76,52.131304167027714,52.131304167027714,52.30544703380303,37.50130208173321,3.04615140681467,79.0,0.5829385354848129,0.2955959023815484,"[34695.97622723702, 49106.04394154761]",[34705.16 49108.28],[34698.89026316 49106.93131579],"[0.38265919993822, 1.4133625769793552]",19.70141622447873,20.72878461587209,1.4642478742696137,0.3699399905373443,1.0,0.9801482588148136,0.2712658632551006,-0.0821262747250693,-0.8183813012786466,8.016558940859616,15.901380665770905,0.0514790279798118,0.0377583099912493,0.5036743613709015,0.4936755483073523,2.3819514141612137,37.46598843198974,14.350945153701751,"[0.13200356221243983, -4.137036537091958]",4.1391419702240935,35.285389410855835,13.857410265323397,"[4.0882950433838605, -5.814170316399033]",7.107653116877095,17.73785564666355,0.1449632449259526,0.0711618115836734,0.4821696899687218,0.4968159676518165,1.824160936251547,1.0,1.030375774313074,WT,320024,3.2250620678533544,0.5290605733863215,32,,,,,32
2488,2488,29,26,Wild_Type_Exo84,53,72.2051976499478,69.52798153306811,69.54101602549466,54.01635229371245,0.9616879811988364,52.0,0.8522920172610076,-1.2761008669611438,"[16921.539509464656, 61218.567316942084]",[16911.31 61228.1 ],[16921.26018868 61219.48754717],"[0.9994394040294496, -2.3274971923904078]",24.829846072363004,24.274275247631564,2.5330065737995966,0.7402592719888762,0.375,0.36853526220389,0.5581520729376501,-0.3306856706028965,-0.8003482110071541,5.485014012167106,17.807094798071052,0.0809133685379427,0.525117985988631,0.7259243179397407,0.2675287088521023,0.1931389948945298,49.2029365333142,18.764254975521283,"[-6.089012467548113, -10.145188863800815]",11.832198862094248,44.958126086336215,18.38689140466361,"[-7.402092114498414, -5.274875443173974]",9.089294725803509,18.19368201971941,0.2357439915926452,0.5445484589449575,0.7169773948076252,0.2274473756203415,1.156940834618891,0.3125,0.3172308879854835,WT,320026,5.389168846637815,2.3785871136469554,33,,,,,32
2489,2489,29,27,Wild_Type_Exo84,88,78.58434801663688,78.58434801663688,78.96903090262738,47.7945640137694,5.560799774543066,94.0,0.5610547150845245,-1.0681687470026613,"[17612.330515223377, 61291.83292533769]",[17613.5  61283.88],[17615.00931818 61286.95988636],"[-0.8985857805118715, -3.4956002105512316]",28.039745900333536,25.49510521898512,3.6092488466360897,0.5022695951399019,0.5625,1.0744499481524088,0.3893595619711398,-0.1525661248567872,-0.7801361123520383,9.282331405205872,17.200568952455036,0.0399265608017561,0.1510584592798857,0.4812870373815311,0.5171188323610125,0.242594114136631,56.14956781988779,24.863452886494688,"[0.34693830331711367, 1.3741979369021817]",1.417316533486705,51.46862322618862,23.849884683512965,"[-7.772669948125045, 2.580038451184714]",8.189688427045184,17.515187632601556,0.0377065304130628,0.1524613870211942,0.479362713818742,0.5192155037454665,-0.1542718491615448,0.4375,1.0831370250081525,WT,320027,4.711706449448658,1.198232096515266,59,,,,,32
2490,2490,29,28,Wild_Type_Exo84,51,68.2106381430356,64.90551457666834,69.68485143871018,46.67551652494999,18.116019204643667,54.0,0.6567347038182727,-0.974244209385448,"[37235.508029039775, 47707.789328494466]",[37244.44 47714.31],[37245.6854902  47692.80235294],"[-12.483907481667833, 0.08106793761848144]",1.0112795632229892e-20,30.20014631587188,12.484170698182233,1.9763489578330848,0.5625,0.8745806023601799,0.9154791142786144,-1.730711690399822,-0.956560971654,5.274051934776064,14.823803781410172,0.1321124805616302,0.1367969748758274,0.5241419287294362,0.4584043637504167,-1.2163435676099406,48.757260249831326,15.716504224810295,"[-7.03798065276531, 16.8920621640276]",18.299588405810432,47.8388223112688,15.322462010815563,"[-6.783169269628739, 20.849970281858127]",21.9256162078698,25.703952060941823,0.4399952829715571,0.1502712877959332,0.4057160734913891,0.4006880774713903,-1.139754197527273,0.5625,0.9876071066725792,WT,320028,14.113954632190229,2.457536096625236,34,,,,,32
2491,2491,29,30,Wild_Type_Exo84,33,50.53789244732577,50.53789244732577,63.43723886599333,28.87476737420304,27.38803460923824,34.0,0.7606334832286308,-0.2670527289575958,"[30174.150236845955, 35777.397425830444]",[30161.   35781.19],[30147.7330303  35784.62484848],"[4.365566482454048, -3.1611120067038514]",6.249294246814317e-23,25.55054155223317,5.389879389341978,1.5545913804513516,0.375,2.320410546923312,0.720133282873517,-1.0708692637149446,-0.9565492041069028,3.4808742769522016,10.158661186715296,0.0841974374426959,0.3934423029650247,0.299032537542116,0.6938782539859673,2.6950156279195743,45.53093547096918,14.716408544138492,"[26.882877608672036, -6.8757300393909935]",27.74823908101961,38.8640457970162,14.249592772764398,"[19.675893447991704, -4.819009686698285]",20.257434125209805,21.088753403393383,0.620499127605475,0.0862610430815803,0.1758892672329955,0.439091565407849,2.900677155022725,0.4375,2.4964090891697044,WT,320030,8.930447574770824,0.5615707831164012,23,,,,,32
2492,2492,29,32,Wild_Type_Exo84,96,62.85213749964316,52.5501061944681,53.75388161383191,31.931303778099505,8.080151023547664,112.0,0.6256921180397798,0.5423385961846995,"[25673.954110151357, 42989.18065330524]",[25730.69 43010.09],[25680.87479167 42993.35114583],"[6.386911215239838, -7.447779707553031]",9.490486290170688e-12,19.574606813202703,9.81132292015685,0.5251090421629941,0.8125,0.7728774158209836,0.2432496145896451,-0.1221817317276253,-0.9565432661084616,9.493293482596911,6.722025678286637,0.2127942804570147,0.1280377422430866,0.5385135969836192,0.4162049972211622,2.1842820369751057,36.61943269209274,15.469627593378169,"[11.121162509320651, -8.778426503397188]",14.1683106767979,36.78899249041525,14.880713910161392,"[10.652707971743865, -16.140094025356674]",19.33863548130037,13.727890322771154,0.5852349913232476,0.2553179622410542,0.3565330302944803,0.3009669746363979,2.3552816003135053,0.6875,0.8441489260835457,WT,320032,5.144996850483814,0.9684410431735004,47,,,,,32
2493,2493,29,33,Wild_Type_Exo84,60,77.69201285399618,77.69201285399618,106.67416032967628,54.58063571255303,52.21290608269044,63.0,0.8189481709439649,0.966787287558532,"[32009.02868406914, 37710.3243680293]",[32027.06 37725.69],[32038.68283333 37753.299     ],"[-21.004307492914577, 24.335203682501398]",1.0504139015441703e-14,21.37452300501179,32.14627616887743,1.559916439327572,0.25,0.6755055150346287,0.7224692749532902,-1.0781108155909598,-0.9566271132563964,6.328862321731276,17.075453037829853,0.1250242982705878,0.5114052484616238,0.587505630992568,0.3968632938493792,-0.4397832827171598,59.87338833890536,22.367551004482188,"[5.221139191654435, 21.861966305677846]",22.47678502831807,52.27503794567357,21.52007744960638,"[-8.910375311385112, 6.0647977726162186]",10.778523099779116,25.301232902331027,0.4131557016687078,0.4336539556219502,0.4979657488750916,0.3313366173035461,-1.7346529884456838,0.3125,0.6653803360010964,WT,320033,12.083060781981718,0.8024325613405476,36,,,,,32
2494,2494,29,34,Wild_Type_Exo84,37,72.25884828574313,72.25884828574313,74.57826180388562,45.92884701541785,13.18192907492611,36.0,0.5933673895863749,0.4360195680615852,"[37561.988670634564, 46615.145515350836]",[37555.57 46632.69],[37573.9372973 46620.7127027],"[9.463891081311123, -1.8690640184505385]",1.2744883756863132e-15,19.765009608400845,9.646690349751395,1.1688450155335128,0.1875,0.8758250459971764,0.5414476395309942,-0.6053679307573306,-0.9565463452071212,3.691836354343245,7.27416810577658,0.1463232654774694,0.1152944263512081,0.5216848469254756,0.4569046550545345,1.83541200391444,53.52379567712418,23.82236034104528,"[24.128191497773166, -11.38919082399416]",26.681141140861385,46.713358494376166,22.57891683408938,"[3.459636087171485, -20.24016138541699]",20.533709230516152,16.415040036507264,0.5334706879399761,0.3736735678209726,0.2956150918227636,0.4197939332860849,2.604717949954892,0.1875,1.4200693567355924,WT,320034,7.109806664213092,2.9257476118377768,26,,,,,32
2495,2495,29,35,Wild_Type_Exo84,69,72.6806963469665,70.1950606265468,70.19546543837811,47.58408876767266,0.1702814985475194,67.0,0.6382878992290147,0.1843121692154251,"[19956.430863506706, 55439.84429968866]",[19923.81 55434.63],[19956.59826087 55439.87550725],"[-3.64115039322076, -9.199040380670771]",5.08868454718653e-16,32.79260682835432,9.893448342780344,1.8834725680151447,0.5625,1.3401660809012272,0.8724789228020541,-1.5718896124104889,-0.956550274289216,7.278191669990967,12.838267149884391,0.1131714545917043,0.1567422637249585,0.4218470774029071,0.5653451444626907,-2.83311342381706,56.11410690843246,20.30825122794822,"[23.934048557639017, 7.874134828685251]",25.19604492097393,51.538452042406654,19.945193393527223,"[21.955012644101505, 7.618916195093979]",23.23941617576746,23.688943798489184,0.4702172357506553,0.1356995692921059,0.3538989080689232,0.4249968431340895,-2.8178904164858385,0.5625,1.2008989952896936,WT,320035,15.645298178626188,2.207046712000854,46,,,,,32
2496,2496,29,36,Wild_Type_Exo84,45,57.4211060794015,53.57936102495062,55.24495141059395,32.830277282471606,9.61654421881704,48.0,0.6342072990641565,0.3675624927662087,"[29683.020661355677, 35305.51051524931]",[29672.44 35301.75],[29674.04644444 35302.05488889],"[4.484292147139386, -8.51228187873844]",1.253249380110877e-28,26.88146433845458,9.621217118639136,1.8193125430010733,0.4375,1.0399109400411783,0.8428041934914959,-1.4666653719700309,-0.956526567061478,4.7466467412984565,11.199833630830618,0.1017138655395322,0.1529793965827779,0.4851458316788224,0.5045084578781835,2.247276507547189,39.581577501184505,15.502005552966498,"[9.823918622836388, -2.3504446920775655]",10.101186433217991,36.96667142264126,15.020329332465982,"[7.977241707364981, -7.990080985442771]",11.290605803572166,16.779453523867353,0.288296203779075,0.2462096592518805,0.444132568210946,0.4727527306756282,2.8364071780780056,0.375,1.0644405848910603,WT,320036,12.20431955540523,0.4368064587109792,27,,,,,32
2497,2497,29,40,Wild_Type_Exo84,47,72.15016672679906,69.10026564652345,69.10436770059663,45.79331083078287,0.5378162947639787,47.0,0.5603044252621703,0.827586781845184,"[35239.06055222465, 36797.327622559926]",[35244.62 36795.38],[35239.42446809 36797.72361702],"[-9.426941541578522, 9.763401798095158]",4.991316708708716e-13,25.05773118060948,13.571707390722311,1.480693850519637,0.4375,1.2547273641852283,0.6858837543149714,-0.971467411057415,-0.9565605087005368,4.7466467412984565,9.76371826534225,0.1192171080937062,0.1484221832493727,0.4372090820363992,0.5485781991013744,-0.7692947226684104,51.86135267895269,20.09358535340122,"[-21.481202516979884, 11.943241621381587]",24.57810167613041,49.892356064296486,19.596956777804124,"[-25.769260371778305, 10.710076134115088]",27.90628085050112,23.612298105381072,0.5222216246106801,0.2516404960393434,0.3219436547823638,0.4053409200066182,-0.409530575610129,0.4375,1.259043046773609,WT,320040,10.151125608100484,2.283407049146902,33,,,,,32
2498,2498,29,41,Wild_Type_Exo84,51,59.9293697892352,54.2108900008004,54.42877093185229,34.99344866000612,3.4751677740368963,64.0,0.5415152280766241,0.4299474239209409,"[18263.042095748795, 40844.3732348071]",[18261.88 40844.19],[18266.20098039 40845.82176471],"[4.9158715582582815, 3.400953804592911]",5e-324,19.48043814902923,5.977648363551314,0.8970797634250827,0.5,1.2039118378100837,0.4155411725597238,-0.3565813165509071,-0.9565627468488724,5.0630898573850205,6.548619318152349,0.0858455935218707,0.1448679637262582,0.4503948465829762,0.5422356874899016,1.0196059797012291,35.23375731578765,15.823902036911417,"[-6.119242459030746, -5.425142719682983]",8.177854351927156,32.71406998500694,15.219116889128,"[-7.993124109993139, -8.639914050387091]",11.770222930591837,10.56112206425517,0.261013165908937,0.1904537840566292,0.4339662102461095,0.4979059169760844,0.7483623438041584,0.5,1.1473379844336582,WT,320041,6.40643092519438,1.5994871686762326,33,,,,,32
2499,2499,29,43,Wild_Type_Exo84,33,56.5565706373671,49.62160297594794,51.62431486792074,40.78669082482982,10.171147760954668,40.0,0.6585764841684912,1.2185018592443997,"[21839.323213917552, 48113.54616815901]",[21825.19 48102.62],[21835.81363636 48103.99969697],"[-3.5564015596729828, 4.414522228129153]",2.3701984489286327e-17,21.239448877190085,5.668862192388416,0.9570190100352332,0.3125,0.8279909234345197,0.4433583441348881,-0.4058502190463829,-0.9565118035353016,3.3753932382566805,6.907588834842549,0.0276664959810701,0.2175813072067088,0.5466299379226227,0.4526046270775066,-0.0394674213825456,35.35519788464503,15.669077536251036,"[-12.50642479569093, -3.477600027703793]",12.98092304587614,35.97828168890161,14.750974037254643,"[-20.428110304372694, -6.962761904422836]",21.58211629904028,15.165394387924458,0.3466368060147827,0.1469982146404481,0.4477187480207109,0.4321241766951591,0.2748363792130969,0.4375,0.9651688221802354,WT,320043,5.497655657075204,1.4018657525839495,22,,,,,32
2500,2500,29,44,Wild_Type_Exo84,61,73.61138413299473,67.82964912284264,71.71685474799798,41.94597550072432,16.636049417263624,78.0,0.6255958283388618,1.2134329271919475,"[26288.612822972183, 41626.60485940736]",[26289.5  41599.75],[26282.79344262 41611.01983607],"[-9.288895889783388, -1.3218152970614123]",5.032539729725634,21.38608053156669,9.382472090594264,0.7506249079841092,0.4375,0.7225014621360198,0.3925673998238726,-0.2761700297178383,-0.9372152437231616,6.223381283035756,8.72765658818239,0.1438257696869275,0.2388678240816566,0.5685418384258126,0.4107723095481503,-1.7900332819634177,62.11080951085989,21.237334774203365,"[15.212749834926928, 36.945398827570216]",39.95485267233876,50.58281006627679,20.55379942552785,"[14.741727416377008, 23.85902270309409]",28.04588190029904,29.52880658269209,0.7206060171699019,0.3123064480604091,0.3271877645197136,0.1535392034988171,-1.9597558330190084,0.3125,0.4692693925281735,WT,320044,5.862567944310351,2.499246286041863,40,,,,,32
2501,2501,29,45,Wild_Type_Exo84,51,63.98258527860068,61.10753318401439,63.50185069978858,36.4247332007677,12.337813752637691,53.0,0.605108574926507,0.5871604482247126,"[26519.442872269883, 48922.432899230334]",[26531.22 48925.35],[26529.71431373 48929.26803922],"[-4.73092677203686, 3.872230845059544]",32.416507537615644,13.530941805741808,6.113578317140107,0.1660409431065082,0.6875,1.2401406143725768,0.1584659791468366,-0.0114451879235154,-0.4349824128763853,5.168570896080542,19.42445233054042,0.0621473187030437,0.1426832457407834,0.4446764209295061,0.5514612898485163,1.4020638362988316,40.735063347743264,13.935035938770744,"[-0.4087781588069166, -4.0223012944205685]",4.0430195752945535,38.25815643060926,13.717230774874118,"[0.6539515244336451, -3.3380115274455235]",3.4014663828514147,21.58717697987118,0.1203904676410731,0.1661383877945992,0.439687412842661,0.5458187224585029,1.3380183970417054,0.75,1.2413790036191468,WT,320045,1.185769511402884,0.3032579227114694,30,,,,,32
2502,2502,29,47,Wild_Type_Exo84,52,56.09377228512593,51.4650357566228,53.27146496125979,35.555158367227214,9.824975299554248,52.0,0.5897925189763001,-0.0194583729865763,"[15043.83573080235, 55931.08058904686]",[15063.19 55940.12],[15053.65884615 55930.88942308],"[2.5942857917271755, 4.574199868484087]",1.2898932163830674e-13,23.9044711826871,5.258671239581092,0.9428708860414312,0.625,0.7203630545456051,0.4367801760831474,-0.3939273284208807,-0.9565352207041072,5.168570896080542,8.029258436408938,0.1428018015097857,0.1565665811450666,0.5694191367904613,0.4101885086950984,0.8721191628855969,33.06250951173431,14.17145349139711,"[-4.396213928591703, 6.021237229290488]",7.455333304241836,30.020078595426263,13.837118428757488,"[-3.9778632344595173, 6.865799536930113]",7.9348975540566675,10.381458636266288,0.1650906316459313,0.1958579007461364,0.5572829279785896,0.4154621553641578,-0.3456118600027712,0.8125,0.745513875458463,WT,320047,6.799138651529087,0.4673398599971606,34,,,,,32
2503,2503,29,48,Wild_Type_Exo84,43,70.97119933806555,66.3017904148784,68.48510949754306,46.5425233504139,12.253337959885611,50.0,0.6483088217380842,1.1994766379904358,"[39139.452071012376, 49636.41801449706]",[39153.66 49629.75],[39143.89813953 49647.83627907],"[-1.9906331273775997, 3.1023143403085793]",33.12108130595615,19.97018560161628,3.686051344446707,0.3280497031392502,0.375,0.8767078888272671,0.292742059022911,-0.0591715736864871,-0.6161526879079794,4.535684663907414,19.28945759174238,0.072032854595657,0.1213571471866365,0.5300831705249809,0.4647280973338202,1.7919821735701744,49.625137492306415,17.34073954394565,"[-2.406518725108498, -14.630202680798513]",14.82680555128251,45.23729972093548,16.90380807199485,"[0.45682585726444014, -9.440509295433941]",9.45155572490794,25.66998271839442,0.2983950639360985,0.1265182002702591,0.5116499329619811,0.3993104528565905,1.4383933428435136,0.5,0.7804368321616919,WT,320048,2.1511657612511543,0.4193982410465186,34,,,,,32
2504,2504,29,50,Wild_Type_Exo84,49,76.27858192599051,71.86892763573316,74.24246596690091,43.83635679496896,13.301852589551425,51.0,0.6708616117409715,0.3356383791162152,"[36672.354918501194, 50562.75207404664]",[36676.88 50530.19],[36659.79530612 50558.37081633],"[9.38499471353174, -1.1946457313458478]",2.093936352481198e-20,26.79079804619704,9.460724295551666,1.7433646229992772,0.25,1.308913783978012,0.8075970792834726,-1.3467463857512345,-0.9565393709743316,5.168570896080542,8.332515206412525,0.0593321506329667,0.2179857706968309,0.4315794304733366,0.5649002654279304,1.0430053687505645,52.43160315091682,26.21952997627275,"[8.595971563521973, -6.317069236354973]",10.667525057752655,48.31539784698845,24.34778479795493,"[-4.976420719879333, -16.344742663668303]",17.085531186439102,12.159299389321545,0.292182478918091,0.3081811748772143,0.3481939372678904,0.566435461745389,2.3141248543003696,0.25,1.6267815177654563,WT,320050,12.20355236099494,2.935741824045575,34,,,,,32
